branch_id,branch_type,from_bus,to_bus,pypsa_v1_component,exclusion_reason,closure_semantics_hint,operational_status,closure_flag,tap_ratio_hint,v_nom_bus0_kv,v_nom_bus1_kv,voltage_pair_status,source_row_number
WAANDE__WTAAVK__L1,line,WAANDE,WTAAVK,line,out_of_service_base_case,binary_switch_state,out_of_service,1,,138.0,,missing_bus_v_nom,274
WAHO1E__WAHONF__T2,transformer,WAHO1E,WAHONF,transformer,out_of_service_base_case,binary_switch_state,out_of_service,1,,138.0,69.0,different_voltage_ok,67
WAIZSF__WXZSPF__L1,line,WAIZSF,WXZSPF,line,out_of_service_base_case,binary_switch_state,out_of_service,1,,69.0,69.0,same_voltage_ok,738
WBANIF__WXPIDF__L1,line,WBANIF,WXPIDF,line,out_of_service_base_case,binary_switch_state,out_of_service,1,,69.0,69.0,same_voltage_ok,565
WBARCE__WCC21E__L1,line,WBARCE,WCC21E,line,out_of_service_base_case,binary_switch_state,out_of_service,1,,138.0,138.0,same_voltage_ok,602
WBARCE__WCC21E__L2,line,WBARCE,WCC21E,line,out_of_service_base_case,binary_switch_state,out_of_service,1,,138.0,138.0,same_voltage_ok,603
WBAYOF__WMLTPF__L1,line,WBAYOF,WMLTPF,line,out_of_service_base_case,binary_switch_state,out_of_service,1,,69.0,69.0,same_voltage_ok,155
WBAYOF__WXCBAF__L1,line,WBAYOF,WXCBAF,line,out_of_service_base_case,binary_switch_state,out_of_service,1,,69.0,69.0,same_voltage_ok,142
WBON2F__WFALCF__L1,line,WBON2F,WFALCF,line,out_of_service_base_case,binary_switch_state,out_of_service,1,,69.0,69.0,same_voltage_ok,331
WBON3E__WFALCE__L1,line,WBON3E,WFALCE,line,out_of_service_base_case,binary_switch_state,out_of_service,1,,138.0,138.0,same_voltage_ok,335
WCANAE__WCANAF__T1,transformer,WCANAE,WCANAF,transformer,out_of_service_base_case,binary_switch_state,out_of_service,1,,138.0,69.0,different_voltage_ok,416
WCANAE__WCANAF__T3,transformer,WCANAE,WCANAF,transformer,out_of_service_base_case,binary_switch_state,out_of_service,1,,138.0,69.0,different_voltage_ok,419
WCANAE__WZFSAE__L1,line,WCANAE,WZFSAE,line,out_of_service_base_case,binary_switch_state,out_of_service,1,,138.0,138.0,same_voltage_ok,426
WCANAF__WXHMSF__L1,line,WCANAF,WXHMSF,line,out_of_service_base_case,binary_switch_state,out_of_service,1,,69.0,69.0,same_voltage_ok,370
WCANAF__WZFSAF__L1,line,WCANAF,WZFSAF,line,out_of_service_base_case,binary_switch_state,out_of_service,1,,69.0,69.0,same_voltage_ok,428
WCATAF__WXKVEF__L1,line,WCATAF,WXKVEF,line,out_of_service_base_case,binary_switch_state,out_of_service,1,,69.0,69.0,same_voltage_ok,146
WCC21E__WKQAZE__L1,line,WCC21E,WKQAZE,line,out_of_service_base_case,binary_switch_state,out_of_service,1,,138.0,138.0,same_voltage_ok,600
WCC21E__WKQAZE__L2,line,WCC21E,WKQAZE,line,out_of_service_base_case,binary_switch_state,out_of_service,1,,138.0,138.0,same_voltage_ok,599
WCNPEE__WMETRE__L1,line,WCNPEE,WMETRE,line,out_of_service_base_case,binary_switch_state,out_of_service,1,,138.0,138.0,same_voltage_ok,26
WDAJAF__WYAMAF__L1,line,WDAJAF,WYAMAF,line,out_of_service_base_case,binary_switch_state,out_of_service,1,,69.0,69.0,same_voltage_ok,165
WEABAF__WXNAGF__L1,line,WEABAF,WXNAGF,line,out_of_service_base_case,binary_switch_state,out_of_service,1,,69.0,69.0,same_voltage_ok,316
WESM3F__WEMB3F__L1,line,WESM3F,WEMB3F,line,out_of_service_base_case,binary_switch_state,out_of_service,1,,69.0,69.0,same_voltage_ok,130
WESP1E__WNAV2E__L2,line,WESP1E,WNAV2E,line,out_of_service_base_case,binary_switch_state,out_of_service,1,,138.0,138.0,same_voltage_ok,831
WGIRAE__WPIZAE__L1,line,WGIRAE,WPIZAE,line,out_of_service_base_case,binary_switch_state,out_of_service,1,,138.0,138.0,same_voltage_ok,648
WGU1AD__WGU1BD__L1,line,WGU1AD,WGU1BD,line,out_of_service_base_case,binary_switch_state,out_of_service,1,,,,missing_bus_v_nom,813
WHENUF__WXALDF__L1,line,WHENUF,WXALDF,line,out_of_service_base_case,binary_switch_state,out_of_service,1,,69.0,69.0,same_voltage_ok,11
WHNS1F__WINVBF__L1,line,WHNS1F,WINVBF,line,out_of_service_base_case,binary_switch_state,out_of_service,1,,69.0,69.0,same_voltage_ok,89
WINVIF__WINVBF__L1,line,WINVIF,WINVBF,line,out_of_service_base_case,binary_switch_state,out_of_service,1,,69.0,69.0,same_voltage_ok,94
WITA1E__WXMETE__L1,line,WITA1E,WXMETE,line,out_of_service_base_case,binary_switch_state,out_of_service,1,,138.0,138.0,same_voltage_ok,193
WJSAUD__WBON3D__L2,line,WJSAUD,WBON3D,line,out_of_service_base_case,binary_switch_state,out_of_service,1,,345.0,138.0,line_voltage_mismatch,801
WJSAUE__WMETRE__L1,line,WJSAUE,WMETRE,line,out_of_service_base_case,binary_switch_state,out_of_service,1,,138.0,138.0,same_voltage_ok,225
WKDMBF__WKDMEF__L1,line,WKDMBF,WKDMEF,line,out_of_service_base_case,binary_switch_state,out_of_service,1,,69.0,69.0,same_voltage_ok,36
WKQAZE__WSJU2E__L1,line,WKQAZE,WSJU2E,line,out_of_service_base_case,binary_switch_state,out_of_service,1,,138.0,138.0,same_voltage_ok,675
WLCBOF__WXLCBF__L1,line,WLCBOF,WXLCBF,line,out_of_service_base_case,binary_switch_state,out_of_service,1,,69.0,69.0,same_voltage_ok,293
WLCUAF__WAHOBF__L1,line,WLCUAF,WAHOBF,line,out_of_service_base_case,binary_switch_state,out_of_service,1,,69.0,69.0,same_voltage_ok,41
WLMINF__WXGRCF__L1,line,WLMINF,WXGRCF,line,out_of_service_base_case,binary_switch_state,out_of_service,1,,69.0,69.0,same_voltage_ok,43
WLROME__WHGUEE__L1,line,WLROME,WHGUEE,line,out_of_service_base_case,binary_switch_state,out_of_service,1,,138.0,138.0,same_voltage_ok,753
WMETEE__WMETEF__T1,transformer,WMETEE,WMETEF,transformer,out_of_service_base_case,binary_switch_state,out_of_service,1,,138.0,69.0,different_voltage_ok,196
WMETEF__WXMETF__L1,line,WMETEF,WXMETF,line,out_of_service_base_case,binary_switch_state,out_of_service,1,,69.0,69.0,same_voltage_ok,197
WMETRE__WMETRF__T1,transformer,WMETRE,WMETRF,transformer,out_of_service_base_case,binary_switch_state,out_of_service,1,,138.0,69.0,different_voltage_ok,226
WMETRE__WPARAE__L2,line,WMETRE,WPARAE,line,out_of_service_base_case,binary_switch_state,out_of_service,1,,138.0,138.0,same_voltage_ok,223
WMLTPF__WXCBAF__L1,line,WMLTPF,WXCBAF,line,out_of_service_base_case,binary_switch_state,out_of_service,1,,69.0,69.0,same_voltage_ok,143
WNAG2E__WMAT1E__L1,line,WNAG2E,WMAT1E,line,out_of_service_base_case,binary_switch_state,out_of_service,1,,138.0,138.0,same_voltage_ok,515
WNAG2E__WNAG2F__T2,transformer,WNAG2E,WNAG2F,transformer,out_of_service_base_case,nonbinary_control_value_on_out_of_service_branch,out_of_service,0.6875,,138.0,69.0,different_voltage_ok,208
WNAG2E__WRSJUE__L1,line,WNAG2E,WRSJUE,line,out_of_service_base_case,binary_switch_state,out_of_service,1,,138.0,69.0,line_voltage_mismatch,514
WNAG2F__WXNAGF__L1,line,WNAG2F,WXNAGF,line,out_of_service_base_case,binary_switch_state,out_of_service,1,,69.0,69.0,same_voltage_ok,513
WPAK2E__WKQAZE__L1,line,WPAK2E,WKQAZE,line,out_of_service_base_case,binary_switch_state,out_of_service,1,,138.0,138.0,same_voltage_ok,683
WPAK2E__WPAK5E__L1,line,WPAK2E,WPAK5E,line,out_of_service_base_case,binary_switch_state,out_of_service,1,,138.0,138.0,same_voltage_ok,689
WPAL1E__WVALDE__L1,line,WPAL1E,WVALDE,line,out_of_service_base_case,binary_switch_state,out_of_service,1,,138.0,138.0,same_voltage_ok,214
WPALAF__WXBA2F__L1,line,WPALAF,WXBA2F,line,out_of_service_base_case,binary_switch_state,out_of_service,1,,69.0,69.0,same_voltage_ok,158
WPALBF__WPALAF__L1,line,WPALBF,WPALAF,line,out_of_service_base_case,binary_switch_state,out_of_service,1,,69.0,69.0,same_voltage_ok,100
WPALBF__WXPFLF__L1,line,WPALBF,WXPFLF,line,out_of_service_base_case,binary_switch_state,out_of_service,1,,69.0,69.0,same_voltage_ok,108
WPDORF__WPDORE__L1,line,WPDORF,WPDORE,line,out_of_service_base_case,binary_switch_state,out_of_service,1,,69.0,138.0,line_voltage_mismatch,415
WPIZAE__WCALAE__L1,line,WPIZAE,WCALAE,line,out_of_service_base_case,binary_switch_state,out_of_service,1,,138.0,138.0,same_voltage_ok,656
WPIZAE__WJIGUE__L1,line,WPIZAE,WJIGUE,line,out_of_service_base_case,binary_switch_state,out_of_service,1,,138.0,138.0,same_voltage_ok,668
WPIZAF__WPIZAE__T1,transformer,WPIZAF,WPIZAE,transformer,out_of_service_base_case,binary_switch_state,out_of_service,1,,69.0,138.0,different_voltage_ok,627
WPIZAF__WPIZAE__T2,transformer,WPIZAF,WPIZAE,transformer,out_of_service_base_case,binary_switch_state,out_of_service,1,,69.0,138.0,different_voltage_ok,630
WPP22E__WZFSAE__L1,line,WPP22E,WZFSAE,line,out_of_service_base_case,binary_switch_state,out_of_service,1,,138.0,138.0,same_voltage_ok,499
WPP22E__WZFSAE__L2,line,WPP22E,WZFSAE,line,out_of_service_base_case,binary_switch_state,out_of_service,1,,138.0,138.0,same_voltage_ok,500
WPPLAF__WXPPEF__L1,line,WPPLAF,WXPPEF,auxiliary_tap_link,excluded_auxiliary_tap_link,tap_link_like,closure_fractional_or_unknown,1.05,1.05,69.0,69.0,same_voltage_ok,412
WPPLAF__WXZPPF__L1,line,WPPLAF,WXZPPF,auxiliary_tap_link,excluded_auxiliary_tap_link,tap_link_like,closure_fractional_or_unknown,1.05,1.05,69.0,69.0,same_voltage_ok,411
WQ1SPK__WQU12K__L1,line,WQ1SPK,WQU12K,line,out_of_service_base_case,binary_switch_state,out_of_service,1,,13.8,,missing_bus_v_nom,789
WSESTE__WSPBEE__L1,line,WSESTE,WSPBEE,line,out_of_service_base_case,binary_switch_state,out_of_service,1,,138.0,138.0,same_voltage_ok,712
WSIBBE__WXSI1K__T1__p2,transformer,WSIBBE,WXSI1K,transformer,out_of_service_base_case,binary_switch_state,out_of_service,1,,138.0,,missing_bus_v_nom,262
WSLCOE__WCC21E__L1,line,WSLCOE,WCC21E,line,out_of_service_base_case,binary_switch_state,out_of_service,1,,138.0,138.0,same_voltage_ok,604
WSPMAF__WCNSLF__L1,line,WSPMAF,WCNSLF,line,out_of_service_base_case,binary_switch_state,out_of_service,1,,69.0,69.0,same_voltage_ok,728
WSPMAF__WSPEVF__L1,line,WSPMAF,WSPEVF,line,out_of_service_base_case,binary_switch_state,out_of_service,1,,69.0,69.0,same_voltage_ok,723
WSPMBE__WLROME__L1,line,WSPMBE,WLROME,line,out_of_service_base_case,binary_switch_state,out_of_service,1,,138.0,138.0,same_voltage_ok,699
WSPMBE__WLROME__L2,line,WSPMBE,WLROME,line,out_of_service_base_case,binary_switch_state,out_of_service,1,,138.0,138.0,same_voltage_ok,703
WTORGF__WHAIBF__L1,line,WTORGF,WHAIBF,line,out_of_service_base_case,binary_switch_state,out_of_service,1,,69.0,69.0,same_voltage_ok,137
WXBA2F__WXBAYF__L1,line,WXBA2F,WXBAYF,line,out_of_service_base_case,binary_switch_state,out_of_service,1,,69.0,69.0,same_voltage_ok,32
WXCANF__WZFSAF__L1,line,WXCANF,WZFSAF,line,out_of_service_base_case,binary_switch_state,out_of_service,1,,69.0,69.0,same_voltage_ok,427
WXCATF__WCAYAF__L1,line,WXCATF,WCAYAF,line,out_of_service_base_case,binary_switch_state,out_of_service,1,,69.0,69.0,same_voltage_ok,150
WXCC1E__WBARCE__L1,line,WXCC1E,WBARCE,line,out_of_service_base_case,binary_switch_state,out_of_service,1,,138.0,138.0,same_voltage_ok,611
WXCCOF__WXSADF__L1,line,WXCCOF,WXSADF,line,out_of_service_base_case,binary_switch_state,out_of_service,1,,69.0,69.0,same_voltage_ok,542
WXES3K__WXES2K__L1,line,WXES3K,WXES2K,line,out_of_service_base_case,binary_switch_state,out_of_service,1,,,,missing_bus_v_nom,826
WXICAF__WXPGMF__L1,line,WXICAF,WXPGMF,line,out_of_service_base_case,binary_switch_state,out_of_service,1,,69.0,69.0,same_voltage_ok,555
WXKVEF__WXLCAF__L1,line,WXKVEF,WXLCAF,line,out_of_service_base_case,binary_switch_state,out_of_service,1,,69.0,69.0,same_voltage_ok,147
WXLC1E__WCC21E__L2,line,WXLC1E,WCC21E,line,out_of_service_base_case,binary_switch_state,out_of_service,1,,138.0,138.0,same_voltage_ok,607
WXMETE__WMETEE__L1,line,WXMETE,WMETEE,line,out_of_service_base_case,binary_switch_state,out_of_service,1,,138.0,138.0,same_voltage_ok,195
WXMETE__WPAL1E__L1,line,WXMETE,WPAL1E,line,out_of_service_base_case,binary_switch_state,out_of_service,1,,138.0,138.0,same_voltage_ok,194
WXMPAF__WMPALF__L1,line,WXMPAF,WMPALF,line,out_of_service_base_case,binary_switch_state,out_of_service,1,,69.0,69.0,same_voltage_ok,84
WXMV2F__WXGOYF__L1,line,WXMV2F,WXGOYF,line,out_of_service_base_case,binary_switch_state,out_of_service,1,,69.0,69.0,same_voltage_ok,544
WXNAGF__WNAGUF__L1,line,WXNAGF,WNAGUF,line,out_of_service_base_case,binary_switch_state,out_of_service,1,,69.0,69.0,same_voltage_ok,317
WXNAGF__WPAYIF__L1,line,WXNAGF,WPAYIF,line,out_of_service_base_case,binary_switch_state,out_of_service,1,,69.0,69.0,same_voltage_ok,319
WXPFLF__WXLALF__L1,line,WXPFLF,WXLALF,line,out_of_service_base_case,binary_switch_state,out_of_service,1,,69.0,69.0,same_voltage_ok,119
WXPS1K__WXES2K__L1,line,WXPS1K,WXES2K,line,out_of_service_base_case,binary_switch_state,out_of_service,1,,,,missing_bus_v_nom,825
WXRIEF__WCAPOF__L1,line,WXRIEF,WCAPOF,line,out_of_service_base_case,binary_switch_state,out_of_service,1,,69.0,69.0,same_voltage_ok,229
WXRINF__WXBPEF__L1,line,WXRINF,WXBPEF,line,out_of_service_base_case,binary_switch_state,out_of_service,1,,69.0,69.0,same_voltage_ok,352
WXTREFF__WMLTPF__L1,line,WXTREFF,WMLTPF,line,out_of_service_base_case,binary_switch_state,out_of_service,1,,69.0,69.0,same_voltage_ok,156
WXTREFF__WXGBOF__L1,line,WXTREFF,WXGBOF,line,out_of_service_base_case,binary_switch_state,out_of_service,1,,69.0,69.0,same_voltage_ok,29
WXZFNF__WPIISF__L1,line,WXZFNF,WPIISF,line,out_of_service_base_case,binary_switch_state,out_of_service,1,,69.0,69.0,same_voltage_ok,537
WXZPPF__WPPL2F__L1,line,WXZPPF,WPPL2F,auxiliary_tap_link,excluded_auxiliary_tap_link,tap_link_like,closure_fractional_or_unknown,1.05,1.05,69.0,69.0,same_voltage_ok,410
