loc_name,for_name,ruta
Divisor,,\VM-PF.IntUser\PDD 31-12-2024.IntPrj\Library.IntPrjfolder\User Defined Models.IntPrjfolder\Hidro_Gov\gov_HYGOV_MONCION1.BlkDef\Divisor.BlkDiv
Divisor,,\VM-PF.IntUser\PDD 31-12-2024.IntPrj\Library.IntPrjfolder\User Defined Models.IntPrjfolder\Hidro_Gov\gov_HYGOV_MONCION2.BlkDef\Divisor.BlkDiv
Divisor,,\VM-PF.IntUser\PDD 31-12-2024.IntPrj\Library.IntPrjfolder\Equipment Type Library.IntPrjfolder\Standard Models\gov_HYGOV.BlkDef\Divisor.BlkDiv
Divisor,,\VM-PF.IntUser\PDD 31-12-2024.IntPrj\Library.IntPrjfolder\User Defined Models.IntPrjfolder\Hidro_Gov\gov_HYGOV_TAVERA1.BlkDef\Divisor.BlkDiv
Divisor,,\VM-PF.IntUser\PDD 31-12-2024.IntPrj\Library.IntPrjfolder\User Defined Models.IntPrjfolder\Hidro_Gov\gov_HYGOV_LTOROS1.BlkDef\Divisor.BlkDiv
Divisor,,\VM-PF.IntUser\PDD 31-12-2024.IntPrj\Library.IntPrjfolder\User Defined Models.IntPrjfolder\Hidro_Gov\gov_HYGOV_LTOROS2.BlkDef\Divisor.BlkDiv
Divisor,,\VM-PF.IntUser\PDD 31-12-2024.IntPrj\Library.IntPrjfolder\User Defined Models.IntPrjfolder\Hidro_Gov\gov_HYGOV_LDAMAS.BlkDef\Divisor.BlkDiv
Divisor,,\VM-PF.IntUser\PDD 31-12-2024.IntPrj\Library.IntPrjfolder\User Defined Models.IntPrjfolder\Hidro_Gov\gov_HYGOV_JIGUEY2.BlkDef\Divisor.BlkDiv
Divisor,,\VM-PF.IntUser\PDD 31-12-2024.IntPrj\Library.IntPrjfolder\User Defined Models.IntPrjfolder\Aguacate PIPAC\User Defined Models\Aguacate\avr_Reivax_RTVX_100.BlkDef\Divisor.BlkDiv
Divisor,,\VM-PF.IntUser\PDD 31-12-2024.IntPrj\Library.IntPrjfolder\User Defined Models.IntPrjfolder\Matafongo 1 y 2\2MW_plant\Library\5.2MW_plant.IntFolder\Library\DIgSILENT Library\Dynamic Models\Inverter Based Resources/Storage\Wind Turbines IEC 61400-27-1\Two Masses Type 3 and 4B.BlkDef\Divisor.BlkDiv
Divisor(1),,\VM-PF.IntUser\PDD 31-12-2024.IntPrj\Library.IntPrjfolder\User Defined Models.IntPrjfolder\Matafongo 1 y 2\2MW_plant\Library\5.2MW_plant.IntFolder\Library\DIgSILENT Library\Dynamic Models\Inverter Based Resources/Storage\Wind Turbines IEC 61400-27-1\Two Masses Type 3 and 4B.BlkDef\Divisor(1).BlkDiv
Divisor,,\VM-PF.IntUser\PDD 31-12-2024.IntPrj\Library.IntPrjfolder\User Defined Models.IntPrjfolder\Matafongo 1 y 2\2MW_plant\Library\5.2MW_plant.IntFolder\Library\DIgSILENT Library\Dynamic Models\Inverter Based Resources/Storage\Wind Turbines IEC 61400-27-1\P Control Type 3.BlkDef\Divisor.BlkDiv
Divisor(1),,\VM-PF.IntUser\PDD 31-12-2024.IntPrj\Library.IntPrjfolder\User Defined Models.IntPrjfolder\Matafongo 1 y 2\2MW_plant\Library\5.2MW_plant.IntFolder\Library\DIgSILENT Library\Dynamic Models\Inverter Based Resources/Storage\Wind Turbines IEC 61400-27-1\P Control Type 3.BlkDef\Divisor(1).BlkDiv
Divisor,,\VM-PF.IntUser\PDD 31-12-2024.IntPrj\Library.IntPrjfolder\User Defined Models.IntPrjfolder\Matafongo 1 y 2\2MW_plant\Library\5.2MW_plant.IntFolder\Library\DIgSILENT Library\Dynamic Models\Inverter Based Resources/Storage\Wind Turbines IEC 61400-27-1\Current Limitation.BlkDef\Divisor.BlkDiv
Divisor,,\VM-PF.IntUser\PDD 31-12-2024.IntPrj\Library.IntPrjfolder\User Defined Models.IntPrjfolder\Matafongo 1 y 2\2MW_plant\Library\5.2MW_plant.IntFolder\Library\DIgSILENT Library\Dynamic Models\Inverter Based Resources/Storage\Wind Turbines IEC 61400-27-1\Q Control.BlkDef\Divisor.BlkDiv
Divisor(1),,\VM-PF.IntUser\PDD 31-12-2024.IntPrj\Library.IntPrjfolder\User Defined Models.IntPrjfolder\Matafongo 1 y 2\2MW_plant\Library\5.2MW_plant.IntFolder\Library\DIgSILENT Library\Dynamic Models\Inverter Based Resources/Storage\Wind Turbines IEC 61400-27-1\Q Control.BlkDef\Divisor(1).BlkDiv
Divisor(2),,\VM-PF.IntUser\PDD 31-12-2024.IntPrj\Library.IntPrjfolder\User Defined Models.IntPrjfolder\Matafongo 1 y 2\2MW_plant\Library\5.2MW_plant.IntFolder\Library\DIgSILENT Library\Dynamic Models\Inverter Based Resources/Storage\Wind Turbines IEC 61400-27-1\Q Control.BlkDef\Divisor(2).BlkDiv
Divisor,,\VM-PF.IntUser\PDD 31-12-2024.IntPrj\Library.IntPrjfolder\User Defined Models.IntPrjfolder\Matafongo 1 y 2\5.2MW_plant.IntFolder\Library\DIgSILENT Library\Dynamic Models\Inverter Based Resources/Storage\Wind Turbines IEC 61400-27-1\Two Masses Type 3 and 4B.BlkDef\Divisor.BlkDiv
Divisor(1),,\VM-PF.IntUser\PDD 31-12-2024.IntPrj\Library.IntPrjfolder\User Defined Models.IntPrjfolder\Matafongo 1 y 2\5.2MW_plant.IntFolder\Library\DIgSILENT Library\Dynamic Models\Inverter Based Resources/Storage\Wind Turbines IEC 61400-27-1\Two Masses Type 3 and 4B.BlkDef\Divisor(1).BlkDiv
Divisor,,\VM-PF.IntUser\PDD 31-12-2024.IntPrj\Library.IntPrjfolder\User Defined Models.IntPrjfolder\Matafongo 1 y 2\5.2MW_plant.IntFolder\Library\DIgSILENT Library\Dynamic Models\Inverter Based Resources/Storage\Wind Turbines IEC 61400-27-1\P Control Type 3.BlkDef\Divisor.BlkDiv
Divisor(1),,\VM-PF.IntUser\PDD 31-12-2024.IntPrj\Library.IntPrjfolder\User Defined Models.IntPrjfolder\Matafongo 1 y 2\5.2MW_plant.IntFolder\Library\DIgSILENT Library\Dynamic Models\Inverter Based Resources/Storage\Wind Turbines IEC 61400-27-1\P Control Type 3.BlkDef\Divisor(1).BlkDiv
Divisor,,\VM-PF.IntUser\PDD 31-12-2024.IntPrj\Library.IntPrjfolder\User Defined Models.IntPrjfolder\Matafongo 1 y 2\5.2MW_plant.IntFolder\Library\DIgSILENT Library\Dynamic Models\Inverter Based Resources/Storage\Wind Turbines IEC 61400-27-1\Current Limitation.BlkDef\Divisor.BlkDiv
Divisor,,\VM-PF.IntUser\PDD 31-12-2024.IntPrj\Library.IntPrjfolder\User Defined Models.IntPrjfolder\Matafongo 1 y 2\5.2MW_plant.IntFolder\Library\DIgSILENT Library\Dynamic Models\Inverter Based Resources/Storage\Wind Turbines IEC 61400-27-1\Q Control.BlkDef\Divisor.BlkDiv
Divisor(1),,\VM-PF.IntUser\PDD 31-12-2024.IntPrj\Library.IntPrjfolder\User Defined Models.IntPrjfolder\Matafongo 1 y 2\5.2MW_plant.IntFolder\Library\DIgSILENT Library\Dynamic Models\Inverter Based Resources/Storage\Wind Turbines IEC 61400-27-1\Q Control.BlkDef\Divisor(1).BlkDiv
Divisor(2),,\VM-PF.IntUser\PDD 31-12-2024.IntPrj\Library.IntPrjfolder\User Defined Models.IntPrjfolder\Matafongo 1 y 2\5.2MW_plant.IntFolder\Library\DIgSILENT Library\Dynamic Models\Inverter Based Resources/Storage\Wind Turbines IEC 61400-27-1\Q Control.BlkDef\Divisor(2).BlkDiv
