nombre,ruta
Switch for Block Diagrams,\VM-PF.IntUser\PDD 31-12-2024.IntPrj\Library.IntPrjfolder\User Defined Models.IntPrjfolder\Pimentel 5\50DF-13.8KV_template_new R1_BB.IntFolder\Library\Modified 50SG template_R\UNITROL 1000 Modules Rev_R\sup_Excitation Supplies.BlkDef\Switch for Block Diagrams.BlkSwt
Switch for Block Diagrams,\VM-PF.IntUser\PDD 31-12-2024.IntPrj\Library.IntPrjfolder\User Defined Models.IntPrjfolder\Matafongo 1 y 2\2MW_plant\Library\5.2MW_plant.IntFolder\Library\DIgSILENT Library\Dynamic Models\Inverter Based Resources/Storage\Wind Turbines IEC 61400-27-1\Generator Set Type 3B.BlkDef\Switch for Block Diagrams.BlkSwt
Switch for Block Diagrams,\VM-PF.IntUser\PDD 31-12-2024.IntPrj\Library.IntPrjfolder\User Defined Models.IntPrjfolder\Matafongo 1 y 2\2MW_plant\Library\5.2MW_plant.IntFolder\Library\DIgSILENT Library\Dynamic Models\Inverter Based Resources/Storage\Wind Turbines IEC 61400-27-1\P Control Type 3.BlkDef\Used Macros\type 3 torque PI.BlkDef\Switch for Block Diagrams.BlkSwt
Switch for Block Diagrams(1),\VM-PF.IntUser\PDD 31-12-2024.IntPrj\Library.IntPrjfolder\User Defined Models.IntPrjfolder\Matafongo 1 y 2\2MW_plant\Library\5.2MW_plant.IntFolder\Library\DIgSILENT Library\Dynamic Models\Inverter Based Resources/Storage\Wind Turbines IEC 61400-27-1\P Control Type 3.BlkDef\Used Macros\type 3 torque PI.BlkDef\Switch for Block Diagrams(1).BlkSwt
Switch for Block Diagrams(2),\VM-PF.IntUser\PDD 31-12-2024.IntPrj\Library.IntPrjfolder\User Defined Models.IntPrjfolder\Matafongo 1 y 2\2MW_plant\Library\5.2MW_plant.IntFolder\Library\DIgSILENT Library\Dynamic Models\Inverter Based Resources/Storage\Wind Turbines IEC 61400-27-1\P Control Type 3.BlkDef\Used Macros\type 3 torque PI.BlkDef\Switch for Block Diagrams(2).BlkSwt
Switch for Block Diagrams,\VM-PF.IntUser\PDD 31-12-2024.IntPrj\Library.IntPrjfolder\User Defined Models.IntPrjfolder\Matafongo 1 y 2\2MW_plant\Library\5.2MW_plant.IntFolder\Library\DIgSILENT Library\Dynamic Models\Inverter Based Resources/Storage\Wind Turbines IEC 61400-27-1\Current Limitation.BlkDef\Switch for Block Diagrams.BlkSwt
Switch for Block Diagrams,\VM-PF.IntUser\PDD 31-12-2024.IntPrj\Library.IntPrjfolder\User Defined Models.IntPrjfolder\Matafongo 1 y 2\2MW_plant\Library\5.2MW_plant.IntFolder\Library\DIgSILENT Library\Dynamic Models\Inverter Based Resources/Storage\Wind Turbines IEC 61400-27-1\Q Control.BlkDef\Switch for Block Diagrams.BlkSwt
Switch for Block Diagrams(1),\VM-PF.IntUser\PDD 31-12-2024.IntPrj\Library.IntPrjfolder\User Defined Models.IntPrjfolder\Matafongo 1 y 2\2MW_plant\Library\5.2MW_plant.IntFolder\Library\DIgSILENT Library\Dynamic Models\Inverter Based Resources/Storage\Wind Turbines IEC 61400-27-1\Q Control.BlkDef\Switch for Block Diagrams(1).BlkSwt
Switch for Block Diagrams(2),\VM-PF.IntUser\PDD 31-12-2024.IntPrj\Library.IntPrjfolder\User Defined Models.IntPrjfolder\Matafongo 1 y 2\2MW_plant\Library\5.2MW_plant.IntFolder\Library\DIgSILENT Library\Dynamic Models\Inverter Based Resources/Storage\Wind Turbines IEC 61400-27-1\Q Control.BlkDef\Switch for Block Diagrams(2).BlkSwt
Switch for Block Diagrams,\VM-PF.IntUser\PDD 31-12-2024.IntPrj\Library.IntPrjfolder\User Defined Models.IntPrjfolder\Matafongo 1 y 2\5.2MW_plant.IntFolder\Library\DIgSILENT Library\Dynamic Models\Inverter Based Resources/Storage\Wind Turbines IEC 61400-27-1\Generator Set Type 3B.BlkDef\Switch for Block Diagrams.BlkSwt
Switch for Block Diagrams,\VM-PF.IntUser\PDD 31-12-2024.IntPrj\Library.IntPrjfolder\User Defined Models.IntPrjfolder\Matafongo 1 y 2\5.2MW_plant.IntFolder\Library\DIgSILENT Library\Dynamic Models\Inverter Based Resources/Storage\Wind Turbines IEC 61400-27-1\P Control Type 3.BlkDef\Used Macros\type 3 torque PI.BlkDef\Switch for Block Diagrams.BlkSwt
Switch for Block Diagrams(1),\VM-PF.IntUser\PDD 31-12-2024.IntPrj\Library.IntPrjfolder\User Defined Models.IntPrjfolder\Matafongo 1 y 2\5.2MW_plant.IntFolder\Library\DIgSILENT Library\Dynamic Models\Inverter Based Resources/Storage\Wind Turbines IEC 61400-27-1\P Control Type 3.BlkDef\Used Macros\type 3 torque PI.BlkDef\Switch for Block Diagrams(1).BlkSwt
Switch for Block Diagrams(2),\VM-PF.IntUser\PDD 31-12-2024.IntPrj\Library.IntPrjfolder\User Defined Models.IntPrjfolder\Matafongo 1 y 2\5.2MW_plant.IntFolder\Library\DIgSILENT Library\Dynamic Models\Inverter Based Resources/Storage\Wind Turbines IEC 61400-27-1\P Control Type 3.BlkDef\Used Macros\type 3 torque PI.BlkDef\Switch for Block Diagrams(2).BlkSwt
Switch for Block Diagrams,\VM-PF.IntUser\PDD 31-12-2024.IntPrj\Library.IntPrjfolder\User Defined Models.IntPrjfolder\Matafongo 1 y 2\5.2MW_plant.IntFolder\Library\DIgSILENT Library\Dynamic Models\Inverter Based Resources/Storage\Wind Turbines IEC 61400-27-1\Current Limitation.BlkDef\Switch for Block Diagrams.BlkSwt
Switch for Block Diagrams,\VM-PF.IntUser\PDD 31-12-2024.IntPrj\Library.IntPrjfolder\User Defined Models.IntPrjfolder\Matafongo 1 y 2\5.2MW_plant.IntFolder\Library\DIgSILENT Library\Dynamic Models\Inverter Based Resources/Storage\Wind Turbines IEC 61400-27-1\Q Control.BlkDef\Switch for Block Diagrams.BlkSwt
Switch for Block Diagrams(1),\VM-PF.IntUser\PDD 31-12-2024.IntPrj\Library.IntPrjfolder\User Defined Models.IntPrjfolder\Matafongo 1 y 2\5.2MW_plant.IntFolder\Library\DIgSILENT Library\Dynamic Models\Inverter Based Resources/Storage\Wind Turbines IEC 61400-27-1\Q Control.BlkDef\Switch for Block Diagrams(1).BlkSwt
Switch for Block Diagrams(2),\VM-PF.IntUser\PDD 31-12-2024.IntPrj\Library.IntPrjfolder\User Defined Models.IntPrjfolder\Matafongo 1 y 2\5.2MW_plant.IntFolder\Library\DIgSILENT Library\Dynamic Models\Inverter Based Resources/Storage\Wind Turbines IEC 61400-27-1\Q Control.BlkDef\Switch for Block Diagrams(2).BlkSwt
Switch for Block Diagrams,\VM-PF.IntUser\PDD 31-12-2024.IntPrj\Library.IntPrjfolder\User Defined Models.IntPrjfolder\BESS EDM 4\User Defined Models\BESS\User Defined Models\Bess Itabo\APC.BlkDef\Switch for Block Diagrams.BlkSwt
Switch for Block Diagrams(1),\VM-PF.IntUser\PDD 31-12-2024.IntPrj\Library.IntPrjfolder\User Defined Models.IntPrjfolder\BESS EDM 4\User Defined Models\BESS\User Defined Models\Bess Itabo\APC.BlkDef\Switch for Block Diagrams(1).BlkSwt
Switch for Block Diagrams(2),\VM-PF.IntUser\PDD 31-12-2024.IntPrj\Library.IntPrjfolder\User Defined Models.IntPrjfolder\BESS EDM 4\User Defined Models\BESS\User Defined Models\Bess Itabo\APC.BlkDef\Switch for Block Diagrams(2).BlkSwt
Switch for Block Diagrams(3),\VM-PF.IntUser\PDD 31-12-2024.IntPrj\Library.IntPrjfolder\User Defined Models.IntPrjfolder\BESS EDM 4\User Defined Models\BESS\User Defined Models\Bess Itabo\RPC.BlkDef\Switch for Block Diagrams(3).BlkSwt
