nombre,ruta,outserv,cpZone,cpArea,cpGrid,cpSubstat,typ_id
Sel Dir,\VM-PF.IntUser\PDD 31-12-2024.IntPrj\Network Model.IntPrjfolder\Network Data.IntPrjfolder\Expansión 345 kV.ElmNet\Quisqueya.ElmSite\QUISQUEYA 2.ElmSubstat\7.ElmTerm\Cub_1.StaCubic\ZQU21D_ZPBLAD-L1-SEL 311L.ElmRelay\Sel Dir.RelSeldir,0,ESTE CERCANO,ESTE,Expansión 345 kV,QUISQUEYA 2,Sel Dir
Sel Dir,\VM-PF.IntUser\PDD 31-12-2024.IntPrj\Network Model.IntPrjfolder\Network Data.IntPrjfolder\Expansión 345 kV.ElmNet\Quisqueya.ElmSite\QUISQUEYA 1.ElmSubstat\4.ElmTerm\Cub_1.StaCubic\ZQU11D_ZPVDCD-L1-SEL 311L.ElmRelay\Sel Dir.RelSeldir,0,ESTE CERCANO,ESTE,Expansión 345 kV,QUISQUEYA 1,Sel Dir
Sel Dir,\VM-PF.IntUser\PDD 31-12-2024.IntPrj\Network Model.IntPrjfolder\Network Data.IntPrjfolder\Expansión 345 kV.ElmNet\PVDC.ElmSite\ZPVDCD.ElmSubstat\L1.ElmTerm\Cub_1.StaCubic\ZPVDCD_ZPBLAD-L1-SEL 311L.ElmRelay\Sel Dir.RelSeldir,0,CIBAO SUR,NORTE,Expansión 345 kV,ZPVDCD,Sel Dir
Sel Dir,\VM-PF.IntUser\PDD 31-12-2024.IntPrj\Network Model.IntPrjfolder\Network Data.IntPrjfolder\Expansión 345 kV.ElmNet\PVDC.ElmSite\ZPVDCD.ElmSubstat\R1.ElmTerm\Cub_1.StaCubic\ZPVDCD_ZQU11D-L1-SEL 311L.ElmRelay\Sel Dir.RelSeldir,0,CIBAO SUR,NORTE,Expansión 345 kV,ZPVDCD,Sel Dir
Sel Dir,\VM-PF.IntUser\PDD 31-12-2024.IntPrj\Network Model.IntPrjfolder\Network Data.IntPrjfolder\ESTE 138 kV.ElmNet\Sultana del Este.ElmSite\ZSESTE.ElmSubstat\5.ElmTerm\Cub_1.StaCubic\ZSESTE_ZSPBEE-L1-SEL 311L.ElmRelay\Sel Dir.RelSeldir,0,ESTE CERCANO,ESTE,ESTE 138 kV,ZSESTE,Sel Dir
Sel Dir,\VM-PF.IntUser\PDD 31-12-2024.IntPrj\Network Model.IntPrjfolder\Network Data.IntPrjfolder\ESTE 138 kV.ElmNet\Sultana del Este.ElmSite\ZSESTE.ElmSubstat\5.ElmTerm\Cub_1.StaCubic\ZSESTE_ZSPBEE-L1-SEL 421.ElmRelay\Sel Dir.RelSeldir,0,ESTE CERCANO,ESTE,ESTE 138 kV,ZSESTE,Sel Dir
Sel Dir,\VM-PF.IntUser\PDD 31-12-2024.IntPrj\Network Model.IntPrjfolder\Network Data.IntPrjfolder\ESTE 138 kV.ElmNet\ZCLUIE.ElmSubstat\E1.ElmTerm\Cub_1.StaCubic\ZCLUIE_ZAAINE-L1-SEL 311C.ElmRelay\Sel Dir.RelSeldir,0,ESTE CERCANO,ESTE,ESTE 138 kV,ZCLUIE,Sel Dir
Sel Dir,\VM-PF.IntUser\PDD 31-12-2024.IntPrj\Network Model.IntPrjfolder\Network Data.IntPrjfolder\ESTE 138 kV.ElmNet\ZCLUIE.ElmSubstat\E2.ElmTerm\Cub_1.StaCubic\ZCLUIE_ZSPM2E-L1-SEL 311C.ElmRelay\Sel Dir.RelSeldir,0,ESTE CERCANO,ESTE,ESTE 138 kV,ZCLUIE,Sel Dir
Sel Dir,\VM-PF.IntUser\PDD 31-12-2024.IntPrj\Network Model.IntPrjfolder\Network Data.IntPrjfolder\ESTE 138 kV.ElmNet\San Pedro Bio-Energy.ElmSite\ZSPBEE.ElmSubstat\3.ElmTerm\Cub_1.StaCubic\ZSPBEE_ZSESTE-L1-SEL 311L.ElmRelay\Sel Dir.RelSeldir,0,ESTE CERCANO,ESTE,ESTE 138 kV,ZSPBEE,Sel Dir
Sel Dir,\VM-PF.IntUser\PDD 31-12-2024.IntPrj\Network Model.IntPrjfolder\Network Data.IntPrjfolder\ESTE 138 kV.ElmNet\San Pedro Bio-Energy.ElmSite\ZSPBEE.ElmSubstat\3.ElmTerm\Cub_1.StaCubic\ZSPBEE_ZSESTE-L1-SEL 421.ElmRelay\Sel Dir.RelSeldir,0,ESTE CERCANO,ESTE,ESTE 138 kV,ZSPBEE,Sel Dir
Sel Dir,\VM-PF.IntUser\PDD 31-12-2024.IntPrj\Network Model.IntPrjfolder\Network Data.IntPrjfolder\ESTE 138 kV.ElmNet\San Pedro Bio-Energy.ElmSite\ZSPBEE.ElmSubstat\5.ElmTerm\Cub_1.StaCubic\ZSPBEE_ZQUISE-L1-SEL 311L.ElmRelay\Sel Dir.RelSeldir,0,ESTE CERCANO,ESTE,ESTE 138 kV,ZSPBEE,Sel Dir
Sel Dir,\VM-PF.IntUser\PDD 31-12-2024.IntPrj\Network Model.IntPrjfolder\Network Data.IntPrjfolder\ESTE 138 kV.ElmNet\San Pedro Bio-Energy.ElmSite\ZSPBEE.ElmSubstat\5.ElmTerm\Cub_1.StaCubic\ZSPBEE_ZQUISE-L1-SEL 421.ElmRelay\Sel Dir.RelSeldir,0,ESTE CERCANO,ESTE,ESTE 138 kV,ZSPBEE,Sel Dir
Sel Dir,\VM-PF.IntUser\PDD 31-12-2024.IntPrj\Network Model.IntPrjfolder\Network Data.IntPrjfolder\SUR 138 kV.ElmNet\Haina.ElmSite\ZHAINE.ElmSubstat\3.ElmTerm\Cub_1.StaCubic\ZHAINE_ZITABE-L1-SEL 311L.ElmRelay\Sel Dir.RelSeldir,0,SUR CERCANO,SUR,SUR 138 kV,ZHAINE,Sel Dir
Sel Dir,\VM-PF.IntUser\PDD 31-12-2024.IntPrj\Network Model.IntPrjfolder\Network Data.IntPrjfolder\SUR 138 kV.ElmNet\Haina.ElmSite\ZHAINE.ElmSubstat\3.ElmTerm\Cub_1.StaCubic\ZHAINE_ZITABE-L1-SEL 451.ElmRelay\Sel Dir.RelSeldir,0,SUR CERCANO,SUR,SUR 138 kV,ZHAINE,Sel Dir
Sel Dir,\VM-PF.IntUser\PDD 31-12-2024.IntPrj\Network Model.IntPrjfolder\Network Data.IntPrjfolder\SUR 138 kV.ElmNet\Haina.ElmSite\ZHAINE.ElmSubstat\4.ElmTerm\Cub_1.StaCubic\ZHAINE_ZITABE-L2-SEL 311L.ElmRelay\Sel Dir.RelSeldir,0,SUR CERCANO,SUR,SUR 138 kV,ZHAINE,Sel Dir
Sel Dir,\VM-PF.IntUser\PDD 31-12-2024.IntPrj\Network Model.IntPrjfolder\Network Data.IntPrjfolder\SUR 138 kV.ElmNet\Haina.ElmSite\ZHAINE.ElmSubstat\4.ElmTerm\Cub_1.StaCubic\ZHAINE_ZITABE-L2-SEL 451.ElmRelay\Sel Dir.RelSeldir,0,SUR CERCANO,SUR,SUR 138 kV,ZHAINE,Sel Dir
Sel Dir,\VM-PF.IntUser\PDD 31-12-2024.IntPrj\Network Model.IntPrjfolder\Network Data.IntPrjfolder\SUR 138 kV.ElmNet\Haina.ElmSite\ZHAINE.ElmSubstat\6.ElmTerm\Cub_1.StaCubic\ZHAINE_ZMATAE-L2-SEL 311C.ElmRelay\Sel Dir.RelSeldir,0,SUR CERCANO,SUR,SUR 138 kV,ZHAINE,Sel Dir
Sel Dir,\VM-PF.IntUser\PDD 31-12-2024.IntPrj\Network Model.IntPrjfolder\Network Data.IntPrjfolder\SUR 138 kV.ElmNet\Haina.ElmSite\ZHAINE.ElmSubstat\6.ElmTerm\Cub_1.StaCubic\ZHAINE_ZMATAE-L2-SEL 451.ElmRelay\Sel Dir.RelSeldir,0,SUR CERCANO,SUR,SUR 138 kV,ZHAINE,Sel Dir
Sel Dir,\VM-PF.IntUser\PDD 31-12-2024.IntPrj\Network Model.IntPrjfolder\Network Data.IntPrjfolder\SUR 138 kV.ElmNet\Haina.ElmSite\ZHAINE.ElmSubstat\5.ElmTerm\Cub_1.StaCubic\ZHAINE_ZMATBE-L1-SEL 311C.ElmRelay\Sel Dir.RelSeldir,0,SUR CERCANO,SUR,SUR 138 kV,ZHAINE,Sel Dir
Sel Dir,\VM-PF.IntUser\PDD 31-12-2024.IntPrj\Network Model.IntPrjfolder\Network Data.IntPrjfolder\SUR 138 kV.ElmNet\Haina.ElmSite\ZHAINE.ElmSubstat\5.ElmTerm\Cub_1.StaCubic\ZHAINE_ZMATBE-L1-SEL 451.ElmRelay\Sel Dir.RelSeldir,0,SUR CERCANO,SUR,SUR 138 kV,ZHAINE,Sel Dir
Sel Dir,\VM-PF.IntUser\PDD 31-12-2024.IntPrj\Network Model.IntPrjfolder\Network Data.IntPrjfolder\SUR 138 kV.ElmNet\Itabo.ElmSite\ZITABE.ElmSubstat\1.ElmTerm\Cub_1.StaCubic\ZITABE_ZITAGE-L1-SEL 411L.ElmRelay\Sel Dir.RelSeldir,0,SUR CERCANO,SUR,SUR 138 kV,ZITABE,Sel Dir
Sel Dir,\VM-PF.IntUser\PDD 31-12-2024.IntPrj\Network Model.IntPrjfolder\Network Data.IntPrjfolder\SUR 138 kV.ElmNet\Itabo.ElmSite\ZITABE.ElmSubstat\1.ElmTerm\Cub_1.StaCubic\ZITABE_ZITAGE-L1-SEL 311C.ElmRelay\Sel Dir.RelSeldir,0,SUR CERCANO,SUR,SUR 138 kV,ZITABE,Sel Dir
Sel Dir,\VM-PF.IntUser\PDD 31-12-2024.IntPrj\Network Model.IntPrjfolder\Network Data.IntPrjfolder\SUR 138 kV.ElmNet\Itabo.ElmSite\ZITABE.ElmSubstat\8.ElmTerm\Cub_1.StaCubic\ZITABE_ZHAINE-L1-SEL 311L.ElmRelay\Sel Dir.RelSeldir,0,SUR CERCANO,SUR,SUR 138 kV,ZITABE,Sel Dir
Sel Dir,\VM-PF.IntUser\PDD 31-12-2024.IntPrj\Network Model.IntPrjfolder\Network Data.IntPrjfolder\SUR 138 kV.ElmNet\Itabo.ElmSite\ZITABE.ElmSubstat\9.ElmTerm\Cub_1.StaCubic\ZITABE_ZHAINE-L2-SEL 311L.ElmRelay\Sel Dir.RelSeldir,0,SUR CERCANO,SUR,SUR 138 kV,ZITABE,Sel Dir
Sel Dir,\VM-PF.IntUser\PDD 31-12-2024.IntPrj\Network Model.IntPrjfolder\Network Data.IntPrjfolder\SUR 138 kV.ElmNet\Itabo TG.ElmSite\ZITAGE.ElmSubstat\1.ElmTerm\Cub_1.StaCubic\ZITAGE_ZITABE-L1-SEL 411L.ElmRelay\Sel Dir.RelSeldir,0,SUR CERCANO,SUR,SUR 138 kV,ZITAGE,Sel Dir
Sel Dir,\VM-PF.IntUser\PDD 31-12-2024.IntPrj\Network Model.IntPrjfolder\Network Data.IntPrjfolder\SUR 138 kV.ElmNet\Itabo TG.ElmSite\ZITAGE.ElmSubstat\1.ElmTerm\Cub_1.StaCubic\ZITAGE_ZITABE-L1-SEL 311C.ElmRelay\Sel Dir.RelSeldir,0,SUR CERCANO,SUR,SUR 138 kV,ZITAGE,Sel Dir
Sel Dir,\VM-PF.IntUser\PDD 31-12-2024.IntPrj\Network Model.IntPrjfolder\Network Data.IntPrjfolder\SUR 138 kV.ElmNet\Itabo TG.ElmSite\ZITAGE.ElmSubstat\4.ElmTerm\Cub_1.StaCubic\ZITAGE_ZJSA1E-L1-SEL 411L.ElmRelay\Sel Dir.RelSeldir,0,SUR CERCANO,SUR,SUR 138 kV,ZITAGE,Sel Dir
Sel Dir,\VM-PF.IntUser\PDD 31-12-2024.IntPrj\Network Model.IntPrjfolder\Network Data.IntPrjfolder\SUR 138 kV.ElmNet\Itabo TG.ElmSite\ZITAGE.ElmSubstat\4.ElmTerm\Cub_1.StaCubic\ZITAGE_ZJSA1E-L1-SEL 311C.ElmRelay\Sel Dir.RelSeldir,0,SUR CERCANO,SUR,SUR 138 kV,ZITAGE,Sel Dir
Sel Dir,\VM-PF.IntUser\PDD 31-12-2024.IntPrj\Network Model.IntPrjfolder\Network Data.IntPrjfolder\SUR 138 kV.ElmNet\Itabo TG.ElmSite\ZITAGE.ElmSubstat\3.ElmTerm\Cub_1.StaCubic\ZITAGE_ZJSA1E-L2-SEL 411L.ElmRelay\Sel Dir.RelSeldir,0,SUR CERCANO,SUR,SUR 138 kV,ZITAGE,Sel Dir
Sel Dir,\VM-PF.IntUser\PDD 31-12-2024.IntPrj\Network Model.IntPrjfolder\Network Data.IntPrjfolder\SUR 138 kV.ElmNet\Itabo TG.ElmSite\ZITAGE.ElmSubstat\3.ElmTerm\Cub_1.StaCubic\ZITAGE_ZJSA1E-L2-SEL 311C.ElmRelay\Sel Dir.RelSeldir,0,SUR CERCANO,SUR,SUR 138 kV,ZITAGE,Sel Dir
Sel Dir,\VM-PF.IntUser\PDD 31-12-2024.IntPrj\Network Model.IntPrjfolder\Network Data.IntPrjfolder\SUR 138 kV.ElmNet\Itabo TG.ElmSite\ZITAGE.ElmSubstat\2.ElmTerm\Cub_1.StaCubic\ZITAGE_ZUASDE-L1-SEL 411L.ElmRelay\Sel Dir.RelSeldir,0,SUR CERCANO,SUR,SUR 138 kV,ZITAGE,Sel Dir
Sel Dir,\VM-PF.IntUser\PDD 31-12-2024.IntPrj\Network Model.IntPrjfolder\Network Data.IntPrjfolder\SUR 138 kV.ElmNet\Itabo TG.ElmSite\ZITAGE.ElmSubstat\2.ElmTerm\Cub_1.StaCubic\ZITAGE_ZUASDE-L1-SEL 311C.ElmRelay\Sel Dir.RelSeldir,0,SUR CERCANO,SUR,SUR 138 kV,ZITAGE,Sel Dir
Sel Dir,\VM-PF.IntUser\PDD 31-12-2024.IntPrj\Network Model.IntPrjfolder\Network Data.IntPrjfolder\CENTRAL 138 kV.ElmNet\ZUASDE.ElmSubstat\L2.ElmTerm\Cub_1.StaCubic\ZUASDE_ZITAGE-L1-SEL 411L.ElmRelay\Sel Dir.RelSeldir,0,DISTRITO NACIONAL,CENTRAL,CENTRAL 138 kV,ZUASDE,Sel Dir
