nombre,ruta,outserv,cpZone,cpArea,cpGrid,cpSubstat,typ_id,curmg
CT_PALAK_TR1_DIST,\VM-PF.IntUser\PDD 31-12-2024.IntPrj\Network Model.IntPrjfolder\Network Data.IntPrjfolder\CENTRAL 69 kV.ElmNet\Terminal Palamara.ElmTerm\Cub_1.StaCubic\CT_PALAK_TR1_DIST.StaCt,0,SANTO DOMINGO,CENTRAL,CENTRAL 69 kV,,CT 1500/5A,0.01
ZJSA2E_ZPAL1E-L1-CT,\VM-PF.IntUser\PDD 31-12-2024.IntPrj\Network Model.IntPrjfolder\Network Data.IntPrjfolder\Expansión 345 kV.ElmNet\Julio Sauri.ElmSite\ZJSAUD.ElmSubstat\E7.ElmTerm\Cub_1.StaCubic\ZJSA2E_ZPAL1E-L1-CT.StaCt,0,SUR CERCANO,SUR,Expansión 345 kV,ZJSAUD,CT 1200/1A,0.01
ZJSA2E_ZPAL1E-L2-CT,\VM-PF.IntUser\PDD 31-12-2024.IntPrj\Network Model.IntPrjfolder\Network Data.IntPrjfolder\Expansión 345 kV.ElmNet\Julio Sauri.ElmSite\ZJSAUD.ElmSubstat\E8.ElmTerm\Cub_1.StaCubic\ZJSA2E_ZPAL1E-L2-CT.StaCt,0,SUR CERCANO,SUR,Expansión 345 kV,ZJSAUD,CT 1200/1A,0.01
ZJSA1E_ZITAGE-L1-CT,\VM-PF.IntUser\PDD 31-12-2024.IntPrj\Network Model.IntPrjfolder\Network Data.IntPrjfolder\Expansión 345 kV.ElmNet\Julio Sauri.ElmSite\ZJSAUD.ElmSubstat\E3.ElmTerm\Cub_1.StaCubic\ZJSA1E_ZITAGE-L1-CT.StaCt,0,SUR CERCANO,SUR,Expansión 345 kV,ZJSAUD,CT 1200/1A,0.01
ZJSA1E_ZITAGE-L2-CT,\VM-PF.IntUser\PDD 31-12-2024.IntPrj\Network Model.IntPrjfolder\Network Data.IntPrjfolder\Expansión 345 kV.ElmNet\Julio Sauri.ElmSite\ZJSAUD.ElmSubstat\E4.ElmTerm\Cub_1.StaCubic\ZJSA1E_ZITAGE-L2-CT.StaCt,0,SUR CERCANO,SUR,Expansión 345 kV,ZJSAUD,CT 1200/1A,0.01
ZJSA1E_ZPARAE-L1-CT,\VM-PF.IntUser\PDD 31-12-2024.IntPrj\Network Model.IntPrjfolder\Network Data.IntPrjfolder\Expansión 345 kV.ElmNet\Julio Sauri.ElmSite\ZJSAUD.ElmSubstat\E9.ElmTerm\Cub_1.StaCubic\ZJSA1E_ZPARAE-L1-CT.StaCt,0,SUR CERCANO,SUR,Expansión 345 kV,ZJSAUD,CT 1200/1A,0.01
ZJSA1E_ZITAGE-L2-CT,\VM-PF.IntUser\PDD 31-12-2024.IntPrj\Network Model.IntPrjfolder\Network Data.IntPrjfolder\Expansión 345 kV.ElmNet\Julio Sauri.ElmSite\ZJSAUD.ElmSubstat\E6(2).ElmTerm\Cub_1.StaCubic\ZJSA1E_ZITAGE-L2-CT.StaCt,0,SUR CERCANO,SUR,Expansión 345 kV,ZJSAUD,CT 1200/1A,0.01
ZQU21D_ZPBLAD-L1-CT,\VM-PF.IntUser\PDD 31-12-2024.IntPrj\Network Model.IntPrjfolder\Network Data.IntPrjfolder\Expansión 345 kV.ElmNet\Quisqueya.ElmSite\QUISQUEYA 2.ElmSubstat\7.ElmTerm\Cub_1.StaCubic\ZQU21D_ZPBLAD-L1-CT.StaCt,0,ESTE CERCANO,ESTE,Expansión 345 kV,QUISQUEYA 2,CT 120-3000/1-5A,0.01
ZQU11D_ZPVDCD-L1-CT,\VM-PF.IntUser\PDD 31-12-2024.IntPrj\Network Model.IntPrjfolder\Network Data.IntPrjfolder\Expansión 345 kV.ElmNet\Quisqueya.ElmSite\QUISQUEYA 1.ElmSubstat\4.ElmTerm\Cub_1.StaCubic\ZQU11D_ZPVDCD-L1-CT.StaCt,0,ESTE CERCANO,ESTE,Expansión 345 kV,QUISQUEYA 1,CT 120-3000/1-5A,0.01
ZPVDCD_ZPBLAD-L1-CT,\VM-PF.IntUser\PDD 31-12-2024.IntPrj\Network Model.IntPrjfolder\Network Data.IntPrjfolder\Expansión 345 kV.ElmNet\PVDC.ElmSite\ZPVDCD.ElmSubstat\L1.ElmTerm\Cub_1.StaCubic\ZPVDCD_ZPBLAD-L1-CT.StaCt,0,CIBAO SUR,NORTE,Expansión 345 kV,ZPVDCD,CT 120-3000/1-5A,0.01
ZPVDCD_ZQU11D-L1-CT,\VM-PF.IntUser\PDD 31-12-2024.IntPrj\Network Model.IntPrjfolder\Network Data.IntPrjfolder\Expansión 345 kV.ElmNet\PVDC.ElmSite\ZPVDCD.ElmSubstat\R1.ElmTerm\Cub_1.StaCubic\ZPVDCD_ZQU11D-L1-CT.StaCt,0,CIBAO SUR,NORTE,Expansión 345 kV,ZPVDCD,CT 120-3000/1-5A,0.01
ZSESTE_ZSPBEE-L1-CT,\VM-PF.IntUser\PDD 31-12-2024.IntPrj\Network Model.IntPrjfolder\Network Data.IntPrjfolder\ESTE 138 kV.ElmNet\Sultana del Este.ElmSite\ZSESTE.ElmSubstat\5.ElmTerm\Cub_1.StaCubic\ZSESTE_ZSPBEE-L1-CT.StaCt,0,ESTE CERCANO,ESTE,ESTE 138 kV,ZSESTE,CT 800/1A,0.01
ZLROME_ZHIGUE-L1-CT,\VM-PF.IntUser\PDD 31-12-2024.IntPrj\Network Model.IntPrjfolder\Network Data.IntPrjfolder\ESTE 138 kV.ElmNet\La Romana.ElmSite\ZLROME.ElmSubstat\1.ElmTerm\Cub_1.StaCubic\ZLROME_ZHIGUE-L1-CT.StaCt,0,ESTE PROFUNDO,ESTE,ESTE 138 kV,ZLROME,CT 600/1A,0.01
ZLROME_ZSPMBE-L2-CT,\VM-PF.IntUser\PDD 31-12-2024.IntPrj\Network Model.IntPrjfolder\Network Data.IntPrjfolder\ESTE 138 kV.ElmNet\La Romana.ElmSite\ZLROME.ElmSubstat\4.ElmTerm\Cub_1.StaCubic\ZLROME_ZSPMBE-L2-CT.StaCt,0,ESTE PROFUNDO,ESTE,ESTE 138 kV,ZLROME,CT 600/1A,0.01
ZLROME_ZSPMBE-L1-CT,\VM-PF.IntUser\PDD 31-12-2024.IntPrj\Network Model.IntPrjfolder\Network Data.IntPrjfolder\ESTE 138 kV.ElmNet\La Romana.ElmSite\ZLROME.ElmSubstat\5.ElmTerm\Cub_1.StaCubic\ZLROME_ZSPMBE-L1-CT.StaCt,0,ESTE PROFUNDO,ESTE,ESTE 138 kV,ZLROME,CT 600/1A,0.01
ZCES3K_ZSPM2E-CT,\VM-PF.IntUser\PDD 31-12-2024.IntPrj\Network Model.IntPrjfolder\Network Data.IntPrjfolder\ESTE 138 kV.ElmNet\SPM 2.ElmSite\Terminal CESPM 3.ElmTerm\WCES3K(2).StaCubic\ZCES3K_ZSPM2E-CT.StaCt,0,ESTE CERCANO,ESTE,ESTE 138 kV,,CT 600/1A,0.01
ZCES2K_ZSPM2E-CT,\VM-PF.IntUser\PDD 31-12-2024.IntPrj\Network Model.IntPrjfolder\Network Data.IntPrjfolder\ESTE 138 kV.ElmNet\SPM 2.ElmSite\Terminal CESPM 2.ElmTerm\WCES2K(2).StaCubic\ZCES2K_ZSPM2E-CT.StaCt,0,ESTE CERCANO,ESTE,ESTE 138 kV,,CT 600/1A,0.01
ZCES1K_ZSPM2E-CT,\VM-PF.IntUser\PDD 31-12-2024.IntPrj\Network Model.IntPrjfolder\Network Data.IntPrjfolder\ESTE 138 kV.ElmNet\SPM 2.ElmSite\Terminal CESPM 1.ElmTerm\WCES1K(2).StaCubic\ZCES1K_ZSPM2E-CT.StaCt,0,ESTE CERCANO,ESTE,ESTE 138 kV,,CT 600/1A,0.01
ZCEMEE_ZSPM2E-L1-CT,\VM-PF.IntUser\PDD 31-12-2024.IntPrj\Network Model.IntPrjfolder\Network Data.IntPrjfolder\ESTE 138 kV.ElmNet\CEMEX.ElmSite\ZCEMEE.ElmSubstat\WCEMEE(2).ElmTerm\WBCEMEE(2).StaCubic\ZCEMEE_ZSPM2E-L1-CT.StaCt,0,ESTE CERCANO,ESTE,ESTE 138 kV,ZCEMEE,CT 600/1A,0.01
ZLORIE_ZSPM2E-L1-CT,\VM-PF.IntUser\PDD 31-12-2024.IntPrj\Network Model.IntPrjfolder\Network Data.IntPrjfolder\ESTE 138 kV.ElmNet\Los Orígenes.ElmSite\ZLORIE.ElmSubstat\1.ElmTerm\Cub_1.StaCubic\ZLORIE_ZSPM2E-L1-CT.StaCt,0,ESTE CERCANO,ESTE,ESTE 138 kV,ZLORIE,CT 600/5A,0.01
ZLORIE_ZXLO1E-L1-CT,\VM-PF.IntUser\PDD 31-12-2024.IntPrj\Network Model.IntPrjfolder\Network Data.IntPrjfolder\ESTE 138 kV.ElmNet\Los Orígenes.ElmSite\ZLORIE.ElmSubstat\2.ElmTerm\Cub_1.StaCubic\ZLORIE_ZXLO1E-L1-CT.StaCt,0,ESTE CERCANO,ESTE,ESTE 138 kV,ZLORIE,CT 600/5A,0.01
CT 600 a 1,\VM-PF.IntUser\PDD 31-12-2024.IntPrj\Network Model.IntPrjfolder\Network Data.IntPrjfolder\ESTE 138 kV.ElmNet\Los Orígenes.ElmSite\Terminal Los Orígenes.ElmTerm\Cub_2.StaCubic\CT 600 a 1.StaCt,0,ESTE CERCANO,ESTE,ESTE 138 kV,,CT 600/1A,0.01
CT 500 a 1,\VM-PF.IntUser\PDD 31-12-2024.IntPrj\Network Model.IntPrjfolder\Network Data.IntPrjfolder\ESTE 138 kV.ElmNet\Los Orígenes.ElmSite\Terminal Los Orígenes.ElmTerm\Cub_2.StaCubic\CT 500 a 1.StaCt,0,ESTE CERCANO,ESTE,ESTE 138 kV,,CT 500/ 1-5A,0.01
CT 50 a 1,\VM-PF.IntUser\PDD 31-12-2024.IntPrj\Network Model.IntPrjfolder\Network Data.IntPrjfolder\ESTE 138 kV.ElmNet\Los Orígenes.ElmSite\Terminal Los Orígenes.ElmTerm\Cub_2.StaCubic\CT 50 a 1.StaCt,0,ESTE CERCANO,ESTE,ESTE 138 kV,,CT 50/1A,0.01
ZLORIE_ZSPMAE-L1-CT,\VM-PF.IntUser\PDD 31-12-2024.IntPrj\Network Model.IntPrjfolder\Network Data.IntPrjfolder\ESTE 138 kV.ElmNet\Tap 1 Los Orígenes.ElmTerm\Cub_3.StaCubic\ZLORIE_ZSPMAE-L1-CT.StaCt,0,ESTE CERCANO,ESTE,ESTE 138 kV,,CT 600/5A,0.01
ZCLUIE_ZAAINE-L1-CT,\VM-PF.IntUser\PDD 31-12-2024.IntPrj\Network Model.IntPrjfolder\Network Data.IntPrjfolder\ESTE 138 kV.ElmNet\ZCLUIE.ElmSubstat\E1.ElmTerm\Cub_1.StaCubic\ZCLUIE_ZAAINE-L1-CT.StaCt,0,ESTE CERCANO,ESTE,ESTE 138 kV,ZCLUIE,CT 1200/1A,0.01
ZCLUIE_ZSPM2E-L1-CT,\VM-PF.IntUser\PDD 31-12-2024.IntPrj\Network Model.IntPrjfolder\Network Data.IntPrjfolder\ESTE 138 kV.ElmNet\ZCLUIE.ElmSubstat\E2.ElmTerm\Cub_1.StaCubic\ZCLUIE_ZSPM2E-L1-CT.StaCt,0,ESTE CERCANO,ESTE,ESTE 138 kV,ZCLUIE,CT 1200/1A,0.01
ZSPBEE_ZSESTE-L1-CT,\VM-PF.IntUser\PDD 31-12-2024.IntPrj\Network Model.IntPrjfolder\Network Data.IntPrjfolder\ESTE 138 kV.ElmNet\San Pedro Bio-Energy.ElmSite\ZSPBEE.ElmSubstat\3.ElmTerm\Cub_1.StaCubic\ZSPBEE_ZSESTE-L1-CT.StaCt,0,ESTE CERCANO,ESTE,ESTE 138 kV,ZSPBEE,CT 1200/1A,0.01
ZSPBEE_ZQUISE-L1-CT,\VM-PF.IntUser\PDD 31-12-2024.IntPrj\Network Model.IntPrjfolder\Network Data.IntPrjfolder\ESTE 138 kV.ElmNet\San Pedro Bio-Energy.ElmSite\ZSPBEE.ElmSubstat\5.ElmTerm\Cub_1.StaCubic\ZSPBEE_ZQUISE-L1-CT.StaCt,0,ESTE CERCANO,ESTE,ESTE 138 kV,ZSPBEE,CT 1200/1A,0.01
ZSPMBE_ZSPM2E-L1-CT,\VM-PF.IntUser\PDD 31-12-2024.IntPrj\Network Model.IntPrjfolder\Network Data.IntPrjfolder\ESTE 138 kV.ElmNet\San Pedro.ElmSite\ZSPMAE.ElmSubstat\L2.ElmTerm\Cub_2.StaCubic\ZSPMBE_ZSPM2E-L1-CT.StaCt,0,ESTE CERCANO,ESTE,ESTE 138 kV,ZSPMAE,CT 500/5A,0.01
ZSPMBE_ZLROME-L1-CT,\VM-PF.IntUser\PDD 31-12-2024.IntPrj\Network Model.IntPrjfolder\Network Data.IntPrjfolder\ESTE 138 kV.ElmNet\San Pedro.ElmSite\ZSPMAE.ElmSubstat\R1.ElmTerm\Cub_2.StaCubic\ZSPMBE_ZLROME-L1-CT.StaCt,0,ESTE CERCANO,ESTE,ESTE 138 kV,ZSPMAE,CT 600/1A,0.01
ZSPMBE_ZLROME-L2-CT,\VM-PF.IntUser\PDD 31-12-2024.IntPrj\Network Model.IntPrjfolder\Network Data.IntPrjfolder\ESTE 138 kV.ElmNet\San Pedro.ElmSite\ZSPMAE.ElmSubstat\R2.ElmTerm\Cub_2.StaCubic\ZSPMBE_ZLROME-L2-CT.StaCt,0,ESTE CERCANO,ESTE,ESTE 138 kV,ZSPMAE,CT 600/1A,0.01
ZSPMAE_ZLORIE-L1-CT,\VM-PF.IntUser\PDD 31-12-2024.IntPrj\Network Model.IntPrjfolder\Network Data.IntPrjfolder\ESTE 138 kV.ElmNet\San Pedro.ElmSite\ZSPMAE.ElmSubstat\R3.ElmTerm\Cub_2.StaCubic\ZSPMAE_ZLORIE-L1-CT.StaCt,0,ESTE CERCANO,ESTE,ESTE 138 kV,ZSPMAE,CT 500/5A,0.01
ZESEIE_ZHIGUE-L1-CT,\VM-PF.IntUser\PDD 31-12-2024.IntPrj\Network Model.IntPrjfolder\Network Data.IntPrjfolder\ESTE 138 kV.ElmNet\ZESEIE.ElmSubstat\1.ElmTerm\Cub_1.StaCubic\ZESEIE_ZHIGUE-L1-CT.StaCt,0,ESTE PROFUNDO,ESTE,ESTE 138 kV,ZESEIE,CT 600/1A,0.01
ZHIGUE_ZLROME-L1-CT,\VM-PF.IntUser\PDD 31-12-2024.IntPrj\Network Model.IntPrjfolder\Network Data.IntPrjfolder\ESTE 138 kV.ElmNet\ZHIGUE.ElmSubstat\1.ElmTerm\Cub_1.StaCubic\ZHIGUE_ZLROME-L1-CT.StaCt,0,ESTE PROFUNDO,ESTE,ESTE 138 kV,ZHIGUE,CT 600/1A,0.01
ZHIGUE_ZESEIE-L1-CT,\VM-PF.IntUser\PDD 31-12-2024.IntPrj\Network Model.IntPrjfolder\Network Data.IntPrjfolder\ESTE 138 kV.ElmNet\ZHIGUE.ElmSubstat\2.ElmTerm\Cub_1.StaCubic\ZHIGUE_ZESEIE-L1-CT.StaCt,0,ESTE PROFUNDO,ESTE,ESTE 138 kV,ZHIGUE,CT 600/1A,0.01
ZHIGUE_ZLROME-L1-CT,\VM-PF.IntUser\PDD 31-12-2024.IntPrj\Network Model.IntPrjfolder\Network Data.IntPrjfolder\ESTE 138 kV.ElmNet\ZHIGUE.ElmSubstat\5(1).ElmTerm\Cub_1.StaCubic\ZHIGUE_ZLROME-L1-CT.StaCt,0,ESTE PROFUNDO,ESTE,ESTE 138 kV,ZHIGUE,CT 600/1A,0.01
ZJDOLE_ZHNSAE-L1-CT,\VM-PF.IntUser\PDD 31-12-2024.IntPrj\Network Model.IntPrjfolder\Network Data.IntPrjfolder\ESTE 138 kV.ElmNet\ZJDOLE.ElmSubstat\1.ElmTerm\Cub_1.StaCubic\ZJDOLE_ZHNSAE-L1-CT.StaCt,0,ESTE CERCANO,ESTE,ESTE 138 kV,ZJDOLE,CT 1200/1A,0.01
ZJDOLE_ZSPM2E-L1-CT,\VM-PF.IntUser\PDD 31-12-2024.IntPrj\Network Model.IntPrjfolder\Network Data.IntPrjfolder\ESTE 138 kV.ElmNet\ZJDOLE.ElmSubstat\2.ElmTerm\Cub_1.StaCubic\ZJDOLE_ZSPM2E-L1-CT.StaCt,0,ESTE CERCANO,ESTE,ESTE 138 kV,ZJDOLE,CT 1200/1A,0.01
CT_BMATF_TR_DIST,\VM-PF.IntUser\PDD 31-12-2024.IntPrj\Network Model.IntPrjfolder\Network Data.IntPrjfolder\SUR 69 kV.ElmNet\ZBMATF.ElmSubstat\1.ElmTerm\WBBMATF(2).StaCubic\CT_BMATF_TR_DIST.StaCt,0,SUR CERCANO,SUR,SUR 69 kV,ZBMATF,CT 120-1000/5A,0.01
CT_Alta_KM15F,\VM-PF.IntUser\PDD 31-12-2024.IntPrj\Network Model.IntPrjfolder\Network Data.IntPrjfolder\SUR 138 kV.ElmNet\km 15 de Azua.ElmSite\ZKQAZF.ElmSubstat\F8.ElmTerm\Cub_1.StaCubic\CT_Alta_KM15F.StaCt,0,SUR MEDIO,SUR,SUR 138 kV,ZKQAZF,CT 120-1500/5A,0.01
ZHAINE_ZITABE-L1-CT,\VM-PF.IntUser\PDD 31-12-2024.IntPrj\Network Model.IntPrjfolder\Network Data.IntPrjfolder\SUR 138 kV.ElmNet\Haina.ElmSite\ZHAINE.ElmSubstat\3.ElmTerm\Cub_1.StaCubic\ZHAINE_ZITABE-L1-CT.StaCt,0,SUR CERCANO,SUR,SUR 138 kV,ZHAINE,CT 800/5A,0.01
ZHAINE_ZITABE-L2-CT,\VM-PF.IntUser\PDD 31-12-2024.IntPrj\Network Model.IntPrjfolder\Network Data.IntPrjfolder\SUR 138 kV.ElmNet\Haina.ElmSite\ZHAINE.ElmSubstat\4.ElmTerm\Cub_1.StaCubic\ZHAINE_ZITABE-L2-CT.StaCt,0,SUR CERCANO,SUR,SUR 138 kV,ZHAINE,CT 800/5A,0.01
ZHAINE_ZMATAE-L2-CT,\VM-PF.IntUser\PDD 31-12-2024.IntPrj\Network Model.IntPrjfolder\Network Data.IntPrjfolder\SUR 138 kV.ElmNet\Haina.ElmSite\ZHAINE.ElmSubstat\6.ElmTerm\Cub_1.StaCubic\ZHAINE_ZMATAE-L2-CT.StaCt,0,SUR CERCANO,SUR,SUR 138 kV,ZHAINE,CT 800/5A,0.01
ZHAINE_ZMATBE-L1-CT,\VM-PF.IntUser\PDD 31-12-2024.IntPrj\Network Model.IntPrjfolder\Network Data.IntPrjfolder\SUR 138 kV.ElmNet\Haina.ElmSite\ZHAINE.ElmSubstat\5.ElmTerm\Cub_1.StaCubic\ZHAINE_ZMATBE-L1-CT.StaCt,0,SUR CERCANO,SUR,SUR 138 kV,ZHAINE,CT 800/5A,0.01
ZITABE_ZITAGE-L1-CT,\VM-PF.IntUser\PDD 31-12-2024.IntPrj\Network Model.IntPrjfolder\Network Data.IntPrjfolder\SUR 138 kV.ElmNet\Itabo.ElmSite\ZITABE.ElmSubstat\1.ElmTerm\Cub_1.StaCubic\ZITABE_ZITAGE-L1-CT.StaCt,0,SUR CERCANO,SUR,SUR 138 kV,ZITABE,CT 1200/5A,0.01
ZITABE_ZPALAE-L1-CT,\VM-PF.IntUser\PDD 31-12-2024.IntPrj\Network Model.IntPrjfolder\Network Data.IntPrjfolder\SUR 138 kV.ElmNet\Itabo.ElmSite\ZITABE.ElmSubstat\2.ElmTerm\Cub_1.StaCubic\ZITABE_ZPALAE-L1-CT.StaCt,0,SUR CERCANO,SUR,SUR 138 kV,ZITABE,CT 1200/5A,0.01
ZITABE_ZHERRE-L1-CT,\VM-PF.IntUser\PDD 31-12-2024.IntPrj\Network Model.IntPrjfolder\Network Data.IntPrjfolder\SUR 138 kV.ElmNet\Itabo.ElmSite\ZITABE.ElmSubstat\6.ElmTerm\Cub_1.StaCubic\ZITABE_ZHERRE-L1-CT.StaCt,0,SUR CERCANO,SUR,SUR 138 kV,ZITABE,CT 1200/5A,0.01
ZITABE_ZLPRAE-L1-CT,\VM-PF.IntUser\PDD 31-12-2024.IntPrj\Network Model.IntPrjfolder\Network Data.IntPrjfolder\SUR 138 kV.ElmNet\Itabo.ElmSite\ZITABE.ElmSubstat\7.ElmTerm\Cub_1.StaCubic\ZITABE_ZLPRAE-L1-CT.StaCt,0,SUR CERCANO,SUR,SUR 138 kV,ZITABE,CT 1200/5A,0.01
ZITABE_ZHAINE-L1-CT,\VM-PF.IntUser\PDD 31-12-2024.IntPrj\Network Model.IntPrjfolder\Network Data.IntPrjfolder\SUR 138 kV.ElmNet\Itabo.ElmSite\ZITABE.ElmSubstat\8.ElmTerm\Cub_1.StaCubic\ZITABE_ZHAINE-L1-CT.StaCt,0,SUR CERCANO,SUR,SUR 138 kV,ZITABE,CT 1200/5A,0.01
ZITABE_ZHAINE-L2-CT,\VM-PF.IntUser\PDD 31-12-2024.IntPrj\Network Model.IntPrjfolder\Network Data.IntPrjfolder\SUR 138 kV.ElmNet\Itabo.ElmSite\ZITABE.ElmSubstat\9.ElmTerm\Cub_1.StaCubic\ZITABE_ZHAINE-L2-CT.StaCt,0,SUR CERCANO,SUR,SUR 138 kV,ZITABE,CT 1200/5A,0.01
ZITAGE_ZITABE-L1-CT,\VM-PF.IntUser\PDD 31-12-2024.IntPrj\Network Model.IntPrjfolder\Network Data.IntPrjfolder\SUR 138 kV.ElmNet\Itabo TG.ElmSite\ZITAGE.ElmSubstat\1.ElmTerm\Cub_1.StaCubic\ZITAGE_ZITABE-L1-CT.StaCt,0,SUR CERCANO,SUR,SUR 138 kV,ZITAGE,CT 1600/5A,0.01
ZITAGE_ZJSA1E-L1-CT,\VM-PF.IntUser\PDD 31-12-2024.IntPrj\Network Model.IntPrjfolder\Network Data.IntPrjfolder\SUR 138 kV.ElmNet\Itabo TG.ElmSite\ZITAGE.ElmSubstat\4.ElmTerm\Cub_1.StaCubic\ZITAGE_ZJSA1E-L1-CT.StaCt,0,SUR CERCANO,SUR,SUR 138 kV,ZITAGE,CT 1600/5A,0.01
ZITAGE_ZJSA1E-L2-CT,\VM-PF.IntUser\PDD 31-12-2024.IntPrj\Network Model.IntPrjfolder\Network Data.IntPrjfolder\SUR 138 kV.ElmNet\Itabo TG.ElmSite\ZITAGE.ElmSubstat\3.ElmTerm\Cub_1.StaCubic\ZITAGE_ZJSA1E-L2-CT.StaCt,0,SUR CERCANO,SUR,SUR 138 kV,ZITAGE,CT 1600/5A,0.01
ZITAGE_ZUASDE-L1-CT,\VM-PF.IntUser\PDD 31-12-2024.IntPrj\Network Model.IntPrjfolder\Network Data.IntPrjfolder\SUR 138 kV.ElmNet\Itabo TG.ElmSite\ZITAGE.ElmSubstat\2.ElmTerm\Cub_1.StaCubic\ZITAGE_ZUASDE-L1-CT.StaCt,0,SUR CERCANO,SUR,SUR 138 kV,ZITAGE,CT 1600/1A,0.01
ZAHO1E_ZPAL2E-L1-CT,\VM-PF.IntUser\PDD 31-12-2024.IntPrj\Network Model.IntPrjfolder\Network Data.IntPrjfolder\CENTRAL 138 kV.ElmNet\Arroyo Hondo.ElmSite\ZAHONE.ElmSubstat\E02.ElmTerm\Cub_1.StaCubic\ZAHO1E_ZPAL2E-L1-CT.StaCt,0,DISTRITO NACIONAL,CENTRAL,CENTRAL 138 kV,ZAHONE,CT 1600/1A,0.01
ZAHO1E_ZLISAE-L1-CT,\VM-PF.IntUser\PDD 31-12-2024.IntPrj\Network Model.IntPrjfolder\Network Data.IntPrjfolder\CENTRAL 138 kV.ElmNet\Arroyo Hondo.ElmSite\ZAHONE.ElmSubstat\E08.ElmTerm\Cub_1.StaCubic\ZAHO1E_ZLISAE-L1-CT.StaCt,0,DISTRITO NACIONAL,CENTRAL,CENTRAL 138 kV,ZAHONE,CT 1600/1A,0.01
ZHERRE_ZITABE-L1-CT,\VM-PF.IntUser\PDD 31-12-2024.IntPrj\Network Model.IntPrjfolder\Network Data.IntPrjfolder\CENTRAL 138 kV.ElmNet\Herrera.ElmSite\ZHERRE.ElmSubstat\WHERRE(8).ElmTerm\WBHE38E(2).StaCubic\ZHERRE_ZITABE-L1-CT.StaCt,0,SANTO DOMINGO,CENTRAL,CENTRAL 138 kV,ZHERRE,CT 800/5A,0.01
ZHERRE_ZLPRAE-L1-CT,\VM-PF.IntUser\PDD 31-12-2024.IntPrj\Network Model.IntPrjfolder\Network Data.IntPrjfolder\CENTRAL 138 kV.ElmNet\Herrera.ElmSite\ZHERRE.ElmSubstat\WHERRE(7).ElmTerm\WBHE38E(1).StaCubic\ZHERRE_ZLPRAE-L1-CT.StaCt,0,SANTO DOMINGO,CENTRAL,CENTRAL 138 kV,ZHERRE,CT 800/5A,0.01
ZBCHIE_ZHNSAE-L1-CT,\VM-PF.IntUser\PDD 31-12-2024.IntPrj\Network Model.IntPrjfolder\Network Data.IntPrjfolder\CENTRAL 138 kV.ElmNet\Boca Chica.ElmSite\ZBCHIE.ElmSubstat\1.ElmTerm\Cub_1.StaCubic\ZBCHIE_ZHNSAE-L1-CT.StaCt,0,SANTO DOMINGO,CENTRAL,CENTRAL 138 kV,ZBCHIE,CT 1200/1A,0.01
ZBCHIE_ZSPM2E-L1-CT,\VM-PF.IntUser\PDD 31-12-2024.IntPrj\Network Model.IntPrjfolder\Network Data.IntPrjfolder\CENTRAL 138 kV.ElmNet\Boca Chica.ElmSite\ZBCHIE.ElmSubstat\2.ElmTerm\Cub_1.StaCubic\ZBCHIE_ZSPM2E-L1-CT.StaCt,0,SANTO DOMINGO,CENTRAL,CENTRAL 138 kV,ZBCHIE,CT 1200/1A,0.01
ZEMBAE_ZLPRAE-L1-CT,\VM-PF.IntUser\PDD 31-12-2024.IntPrj\Network Model.IntPrjfolder\Network Data.IntPrjfolder\CENTRAL 138 kV.ElmNet\ZEMBAE.ElmSubstat\WEMBAE(2).ElmTerm\WBEMBAE(2).StaCubic\ZEMBAE_ZLPRAE-L1-CT.StaCt,0,DISTRITO NACIONAL,CENTRAL,CENTRAL 138 kV,ZEMBAE,CT 600/1A,0.01
ZEMBAE_ZMATAE-L1-CT,\VM-PF.IntUser\PDD 31-12-2024.IntPrj\Network Model.IntPrjfolder\Network Data.IntPrjfolder\CENTRAL 138 kV.ElmNet\ZEMBAE.ElmSubstat\WEMBAE(1).ElmTerm\WBEMBAE(1).StaCubic\ZEMBAE_ZMATAE-L1-CT.StaCt,0,DISTRITO NACIONAL,CENTRAL,CENTRAL 138 kV,ZEMBAE,CT 600/1A,0.01
ZHNS2E_ZLM11E-L1-CT,\VM-PF.IntUser\PDD 31-12-2024.IntPrj\Network Model.IntPrjfolder\Network Data.IntPrjfolder\CENTRAL 138 kV.ElmNet\Hainamosa.ElmSite\ZHNSAE.ElmSubstat\E11.ElmTerm\Cub_1.StaCubic\ZHNS2E_ZLM11E-L1-CT.StaCt,0,SANTO DOMINGO,CENTRAL,CENTRAL 138 kV,ZHNSAE,CT 600/1A,0.01
ZHNSAE_ZLMINE-L2-CT,\VM-PF.IntUser\PDD 31-12-2024.IntPrj\Network Model.IntPrjfolder\Network Data.IntPrjfolder\CENTRAL 138 kV.ElmNet\Hainamosa.ElmSite\ZHNSAE.ElmSubstat\E12.ElmTerm\Cub_1.StaCubic\ZHNSAE_ZLMINE-L2-CT.StaCt,0,SANTO DOMINGO,CENTRAL,CENTRAL 138 kV,ZHNSAE,CT 600/1A,0.01
ZHNSAE_ZVMELE-L1-CT,\VM-PF.IntUser\PDD 31-12-2024.IntPrj\Network Model.IntPrjfolder\Network Data.IntPrjfolder\CENTRAL 138 kV.ElmNet\Hainamosa.ElmSite\ZHNSAE.ElmSubstat\E16.ElmTerm\Cub_1.StaCubic\ZHNSAE_ZVMELE-L1-CT.StaCt,0,SANTO DOMINGO,CENTRAL,CENTRAL 138 kV,ZHNSAE,CT 600/1A,0.01
ZHNSAE_ZEBRIE-L1-CT,\VM-PF.IntUser\PDD 31-12-2024.IntPrj\Network Model.IntPrjfolder\Network Data.IntPrjfolder\CENTRAL 138 kV.ElmNet\Hainamosa.ElmSite\ZHNSAE.ElmSubstat\E15.ElmTerm\Cub_1.StaCubic\ZHNSAE_ZEBRIE-L1-CT.StaCt,0,SANTO DOMINGO,CENTRAL,CENTRAL 138 kV,ZHNSAE,CT 600/1A,0.01
ZHNSAE_ZVDU1E-L1-CT,\VM-PF.IntUser\PDD 31-12-2024.IntPrj\Network Model.IntPrjfolder\Network Data.IntPrjfolder\CENTRAL 138 kV.ElmNet\Hainamosa.ElmSite\ZHNSAE.ElmSubstat\E17.ElmTerm\Cub_1.StaCubic\ZHNSAE_ZVDU1E-L1-CT.StaCt,0,SANTO DOMINGO,CENTRAL,CENTRAL 138 kV,ZHNSAE,CT 600/1A,0.01
ZHNSAE_ZBCHIE-L1-CT,\VM-PF.IntUser\PDD 31-12-2024.IntPrj\Network Model.IntPrjfolder\Network Data.IntPrjfolder\CENTRAL 138 kV.ElmNet\Hainamosa.ElmSite\ZHNSAE.ElmSubstat\E5.ElmTerm\Cub_1.StaCubic\ZHNSAE_ZBCHIE-L1-CT.StaCt,0,SANTO DOMINGO,CENTRAL,CENTRAL 138 kV,ZHNSAE,CT 1200/1A,0.01
ZHNSAE_ZJDOLE-L1-CT,\VM-PF.IntUser\PDD 31-12-2024.IntPrj\Network Model.IntPrjfolder\Network Data.IntPrjfolder\CENTRAL 138 kV.ElmNet\Hainamosa.ElmSite\ZHNSAE.ElmSubstat\E4.ElmTerm\Cub_1.StaCubic\ZHNSAE_ZJDOLE-L1-CT.StaCt,0,SANTO DOMINGO,CENTRAL,CENTRAL 138 kV,ZHNSAE,CT 1200/1A,0.01
ZHNSAE_ZPAL2E-L1-CT,\VM-PF.IntUser\PDD 31-12-2024.IntPrj\Network Model.IntPrjfolder\Network Data.IntPrjfolder\CENTRAL 138 kV.ElmNet\Hainamosa.ElmSite\ZHNSAE.ElmSubstat\E14.ElmTerm\Cub_1.StaCubic\ZHNSAE_ZPAL2E-L1-CT.StaCt,0,SANTO DOMINGO,CENTRAL,CENTRAL 138 kV,ZHNSAE,CT 600/1A,0.01
ZHNSAE_ZAAINE-L1-CT,\VM-PF.IntUser\PDD 31-12-2024.IntPrj\Network Model.IntPrjfolder\Network Data.IntPrjfolder\CENTRAL 138 kV.ElmNet\Hainamosa.ElmSite\ZHNSAE.ElmSubstat\E1.ElmTerm\Cub_1.StaCubic\ZHNSAE_ZAAINE-L1-CT.StaCt,0,SANTO DOMINGO,CENTRAL,CENTRAL 138 kV,ZHNSAE,CT 1200/1A,0.01
ZHNSAE_ZAAINE-L2-CT,\VM-PF.IntUser\PDD 31-12-2024.IntPrj\Network Model.IntPrjfolder\Network Data.IntPrjfolder\CENTRAL 138 kV.ElmNet\Hainamosa.ElmSite\ZHNSAE.ElmSubstat\E2.ElmTerm\Cub_1.StaCubic\ZHNSAE_ZAAINE-L2-CT.StaCt,0,SANTO DOMINGO,CENTRAL,CENTRAL 138 kV,ZHNSAE,CT 1200/1A,0.01
ZHNSAE_ZLMINE-L3-CT,\VM-PF.IntUser\PDD 31-12-2024.IntPrj\Network Model.IntPrjfolder\Network Data.IntPrjfolder\CENTRAL 138 kV.ElmNet\Hainamosa.ElmSite\ZHNSAE.ElmSubstat\E7.ElmTerm\Cub_1.StaCubic\ZHNSAE_ZLMINE-L3-CT.StaCt,0,SANTO DOMINGO,CENTRAL,CENTRAL 138 kV,ZHNSAE,CT 1200/1A,0.01
ZHNSAE_ZLMINE-L3-CT,\VM-PF.IntUser\PDD 31-12-2024.IntPrj\Network Model.IntPrjfolder\Network Data.IntPrjfolder\CENTRAL 138 kV.ElmNet\Hainamosa.ElmSite\ZHNSAE.ElmSubstat\E9.ElmTerm\Cub_1.StaCubic\ZHNSAE_ZLMINE-L3-CT.StaCt,0,SANTO DOMINGO,CENTRAL,CENTRAL 138 kV,ZHNSAE,CT 1200/1A,0.01
ZVDUAE_ZTIM2E-L1-CT,\VM-PF.IntUser\PDD 31-12-2024.IntPrj\Network Model.IntPrjfolder\Network Data.IntPrjfolder\CENTRAL 138 kV.ElmNet\Villa Duarte.ElmSite\ZVDUAE.ElmSubstat\E4.ElmTerm\Cub_1.StaCubic\ZVDUAE_ZTIM2E-L1-CT.StaCt,0,SANTO DOMINGO,CENTRAL,CENTRAL 138 kV,ZVDUAE,CT 1200/5A,0.01
ZVDUAE_ZLMINE-L1-CT,\VM-PF.IntUser\PDD 31-12-2024.IntPrj\Network Model.IntPrjfolder\Network Data.IntPrjfolder\CENTRAL 138 kV.ElmNet\Villa Duarte.ElmSite\ZVDUAE.ElmSubstat\E1.ElmTerm\Cub_1.StaCubic\ZVDUAE_ZLMINE-L1-CT.StaCt,0,SANTO DOMINGO,CENTRAL,CENTRAL 138 kV,ZVDUAE,CT 1200/5A,0.01
ZVDUAE_ZEBRIE-L1-CT,\VM-PF.IntUser\PDD 31-12-2024.IntPrj\Network Model.IntPrjfolder\Network Data.IntPrjfolder\CENTRAL 138 kV.ElmNet\Villa Duarte.ElmSite\ZVDUAE.ElmSubstat\E5.ElmTerm\Cub_1.StaCubic\ZVDUAE_ZEBRIE-L1-CT.StaCt,0,SANTO DOMINGO,CENTRAL,CENTRAL 138 kV,ZVDUAE,CT 800/5A,0.01
ZVDUAE_ZHNSAE-L1-CT,\VM-PF.IntUser\PDD 31-12-2024.IntPrj\Network Model.IntPrjfolder\Network Data.IntPrjfolder\CENTRAL 138 kV.ElmNet\Villa Duarte.ElmSite\ZVDUAE.ElmSubstat\E3.ElmTerm\Cub_1.StaCubic\ZVDUAE_ZHNSAE-L1-CT.StaCt,0,SANTO DOMINGO,CENTRAL,CENTRAL 138 kV,ZVDUAE,CT 600/1A,0.01
ZMATBE_ZHAINE-L1-CT,\VM-PF.IntUser\PDD 31-12-2024.IntPrj\Network Model.IntPrjfolder\Network Data.IntPrjfolder\CENTRAL 138 kV.ElmNet\ZMATAE.ElmSubstat\L1.ElmTerm\Cub_1.StaCubic\ZMATBE_ZHAINE-L1-CT.StaCt,0,DISTRITO NACIONAL,CENTRAL,CENTRAL 138 kV,ZMATAE,CT 600/1A,0.01
ZMATBE_ZUASDE-L1-CT,\VM-PF.IntUser\PDD 31-12-2024.IntPrj\Network Model.IntPrjfolder\Network Data.IntPrjfolder\CENTRAL 138 kV.ElmNet\ZMATAE.ElmSubstat\L2.ElmTerm\Cub_1.StaCubic\ZMATBE_ZUASDE-L1-CT.StaCt,0,DISTRITO NACIONAL,CENTRAL,CENTRAL 138 kV,ZMATAE,CT 1200/1A,0.01
ZMATBE_ZMETAE-L1-CT,\VM-PF.IntUser\PDD 31-12-2024.IntPrj\Network Model.IntPrjfolder\Network Data.IntPrjfolder\CENTRAL 138 kV.ElmNet\ZMATAE.ElmSubstat\L3.ElmTerm\Cub_1.StaCubic\ZMATBE_ZMETAE-L1-CT.StaCt,0,DISTRITO NACIONAL,CENTRAL,CENTRAL 138 kV,ZMATAE,CT 400/5A,0.01
ZMATBE_ZHAINE-L2-CT,\VM-PF.IntUser\PDD 31-12-2024.IntPrj\Network Model.IntPrjfolder\Network Data.IntPrjfolder\CENTRAL 138 kV.ElmNet\ZMATAE.ElmSubstat\R1.ElmTerm\Cub_1.StaCubic\ZMATBE_ZHAINE-L2-CT.StaCt,0,DISTRITO NACIONAL,CENTRAL,CENTRAL 138 kV,ZMATAE,CT 600/1A,0.01
ZMATAE_ZEMBAE-L1-CT,\VM-PF.IntUser\PDD 31-12-2024.IntPrj\Network Model.IntPrjfolder\Network Data.IntPrjfolder\CENTRAL 138 kV.ElmNet\ZMATAE.ElmSubstat\R2.ElmTerm\Cub_1.StaCubic\ZMATAE_ZEMBAE-L1-CT.StaCt,0,DISTRITO NACIONAL,CENTRAL,CENTRAL 138 kV,ZMATAE,CT 600/1A,0.01
ZLMI6E_ZLMINE-L1-CT,\VM-PF.IntUser\PDD 31-12-2024.IntPrj\Network Model.IntPrjfolder\Network Data.IntPrjfolder\CENTRAL 138 kV.ElmNet\Los Mina 6.ElmSite\ZLMI6E.ElmSubstat\1.ElmTerm\Cub_1.StaCubic\ZLMI6E_ZLMINE-L1-CT.StaCt,0,SANTO DOMINGO,CENTRAL,CENTRAL 138 kV,ZLMI6E,CT 1200/1A,0.01
ZAANDE_ZAAINE-L1-CT,\VM-PF.IntUser\PDD 31-12-2024.IntPrj\Network Model.IntPrjfolder\Network Data.IntPrjfolder\CENTRAL 138 kV.ElmNet\AES Andrés.ElmSite\ZAANDE.ElmSubstat\1.ElmTerm\Cub_1.StaCubic\ZAANDE_ZAAINE-L1-CT.StaCt,0,SANTO DOMINGO,CENTRAL,CENTRAL 138 kV,ZAANDE,CT 1600/5A,0.01
ZMETAE_ZMATBE-L1-CT,\VM-PF.IntUser\PDD 31-12-2024.IntPrj\Network Model.IntPrjfolder\Network Data.IntPrjfolder\CENTRAL 138 kV.ElmNet\METALDOM.ElmSite\ZMETAE.ElmSubstat\WMETAE(1).ElmTerm\WBMETAE(1).StaCubic\ZMETAE_ZMATBE-L1-CT.StaCt,0,DISTRITO NACIONAL,CENTRAL,CENTRAL 138 kV,ZMETAE,CT 400/5A,0.01
ZPARAE_ZMETRE-L1-CT,\VM-PF.IntUser\PDD 31-12-2024.IntPrj\Network Model.IntPrjfolder\Network Data.IntPrjfolder\CENTRAL 138 kV.ElmNet\ZPARAE.ElmSubstat\WPARAE(6).ElmTerm\WBPARA(1).StaCubic\ZPARAE_ZMETRE-L1-CT.StaCt,0,DISTRITO NACIONAL,CENTRAL,CENTRAL 138 kV,ZPARAE,CT 1200/1A,0.01
ZPARAE_ZJSA2E-L1-CT,\VM-PF.IntUser\PDD 31-12-2024.IntPrj\Network Model.IntPrjfolder\Network Data.IntPrjfolder\CENTRAL 138 kV.ElmNet\ZPARAE.ElmSubstat\1.ElmTerm\Cub_1.StaCubic\ZPARAE_ZJSA2E-L1-CT.StaCt,0,DISTRITO NACIONAL,CENTRAL,CENTRAL 138 kV,ZPARAE,CT 1200/1A,0.01
ZPARAE_ZMETRE-L1-CT,\VM-PF.IntUser\PDD 31-12-2024.IntPrj\Network Model.IntPrjfolder\Network Data.IntPrjfolder\CENTRAL 138 kV.ElmNet\ZPARAE.ElmSubstat\2.ElmTerm\WBPARA(1).StaCubic\ZPARAE_ZMETRE-L1-CT.StaCt,0,DISTRITO NACIONAL,CENTRAL,CENTRAL 138 kV,ZPARAE,CT 1200/1A,0.01
ZTIM2E_ZLMINE-L1-CT,\VM-PF.IntUser\PDD 31-12-2024.IntPrj\Network Model.IntPrjfolder\Network Data.IntPrjfolder\CENTRAL 138 kV.ElmNet\Timbeque 2.ElmSite\ZTIM2E.ElmSubstat\L2.ElmTerm\Cub_1.StaCubic\ZTIM2E_ZLMINE-L1-CT.StaCt,0,DISTRITO NACIONAL,CENTRAL,CENTRAL 138 kV,ZTIM2E,CT 1200/1A,0.01
ZTIM2E_ZVDUAE-L1-CT,\VM-PF.IntUser\PDD 31-12-2024.IntPrj\Network Model.IntPrjfolder\Network Data.IntPrjfolder\CENTRAL 138 kV.ElmNet\Timbeque 2.ElmSite\ZTIM2E.ElmSubstat\R1.ElmTerm\Cub_1.StaCubic\ZTIM2E_ZVDUAE-L1-CT.StaCt,0,DISTRITO NACIONAL,CENTRAL,CENTRAL 138 kV,ZTIM2E,CT 1200/1A,0.01
ZTIM2E_ZCNPEE-L1-CT,\VM-PF.IntUser\PDD 31-12-2024.IntPrj\Network Model.IntPrjfolder\Network Data.IntPrjfolder\CENTRAL 138 kV.ElmNet\Timbeque 2.ElmSite\ZTIM2E.ElmSubstat\R2.ElmTerm\Cub_1.StaCubic\ZTIM2E_ZCNPEE-L1-CT.StaCt,0,DISTRITO NACIONAL,CENTRAL,CENTRAL 138 kV,ZTIM2E,CT 1200/1A,0.01
ZLMI5E_ZLMINE-L1-CT,\VM-PF.IntUser\PDD 31-12-2024.IntPrj\Network Model.IntPrjfolder\Network Data.IntPrjfolder\CENTRAL 138 kV.ElmNet\Los Mina 5.ElmSite\ZLMI5E.ElmSubstat\1.ElmTerm\Cub_1.StaCubic\ZLMI5E_ZLMINE-L1-CT.StaCt,0,SANTO DOMINGO,CENTRAL,CENTRAL 138 kV,ZLMI5E,CT 1200/1A,0.01
ZPALAE_ZBON2E-L1-CT,\VM-PF.IntUser\PDD 31-12-2024.IntPrj\Network Model.IntPrjfolder\Network Data.IntPrjfolder\CENTRAL 138 kV.ElmNet\Palamara.ElmSite\ZPALAE.ElmSubstat\1.ElmTerm\Cub_1.StaCubic\ZPALAE_ZBON2E-L1-CT.StaCt,0,SANTO DOMINGO,CENTRAL,CENTRAL 138 kV,ZPALAE,CT 120-1500/5A,0.01
ZPALAE_ZBON2E-L2-CT,\VM-PF.IntUser\PDD 31-12-2024.IntPrj\Network Model.IntPrjfolder\Network Data.IntPrjfolder\CENTRAL 138 kV.ElmNet\Palamara.ElmSite\ZPALAE.ElmSubstat\2.ElmTerm\Cub_1.StaCubic\ZPALAE_ZBON2E-L2-CT.StaCt,0,SANTO DOMINGO,CENTRAL,CENTRAL 138 kV,ZPALAE,CT 120-1500/5A,0.01
ZPAL1E_ZJSA2E-L2-CT,\VM-PF.IntUser\PDD 31-12-2024.IntPrj\Network Model.IntPrjfolder\Network Data.IntPrjfolder\CENTRAL 138 kV.ElmNet\Palamara.ElmSite\ZPALAE.ElmSubstat\3.ElmTerm\Cub_1.StaCubic\ZPAL1E_ZJSA2E-L2-CT.StaCt,0,SANTO DOMINGO,CENTRAL,CENTRAL 138 kV,ZPALAE,CT 1200/1A,0.01
ZPAL1E_ZJSA2E-L1-CT1A,\VM-PF.IntUser\PDD 31-12-2024.IntPrj\Network Model.IntPrjfolder\Network Data.IntPrjfolder\CENTRAL 138 kV.ElmNet\Palamara.ElmSite\ZPALAE.ElmSubstat\4.ElmTerm\Cub_1.StaCubic\ZPAL1E_ZJSA2E-L1-CT1A.StaCt,0,SANTO DOMINGO,CENTRAL,CENTRAL 138 kV,ZPALAE,CT 1200/1A,0.01
ZPALAE_ZVMELE-L1-CT,\VM-PF.IntUser\PDD 31-12-2024.IntPrj\Network Model.IntPrjfolder\Network Data.IntPrjfolder\CENTRAL 138 kV.ElmNet\Palamara.ElmSite\ZPALAE.ElmSubstat\5.ElmTerm\Cub_1.StaCubic\ZPALAE_ZVMELE-L1-CT.StaCt,0,SANTO DOMINGO,CENTRAL,CENTRAL 138 kV,ZPALAE,CT 800/5A,0.01
ZPALAE_ZHNS2E-L1-CT,\VM-PF.IntUser\PDD 31-12-2024.IntPrj\Network Model.IntPrjfolder\Network Data.IntPrjfolder\CENTRAL 138 kV.ElmNet\Palamara.ElmSite\ZPALAE.ElmSubstat\6.ElmTerm\Cub_1.StaCubic\ZPALAE_ZHNS2E-L1-CT.StaCt,0,SANTO DOMINGO,CENTRAL,CENTRAL 138 kV,ZPALAE,CT 600/5A,0.01
ZPALAE_ZAHO1E-L1-CT,\VM-PF.IntUser\PDD 31-12-2024.IntPrj\Network Model.IntPrjfolder\Network Data.IntPrjfolder\CENTRAL 138 kV.ElmNet\Palamara.ElmSite\ZPALAE.ElmSubstat\7.ElmTerm\Cub_1.StaCubic\ZPALAE_ZAHO1E-L1-CT.StaCt,0,SANTO DOMINGO,CENTRAL,CENTRAL 138 kV,ZPALAE,CT 1200/5A,0.01
ZPALAE_ZITABE-L1-CT,\VM-PF.IntUser\PDD 31-12-2024.IntPrj\Network Model.IntPrjfolder\Network Data.IntPrjfolder\CENTRAL 138 kV.ElmNet\Palamara.ElmSite\ZPALAE.ElmSubstat\8.ElmTerm\Cub_1.StaCubic\ZPALAE_ZITABE-L1-CT.StaCt,0,SANTO DOMINGO,CENTRAL,CENTRAL 138 kV,ZPALAE,CT 1200/5A,0.01
ZPALAE_ZSCNOE-L1-CT,\VM-PF.IntUser\PDD 31-12-2024.IntPrj\Network Model.IntPrjfolder\Network Data.IntPrjfolder\CENTRAL 138 kV.ElmNet\Palamara.ElmSite\ZPALAE.ElmSubstat\11.ElmTerm\Cub_1.StaCubic\ZPALAE_ZSCNOE-L1-CT.StaCt,0,SANTO DOMINGO,CENTRAL,CENTRAL 138 kV,ZPALAE,CT 120-1500/5A,0.01
ZPALAE_ZVALDE-L1-CT,\VM-PF.IntUser\PDD 31-12-2024.IntPrj\Network Model.IntPrjfolder\Network Data.IntPrjfolder\CENTRAL 138 kV.ElmNet\Palamara.ElmSite\ZPALAE.ElmSubstat\12.ElmTerm\Cub_1.StaCubic\ZPALAE_ZVALDE-L1-CT.StaCt,0,SANTO DOMINGO,CENTRAL,CENTRAL 138 kV,ZPALAE,CT 120-1500/5A,0.01
ZLMINE_ZVDUAE-L1-CT,\VM-PF.IntUser\PDD 31-12-2024.IntPrj\Network Model.IntPrjfolder\Network Data.IntPrjfolder\CENTRAL 138 kV.ElmNet\ZLMINE.ElmSubstat\R2.ElmTerm\Cub_1.StaCubic\ZLMINE_ZVDUAE-L1-CT.StaCt,0,SANTO DOMINGO,CENTRAL,CENTRAL 138 kV,ZLMINE,CT 1200/1A,0.01
ZLMINE_ZHNSAE-L3-CT,\VM-PF.IntUser\PDD 31-12-2024.IntPrj\Network Model.IntPrjfolder\Network Data.IntPrjfolder\CENTRAL 138 kV.ElmNet\ZLMINE.ElmSubstat\L1.ElmTerm\Cub_1.StaCubic\ZLMINE_ZHNSAE-L3-CT.StaCt,0,SANTO DOMINGO,CENTRAL,CENTRAL 138 kV,ZLMINE,CT 1200/1A,0.01
ZLMINE_ZLMI5E-L1-CT,\VM-PF.IntUser\PDD 31-12-2024.IntPrj\Network Model.IntPrjfolder\Network Data.IntPrjfolder\CENTRAL 138 kV.ElmNet\ZLMINE.ElmSubstat\L2.ElmTerm\Cub_1.StaCubic\ZLMINE_ZLMI5E-L1-CT.StaCt,0,SANTO DOMINGO,CENTRAL,CENTRAL 138 kV,ZLMINE,CT 1200/1A,0.01
ZLMINE_ZHNSAE-L2-CT,\VM-PF.IntUser\PDD 31-12-2024.IntPrj\Network Model.IntPrjfolder\Network Data.IntPrjfolder\CENTRAL 138 kV.ElmNet\ZLMINE.ElmSubstat\R1.ElmTerm\Cub_1.StaCubic\ZLMINE_ZHNSAE-L2-CT.StaCt,0,SANTO DOMINGO,CENTRAL,CENTRAL 138 kV,ZLMINE,CT 600/1A,0.01
ZLMINE_ZLMI6E-L1-CT,\VM-PF.IntUser\PDD 31-12-2024.IntPrj\Network Model.IntPrjfolder\Network Data.IntPrjfolder\CENTRAL 138 kV.ElmNet\ZLMINE.ElmSubstat\R3.ElmTerm\Cub_1.StaCubic\ZLMINE_ZLMI6E-L1-CT.StaCt,0,SANTO DOMINGO,CENTRAL,CENTRAL 138 kV,ZLMINE,CT 1200/1A,0.01
ZLM11E_ZLISAE-L1-CT,\VM-PF.IntUser\PDD 31-12-2024.IntPrj\Network Model.IntPrjfolder\Network Data.IntPrjfolder\CENTRAL 138 kV.ElmNet\ZLMINE.ElmSubstat\L5.ElmTerm\Cub_1.StaCubic\ZLM11E_ZLISAE-L1-CT.StaCt,0,SANTO DOMINGO,CENTRAL,CENTRAL 138 kV,ZLMINE,CT 1200/5A,0.01
ZLM11E_ZHNS2E-L1-CT,\VM-PF.IntUser\PDD 31-12-2024.IntPrj\Network Model.IntPrjfolder\Network Data.IntPrjfolder\CENTRAL 138 kV.ElmNet\ZLMINE.ElmSubstat\L6.ElmTerm\Cub_1.StaCubic\ZLM11E_ZHNS2E-L1-CT.StaCt,0,SANTO DOMINGO,CENTRAL,CENTRAL 138 kV,ZLMINE,CT 600/1A,0.01
ZLMINE_ZLMI7E-L1-CT,\VM-PF.IntUser\PDD 31-12-2024.IntPrj\Network Model.IntPrjfolder\Network Data.IntPrjfolder\CENTRAL 138 kV.ElmNet\ZLMINE.ElmSubstat\L8.ElmTerm\Cub_1.StaCubic\ZLMINE_ZLMI7E-L1-CT.StaCt,0,SANTO DOMINGO,CENTRAL,CENTRAL 138 kV,ZLMINE,CT 1200/1A,0.01
ZLMINE_ZTIM2E-L1-CT,\VM-PF.IntUser\PDD 31-12-2024.IntPrj\Network Model.IntPrjfolder\Network Data.IntPrjfolder\CENTRAL 138 kV.ElmNet\ZLMINE.ElmSubstat\R5.ElmTerm\Cub_1.StaCubic\ZLMINE_ZTIM2E-L1-CT.StaCt,0,SANTO DOMINGO,CENTRAL,CENTRAL 138 kV,ZLMINE,CT 1200/1A,0.01
ZLISAE_ZAHO1E-L1-CT,\VM-PF.IntUser\PDD 31-12-2024.IntPrj\Network Model.IntPrjfolder\Network Data.IntPrjfolder\CENTRAL 138 kV.ElmNet\ZLISAE.ElmSubstat\1.ElmTerm\Cub_1.StaCubic\ZLISAE_ZAHO1E-L1-CT.StaCt,0,DISTRITO NACIONAL,CENTRAL,CENTRAL 138 kV,ZLISAE,CT 1200/5A,0.01
ZLISAE_ZLM11E-L1-CT,\VM-PF.IntUser\PDD 31-12-2024.IntPrj\Network Model.IntPrjfolder\Network Data.IntPrjfolder\CENTRAL 138 kV.ElmNet\ZLISAE.ElmSubstat\4.ElmTerm\Cub_1.StaCubic\ZLISAE_ZLM11E-L1-CT.StaCt,0,DISTRITO NACIONAL,CENTRAL,CENTRAL 138 kV,ZLISAE,CT 1200/5A,0.01
ZLMI7E_ZLMINE-L1-CT,\VM-PF.IntUser\PDD 31-12-2024.IntPrj\Network Model.IntPrjfolder\Network Data.IntPrjfolder\CENTRAL 138 kV.ElmNet\Los Mina 7.ElmSite\ZLMI7E.ElmSubstat\2.ElmTerm\Cub_1.StaCubic\ZLMI7E_ZLMINE-L1-CT.StaCt,0,SANTO DOMINGO,CENTRAL,CENTRAL 138 kV,ZLMI7E,CT 2000/5A,0.01
ZAAINE_ZAANDE-L1-CT,\VM-PF.IntUser\PDD 31-12-2024.IntPrj\Network Model.IntPrjfolder\Network Data.IntPrjfolder\CENTRAL 138 kV.ElmNet\ZIAANE.ElmSubstat\1.ElmTerm\Cub_1.StaCubic\ZAAINE_ZAANDE-L1-CT.StaCt,0,SANTO DOMINGO,CENTRAL,CENTRAL 138 kV,ZIAANE,CT 1200/5A,0.01
ZAAINE_ZHNSAE-L2-CT,\VM-PF.IntUser\PDD 31-12-2024.IntPrj\Network Model.IntPrjfolder\Network Data.IntPrjfolder\CENTRAL 138 kV.ElmNet\ZIAANE.ElmSubstat\2.ElmTerm\Cub_1.StaCubic\ZAAINE_ZHNSAE-L2-CT.StaCt,0,SANTO DOMINGO,CENTRAL,CENTRAL 138 kV,ZIAANE,CT 1200/5A,0.01
ZAAINE_ZHNSAE-L1-CT,\VM-PF.IntUser\PDD 31-12-2024.IntPrj\Network Model.IntPrjfolder\Network Data.IntPrjfolder\CENTRAL 138 kV.ElmNet\ZIAANE.ElmSubstat\3.ElmTerm\Cub_1.StaCubic\ZAAINE_ZHNSAE-L1-CT.StaCt,0,SANTO DOMINGO,CENTRAL,CENTRAL 138 kV,ZIAANE,CT 1200/5A,0.01
ZAAINE_ZHNSAE-L1-CT,\VM-PF.IntUser\PDD 31-12-2024.IntPrj\Network Model.IntPrjfolder\Network Data.IntPrjfolder\CENTRAL 138 kV.ElmNet\ZIAANE.ElmSubstat\4.ElmTerm\Cub_1.StaCubic\ZAAINE_ZHNSAE-L1-CT.StaCt,0,SANTO DOMINGO,CENTRAL,CENTRAL 138 kV,ZIAANE,CT 1200/5A,0.01
ZAAINE_ZCLUIE-L1-CT,\VM-PF.IntUser\PDD 31-12-2024.IntPrj\Network Model.IntPrjfolder\Network Data.IntPrjfolder\CENTRAL 138 kV.ElmNet\ZIAANE.ElmSubstat\5.ElmTerm\Cub_1.StaCubic\ZAAINE_ZCLUIE-L1-CT.StaCt,0,SANTO DOMINGO,CENTRAL,CENTRAL 138 kV,ZIAANE,CT 1200/5A,0.01
ZLPRAE_ZEMBAE-L1-CT,\VM-PF.IntUser\PDD 31-12-2024.IntPrj\Network Model.IntPrjfolder\Network Data.IntPrjfolder\CENTRAL 138 kV.ElmNet\ZLPRAE.ElmSubstat\1.ElmTerm\Cub_1.StaCubic\ZLPRAE_ZEMBAE-L1-CT.StaCt,0,DISTRITO NACIONAL,CENTRAL,CENTRAL 138 kV,ZLPRAE,CT 600/1A,0.01
ZLPRAE_ZHERRE-L1-CT,\VM-PF.IntUser\PDD 31-12-2024.IntPrj\Network Model.IntPrjfolder\Network Data.IntPrjfolder\CENTRAL 138 kV.ElmNet\ZLPRAE.ElmSubstat\3.ElmTerm\Cub_1.StaCubic\ZLPRAE_ZHERRE-L1-CT.StaCt,0,DISTRITO NACIONAL,CENTRAL,CENTRAL 138 kV,ZLPRAE,CT 600/1A,0.01
ZLPRAE_WITA2E-L1-CT,\VM-PF.IntUser\PDD 31-12-2024.IntPrj\Network Model.IntPrjfolder\Network Data.IntPrjfolder\CENTRAL 138 kV.ElmNet\ZLPRAE.ElmSubstat\2.ElmTerm\Cub_1.StaCubic\ZLPRAE_WITA2E-L1-CT.StaCt,0,DISTRITO NACIONAL,CENTRAL,CENTRAL 138 kV,ZLPRAE,CT 600/1A,0.01
ZUASDE_ZCNPEE-L1-CT,\VM-PF.IntUser\PDD 31-12-2024.IntPrj\Network Model.IntPrjfolder\Network Data.IntPrjfolder\CENTRAL 138 kV.ElmNet\ZUASDE.ElmSubstat\L1.ElmTerm\Cub_1.StaCubic\ZUASDE_ZCNPEE-L1-CT.StaCt,0,DISTRITO NACIONAL,CENTRAL,CENTRAL 138 kV,ZUASDE,CT 1200/1A,0.01
ZUASDE_ZMATBE-L1-CT,\VM-PF.IntUser\PDD 31-12-2024.IntPrj\Network Model.IntPrjfolder\Network Data.IntPrjfolder\CENTRAL 138 kV.ElmNet\ZUASDE.ElmSubstat\R1.ElmTerm\Cub_1.StaCubic\ZUASDE_ZMATBE-L1-CT.StaCt,0,DISTRITO NACIONAL,CENTRAL,CENTRAL 138 kV,ZUASDE,CT 1200/1A,0.01
ZUASDE_ZITAGE-L1-CT,\VM-PF.IntUser\PDD 31-12-2024.IntPrj\Network Model.IntPrjfolder\Network Data.IntPrjfolder\CENTRAL 138 kV.ElmNet\ZUASDE.ElmSubstat\L2.ElmTerm\Cub_1.StaCubic\ZUASDE_ZITAGE-L1-CT.StaCt,0,DISTRITO NACIONAL,CENTRAL,CENTRAL 138 kV,ZUASDE,CT 1200/1A,0.01
ZEBRIE_ZHNSAE-L1-CT,\VM-PF.IntUser\PDD 31-12-2024.IntPrj\Network Model.IntPrjfolder\Network Data.IntPrjfolder\CENTRAL 138 kV.ElmNet\ZEBRIE.ElmSubstat\2.ElmTerm\Cub_1.StaCubic\ZEBRIE_ZHNSAE-L1-CT.StaCt,0,SANTO DOMINGO,CENTRAL,CENTRAL 138 kV,ZEBRIE,CT 600/1A,0.01
ZEBRIE_VDU1E-L1-CT,\VM-PF.IntUser\PDD 31-12-2024.IntPrj\Network Model.IntPrjfolder\Network Data.IntPrjfolder\CENTRAL 138 kV.ElmNet\ZEBRIE.ElmSubstat\1.ElmTerm\Cub_1.StaCubic\ZEBRIE_VDU1E-L1-CT.StaCt,0,SANTO DOMINGO,CENTRAL,CENTRAL 138 kV,ZEBRIE,CT 600/1A,0.01
ZMETRE_ZCNPEE-L1-CT,\VM-PF.IntUser\PDD 31-12-2024.IntPrj\Network Model.IntPrjfolder\Network Data.IntPrjfolder\CENTRAL 138 kV.ElmNet\Metropolitano.ElmSite\ZMETRE.ElmSubstat\1.ElmTerm\Cub_1.StaCubic\ZMETRE_ZCNPEE-L1-CT.StaCt,0,DISTRITO NACIONAL,CENTRAL,CENTRAL 138 kV,ZMETRE,CT 1200/1A,0.01
ZMETRE_ZPARAE-L1-CT,\VM-PF.IntUser\PDD 31-12-2024.IntPrj\Network Model.IntPrjfolder\Network Data.IntPrjfolder\CENTRAL 138 kV.ElmNet\Metropolitano.ElmSite\ZMETRE.ElmSubstat\2.ElmTerm\Cub_1.StaCubic\ZMETRE_ZPARAE-L1-CT.StaCt,0,DISTRITO NACIONAL,CENTRAL,CENTRAL 138 kV,ZMETRE,CT 1200/1A,0.01
ZVMELE_ZPAL2E-L1-CT,\VM-PF.IntUser\PDD 31-12-2024.IntPrj\Network Model.IntPrjfolder\Network Data.IntPrjfolder\CENTRAL 138 kV.ElmNet\ZVMELE.ElmSubstat\1.ElmTerm\Cub_1.StaCubic\ZVMELE_ZPAL2E-L1-CT.StaCt,0,SANTO DOMINGO,CENTRAL,CENTRAL 138 kV,ZVMELE,CT 600/1A,0.01
ZVMELE_ZHNSAE-L1-CT,\VM-PF.IntUser\PDD 31-12-2024.IntPrj\Network Model.IntPrjfolder\Network Data.IntPrjfolder\CENTRAL 138 kV.ElmNet\ZVMELE.ElmSubstat\2.ElmTerm\Cub_1.StaCubic\ZVMELE_ZHNSAE-L1-CT.StaCt,0,SANTO DOMINGO,CENTRAL,CENTRAL 138 kV,ZVMELE,CT 600/1A,0.01
