nombre,ruta,nntap0,strn,utrn_h,utrn_l,uktr,uk0tr,pcutr,pfe,curmg,vecgrp,tap_side,ntpmn,ntpmx,dutap,phitr,r1pu,x1pu,frnom
69/20 kV Trafo Monte Plata Solar 60 MVA,\VM-PF.IntUser\PDD 31-12-2024.IntPrj\Library.IntPrjfolder\Equipment Type Library.IntPrjfolder\Types Transformers\69/20 kV Trafo Monte Plata Solar 60 MVA.TypTr2,0,60.0,69.0,20.0,12.0,10.800000190734863,115.0,0.0,0.0,YNyn0,0,-8,10,2.0,0.0,0.0019166666315868497,0.1199846863746643,60.0
69/13.8 kV Trafo Palamara G1 55 MVA,\VM-PF.IntUser\PDD 31-12-2024.IntPrj\Library.IntPrjfolder\Equipment Type Library.IntPrjfolder\Types Transformers\69/13.8 kV Trafo Palamara G1 55 MVA.TypTr2,0,55.0,69.0,13.800000190734863,10.15999984741211,9.140000343322754,270.0,0.0,0.0,YNd11,0,-2,2,2.5,0.0,0.00490909069776535,0.10148133337497711,60.0
69/12.47 kV Trafo INCA 28 MVA,\VM-PF.IntUser\PDD 31-12-2024.IntPrj\Library.IntPrjfolder\Equipment Type Library.IntPrjfolder\Types Transformers\69/12.47 kV Trafo INCA 28 MVA.TypTr2,0,28.0,69.0,12.470000267028809,8.0,6.96999979019165,140.0,0.0,0.0,Dyn1,0,-2,2,2.5,0.0,0.004999999888241291,0.07984359562397003,60.0
66/13.8 kV Trafo EDM3 66 MVA,\VM-PF.IntUser\PDD 31-12-2024.IntPrj\Library.IntPrjfolder\Equipment Type Library.IntPrjfolder\Types Transformers\66/13.8 kV Trafo EDM3 66 MVA.TypTr2,0,66.0,66.0,13.800000190734863,12.170000076293945,10.95300006866455,190.38900756835938,0.0,0.0,YNd11,0,-9,9,1.6696969270706177,0.0,0.002884682035073638,0.12166581302881241,60.0
69/12.5 kV Trafo de Mata de Palma 60 MVA,\VM-PF.IntUser\PDD 31-12-2024.IntPrj\Library.IntPrjfolder\Equipment Type Library.IntPrjfolder\Types Transformers\69/12.5 kV Trafo de Mata de Palma 60 MVA.TypTr2,0,60.0,69.0,34.5,12.48783016204834,11.229999542236328,265.20001220703125,0.0,0.0,YNd11,0,-10,10,1.0,0.0,0.0044200001284480095,0.12480005621910095,60.0
69/13.8 kV Trafo Maranatha,\VM-PF.IntUser\PDD 31-12-2024.IntPrj\Library.IntPrjfolder\Equipment Type Library.IntPrjfolder\Types Transformers\69/13.8 kV Trafo Maranatha.TypTr2,0,24.0,69.0,13.800000190734863,9.720000267028809,8.75,171.83999633789062,0.0,0.0,YNd11,0,-16,16,0.625,0.0,0.007160000037401915,0.09693593531847,60.0
345/138 kV Julio Sauri T1 y T2 (600 MVA),\VM-PF.IntUser\PDD 31-12-2024.IntPrj\Library.IntPrjfolder\Equipment Type Library.IntPrjfolder\Types Transformers\345/138 kV Julio Sauri T1 y T2 (600 MVA).TypTr2,0,600.0,345.0,138.0,13.770000457763672,13.961275100708008,118.78199768066406,0.0,0.041999999433755875,YNyn0,0,-10,10,1.25,0.0,0.00019797000277321786,0.13769985735416412,60.0
345/138 kV El Naranjo T1 y T2 (450 MVA),\VM-PF.IntUser\PDD 31-12-2024.IntPrj\Library.IntPrjfolder\Equipment Type Library.IntPrjfolder\Types Transformers\345/138 kV El Naranjo T1 y T2 (450 MVA).TypTr2,0,450.0,345.0,138.0,13.5,12.320429801940918,118.78199768066406,0.0,0.0,YNyn0,0,-10,10,1.25,0.0,0.00026395998429507017,0.13499975204467773,60.0
230/13.8 kV Trafo 18% Quisqueya 90 MVA,\VM-PF.IntUser\PDD 31-12-2024.IntPrj\Library.IntPrjfolder\Equipment Type Library.IntPrjfolder\Types Transformers\230/13.8 kV Trafo 18% Quisqueya 90 MVA.TypTr2,0,90.0,230.0,13.800000190734863,18.004444122314453,4.300000190734863,360.0,0.0,0.0,YNd11,0,-2,2,2.5,0.0,0.004000000189989805,0.18000000715255737,60.0
230/13.8 kV Trafo18% Quisqueya 106 MVA,\VM-PF.IntUser\PDD 31-12-2024.IntPrj\Library.IntPrjfolder\Equipment Type Library.IntPrjfolder\Types Transformers\230/13.8 kV Trafo18% Quisqueya 106 MVA.TypTr2,0,106.0,230.0,13.800000190734863,18.0,4.300000190734863,420.0,0.0,0.0,YNd11,0,-2,2,2.5,0.0,0.003962263930588961,0.17995639145374298,60.0
230/34.5 kV Trafo Barrick Carga 150 MVA,\VM-PF.IntUser\PDD 31-12-2024.IntPrj\Library.IntPrjfolder\Equipment Type Library.IntPrjfolder\Types Transformers\230/34.5 kV Trafo Barrick Carga 150 MVA.TypTr2,0,150.0,230.0,34.5,11.0,11.0,659.4727172851562,0.0,0.10999999940395355,YNyn11,0,-5,5,1.7999999523162842,0.0,0.004396484699100256,0.10991210490465164,60.0
345/22 kV Trafo Punta Catalina 425 MVA,\VM-PF.IntUser\PDD 31-12-2024.IntPrj\Library.IntPrjfolder\Equipment Type Library.IntPrjfolder\Types Transformers\345/22 kV Trafo Punta Catalina 425 MVA.TypTr2,0,425.0,345.0,22.0,16.0,14.399999618530273,212.5,0.0,0.0,YNd1,0,-16,16,0.623199999332428,0.0,0.0005000000237487257,0.15999922156333923,60.0
345/230 kV Bonao 3 T1 (300 MVA),\VM-PF.IntUser\PDD 31-12-2024.IntPrj\Library.IntPrjfolder\Equipment Type Library.IntPrjfolder\Types Transformers\345/230 kV Bonao 3 T1 (300 MVA).TypTr2,0,300.0,345.0,230.0,17.016000747680664,15.45181655883789,150.0,0.0,0.0,YNyn0,0,-16,16,0.6230000257492065,0.0,0.0005000000237487257,0.17015928030014038,60.0
230/138 kV Bonao 3 T1 (250MVA),\VM-PF.IntUser\PDD 31-12-2024.IntPrj\Library.IntPrjfolder\Equipment Type Library.IntPrjfolder\Types Transformers\230/138 kV Bonao 3 T1 (250MVA).TypTr2,0,250.0,230.0,138.0,14.579999923706055,13.227599143981934,755.0,0.0,0.0,YNyn0,0,-10,10,0.6259999871253967,0.0,0.003019999945536256,0.14576871693134308,60.0
345/138 kV Guerra T1 (450 MVA),\VM-PF.IntUser\PDD 31-12-2024.IntPrj\Library.IntPrjfolder\Equipment Type Library.IntPrjfolder\Types Transformers\345/138 kV Guerra T1 (450 MVA).TypTr2,0,450.0,345.0,138.0,9.029999732971191,8.268671989440918,2250.0,0.0,0.0,YNyn0,0,-11,11,1.0,0.0,0.004999999888241291,0.09016145765781403,60.0
138/13.8 kV Traf Sult. del Este 100 MVA,\VM-PF.IntUser\PDD 31-12-2024.IntPrj\Library.IntPrjfolder\Equipment Type Library.IntPrjfolder\Types Transformers\138/13.8 kV Traf Sult. del Este 100 MVA.TypTr2,0,100.0,138.0,13.800000190734863,9.800000190734863,8.819999694824219,500.0,0.0,0.0,YNd1,0,-2,2,2.5,0.0,0.004999999888241291,0.09787236899137497,60.0
133/69 kV La Romana T1 (100 MVA),\VM-PF.IntUser\PDD 31-12-2024.IntPrj\Library.IntPrjfolder\Equipment Type Library.IntPrjfolder\Types Transformers\133/69 kV La Romana T1 (100 MVA).TypTr2,0,100.0,133.0,69.0,9.829999923706055,8.885011672973633,500.0,0.0,0.0,YNyn0,1,-16,16,0.625,0.0,0.004999999888241291,0.09817276149988174,60.0
140/13.8 kV Trafo CESPM 3 150 MVA,\VM-PF.IntUser\PDD 31-12-2024.IntPrj\Library.IntPrjfolder\Equipment Type Library.IntPrjfolder\Types Transformers\140/13.8 kV Trafo CESPM 3 150 MVA.TypTr2,0,150.0,138.0,13.800000190734863,16.579999923706055,14.930000305175781,451.8800048828125,0.0,0.0,YNd1,0,-2,2,2.5,0.0,0.00301253329962492,0.16577263176441193,60.0
140/13.8 kV Trafo CESPM 2 120 MVA,\VM-PF.IntUser\PDD 31-12-2024.IntPrj\Library.IntPrjfolder\Equipment Type Library.IntPrjfolder\Types Transformers\140/13.8 kV Trafo CESPM 2 120 MVA.TypTr2,0,120.0,140.0,13.800000190734863,13.25,11.930000305175781,600.0,0.0,0.0,YNd11,0,-2,2,2.5,0.0,0.004999999888241291,0.132405623793602,60.0
140/13.8 kV Trafo CESPM 1 120 MVA,\VM-PF.IntUser\PDD 31-12-2024.IntPrj\Library.IntPrjfolder\Equipment Type Library.IntPrjfolder\Types Transformers\140/13.8 kV Trafo CESPM 1 120 MVA.TypTr2,0,120.0,140.0,13.800000190734863,13.25,11.930000305175781,600.0,0.0,0.0,YNd11,0,-2,2,2.5,0.0,0.004999999888241291,0.132405623793602,60.0
138/13.8 kV Trafo CEMEX 40 MVA,\VM-PF.IntUser\PDD 31-12-2024.IntPrj\Library.IntPrjfolder\Equipment Type Library.IntPrjfolder\Types Transformers\138/13.8 kV Trafo CEMEX 40 MVA.TypTr2,0,40.0,138.0,13.800000190734863,11.0,9.899999618530273,200.0,0.0,0.0,Dyn1,0,-2,2,2.5,0.0,0.004999999888241291,0.1098863035440445,60.0
138/12.47 kV Trafo Los Orígenes 65 MVA,\VM-PF.IntUser\PDD 31-12-2024.IntPrj\Library.IntPrjfolder\Equipment Type Library.IntPrjfolder\Types Transformers\138/12.47 kV Trafo Los Orígenes 65 MVA.TypTr2,0,65.0,138.0,12.470000267028809,18.3700008392334,18.3700008392334,325.0,0.0,0.0,YNd1,0,-2,2,2.5,0.0,0.004999999888241291,0.18363195657730103,60.0
138/13.8 kV Trafo SP Bio-Energy 45 MVA,\VM-PF.IntUser\PDD 31-12-2024.IntPrj\Library.IntPrjfolder\Equipment Type Library.IntPrjfolder\Types Transformers\138/13.8 kV Trafo SP Bio-Energy 45 MVA.TypTr2,0,45.0,138.0,13.800000190734863,13.170000076293945,11.852999687194824,225.0,0.0,0.0,YNd5,0,-11,11,1.0,0.0,0.004999999888241291,0.13160504400730133,60.0
138/69 kV SPM T1 (125 MVA),\VM-PF.IntUser\PDD 31-12-2024.IntPrj\Library.IntPrjfolder\Equipment Type Library.IntPrjfolder\Types Transformers\138/69 kV SPM T1 (125 MVA).TypTr2,0,125.0,138.0,69.0,12.399999618530273,11.15999984741211,531.25,0.0,0.0,YNyn0,0,-11,11,1.0,0.0,0.0042500002309679985,0.12392714619636536,60.0
138/69 kV Hato Mayor 2 T1 (80MVA),\VM-PF.IntUser\PDD 31-12-2024.IntPrj\Library.IntPrjfolder\Equipment Type Library.IntPrjfolder\Types Transformers\138/69 kV Hato Mayor 2 T1 (80MVA).TypTr2,0,80.0,138.0,69.0,10.0,9.036667823791504,400.0,0.0,0.0,YNyn0,0,-13,13,1.0,0.0,0.004999999888241291,0.09987492114305496,60.0
138/34.5 kV Trafo El Soco 80 MVA,\VM-PF.IntUser\PDD 31-12-2024.IntPrj\Library.IntPrjfolder\Equipment Type Library.IntPrjfolder\Types Transformers\138/34.5 kV Trafo El Soco 80 MVA.TypTr2,0,80.0,138.0,34.5,12.693300247192383,11.423999786376953,400.0,0.0,0.0,YNd11,0,-10,10,1.0099999904632568,0.0,0.004999999888241291,0.12683449685573578,60.0
138/34.5 kV Trafo Cumayasa 65 MVA,\VM-PF.IntUser\PDD 31-12-2024.IntPrj\Library.IntPrjfolder\Equipment Type Library.IntPrjfolder\Types Transformers\138/34.5 kV Trafo Cumayasa 65 MVA.TypTr2,0,65.0,138.0,34.5,12.5,11.25,250.0,35.0,0.5,YNd11,0,-10,10,1.0,0.0,0.003846153849735856,0.12494081258773804,60.0
138/69 kV ZF Santiago T1 (140 MVA),\VM-PF.IntUser\PDD 31-12-2024.IntPrj\Library.IntPrjfolder\Equipment Type Library.IntPrjfolder\Types Transformers\138/69 kV ZF Santiago T1 (140 MVA).TypTr2,0,140.0,138.0,69.0,14.800000190734863,13.42111873626709,192.0800018310547,0.0,0.0,YNyn0,0,-8,8,0.0,0.0,0.0013719999697059393,0.14799363911151886,60.0
138/69 kV Bonao 2 T1 (140 MVA),\VM-PF.IntUser\PDD 31-12-2024.IntPrj\Library.IntPrjfolder\Equipment Type Library.IntPrjfolder\Types Transformers\138/69 kV Bonao 2 T1 (140 MVA).TypTr2,0,140.0,138.0,69.0,11.9399995803833,10.80886459350586,537.0399780273438,0.0,0.0,YNyn0,0,-15,15,1.0,0.0,0.003835999872535467,0.11933836340904236,60.0
13.8/4.16 kV Trafo C.E Monción 4 MVA,\VM-PF.IntUser\PDD 31-12-2024.IntPrj\Library.IntPrjfolder\Equipment Type Library.IntPrjfolder\Types Transformers\13.8/4.16 kV Trafo C.E Monción 4 MVA.TypTr2,0,4.0,13.800000190734863,4.159999847412109,5.8002800941467285,5.21999979019165,4.062099933624268,0.0,0.0,YNd1,1,-2,2,2.5,0.0,0.0010155249619856477,0.05799391120672226,60.0
138/13.8 kV Trafo Monción 30 MVA,\VM-PF.IntUser\PDD 31-12-2024.IntPrj\Library.IntPrjfolder\Equipment Type Library.IntPrjfolder\Types Transformers\138/13.8 kV Trafo Monción 30 MVA.TypTr2,0,30.0,138.0,13.800000190734863,7.998680114746094,7.199999809265137,93.125,0.0,0.0,YNd1,0,-2,2,2.5,0.0,0.003104166593402624,0.07992654293775558,60.0
13.8/13.8 kV Trafo Moncion 5 MVA,\VM-PF.IntUser\PDD 31-12-2024.IntPrj\Library.IntPrjfolder\Equipment Type Library.IntPrjfolder\Types Transformers\13.8/13.8 kV Trafo Moncion 5 MVA.TypTr2,0,5.0,13.800000190734863,13.800000190734863,7.039999961853027,6.335999965667725,25.0,0.0,0.0,Dyn7,0,-2,2,2.5,0.0,0.004999999888241291,0.07022221386432648,60.0
138/13.8 kV Trafo Pimentel 3 100 MVA,\VM-PF.IntUser\PDD 31-12-2024.IntPrj\Library.IntPrjfolder\Equipment Type Library.IntPrjfolder\Types Transformers\138/13.8 kV Trafo Pimentel 3 100 MVA.TypTr2,0,100.0,138.0,13.800000190734863,15.79170036315918,14.212499618530273,409.010009765625,0.0,0.0,YNd1,0,-2,2,2.5,0.0,0.004090100061148405,0.1578640341758728,60.0
138/13.8 kV Trafo Pimentel 2 60 MVA,\VM-PF.IntUser\PDD 31-12-2024.IntPrj\Library.IntPrjfolder\Equipment Type Library.IntPrjfolder\Types Transformers\138/13.8 kV Trafo Pimentel 2 60 MVA.TypTr2,0,60.0,138.0,13.800000190734863,14.414999961853027,12.97350025177002,300.0,0.0,0.0,YNd1,0,-2,2,2.5,0.0,0.004999999888241291,0.14406326413154602,60.0
138/13.8 kV Trafo Pimentel 1 60 MVA,\VM-PF.IntUser\PDD 31-12-2024.IntPrj\Library.IntPrjfolder\Equipment Type Library.IntPrjfolder\Types Transformers\138/13.8 kV Trafo Pimentel 1 60 MVA.TypTr2,0,60.0,138.0,13.800000190734863,14.414999961853027,12.97350025177002,300.0,0.0,0.0,YNd1,0,-2,2,2.5,0.0,0.004999999888241291,0.14406326413154602,60.0
138/69 kV Canabacoa T2 (140 MVA),\VM-PF.IntUser\PDD 31-12-2024.IntPrj\Library.IntPrjfolder\Equipment Type Library.IntPrjfolder\Types Transformers\138/69 kV Canabacoa T2 (140 MVA).TypTr2,0,140.0,139.0,69.0,11.010000228881836,9.956537246704102,700.0,0.0,0.0,YNyn0,0,-15,15,1.0,0.0,0.004999999888241291,0.10998640209436417,60.0
138/69 kV Puerto Plata 2 T1 (140 MVA),\VM-PF.IntUser\PDD 31-12-2024.IntPrj\Library.IntPrjfolder\Equipment Type Library.IntPrjfolder\Types Transformers\138/69 kV Puerto Plata 2 T1 (140 MVA).TypTr2,0,140.0,138.0,69.0,12.039999961853027,10.896093368530273,192.0800018310547,0.0,0.0,YNyn0,0,-15,15,1.0,0.0,0.0013719999697059393,0.12039218097925186,60.0
138/69 kV Nagua 2 T1 (70 MVA),\VM-PF.IntUser\PDD 31-12-2024.IntPrj\Library.IntPrjfolder\Equipment Type Library.IntPrjfolder\Types Transformers\138/69 kV Nagua 2 T1 (70 MVA).TypTr2,0,70.0,138.0,69.0,11.8100004196167,10.687173843383789,350.0,0.0,0.0,YNyn0,0,-13,13,1.25,0.0,0.004999999888241291,0.11799411475658417,60.0
138/13.8 kV López Angostura 23 MVA,\VM-PF.IntUser\PDD 31-12-2024.IntPrj\Library.IntPrjfolder\Equipment Type Library.IntPrjfolder\Types Transformers\138/13.8 kV López Angostura 23 MVA.TypTr2,0,23.0,138.0,13.800000190734863,7.998680114746094,7.199999809265137,93.125,0.0,0.0,YNd5,0,-2,2,2.5,0.0,0.00404891325160861,0.07988426089286804,60.0
12.47/0.44 kV Trafo 1 Baiguaque,\VM-PF.IntUser\PDD 31-12-2024.IntPrj\Library.IntPrjfolder\Equipment Type Library.IntPrjfolder\Types Transformers\12.47/0.44 kV Trafo 1 Baiguaque.TypTr2,-3,1.600000023841858,12.470000267028809,0.4399999976158142,6.0,5.400000095367432,8.0,0.0,0.0,YNd11,0,-5,-1,2.5,0.0,0.004999999888241291,0.05979130417108536,60.0
34.5/12.47 kV Trafo 2 Baiguaque,\VM-PF.IntUser\PDD 31-12-2024.IntPrj\Library.IntPrjfolder\Equipment Type Library.IntPrjfolder\Types Transformers\34.5/12.47 kV Trafo 2 Baiguaque.TypTr2,-3,7.0,34.5,12.470000267028809,7.0,6.300000190734863,35.0,0.0,0.0,Dyn1,0,-5,-1,2.5,0.0,0.004999999888241291,0.06982120126485825,60.0
138/13.8 kV Trafo Tavera 2 65 MVA,\VM-PF.IntUser\PDD 31-12-2024.IntPrj\Library.IntPrjfolder\Equipment Type Library.IntPrjfolder\Types Transformers\138/13.8 kV Trafo Tavera 2 65 MVA.TypTr2,0,65.0,138.0,13.800000190734863,10.880000114440918,9.800000190734863,200.0,0.0,0.0,YNd1,0,-2,2,2.1700000762939453,0.0,0.003076923079788685,0.10875648260116577,60.0
138/34.5 kV SAJOMA T1(75 MVA),\VM-PF.IntUser\PDD 31-12-2024.IntPrj\Library.IntPrjfolder\Equipment Type Library.IntPrjfolder\Types Transformers\138/34.5 kV SAJOMA T1(75 MVA).TypTr2,0,75.0,138.0,34.5,13.399999618530273,12.0600004196167,375.0,0.0,0.0,YNd11,0,-13,13,1.0,0.0,0.004999999888241291,0.13390669226646423,60.0
138/20 kV Traf Monte Cristi Solar 25 MVA,\VM-PF.IntUser\PDD 31-12-2024.IntPrj\Library.IntPrjfolder\Equipment Type Library.IntPrjfolder\Types Transformers\138/20 kV Traf Monte Cristi Solar 25 MVA.TypTr2,0,25.0,138.0,20.0,9.0,8.100000381469727,125.0,0.0,0.0,YNd11,0,-10,10,1.0042999982833862,0.0,0.004999999888241291,0.08986100554466248,60.0
138/34.5 kV Trafo Agua Clara 60 MVA,\VM-PF.IntUser\PDD 31-12-2024.IntPrj\Library.IntPrjfolder\Equipment Type Library.IntPrjfolder\Types Transformers\138/34.5 kV Trafo Agua Clara 60 MVA.TypTr2,0,60.0,138.0,34.5,12.5,12.5,280.0,30.0,1.0,YNd11,0,-7,7,1.5,0.0,0.004666666500270367,0.12491285800933838,60.0
138/34.5 kV Trafo Guanilo 63 MVA,\VM-PF.IntUser\PDD 31-12-2024.IntPrj\Library.IntPrjfolder\Equipment Type Library.IntPrjfolder\Types Transformers\138/34.5 kV Trafo Guanilo 63 MVA.TypTr2,0,63.0,138.0,34.5,11.449999809265137,10.305000305175781,315.0,30.0,0.17000000178813934,YNd11,0,-10,10,1.0,0.0,0.004999999888241291,0.1143907755613327,60.0
138/69 kV SFM T1 (140 MVA),\VM-PF.IntUser\PDD 31-12-2024.IntPrj\Library.IntPrjfolder\Equipment Type Library.IntPrjfolder\Types Transformers\138/69 kV SFM T1 (140 MVA).TypTr2,0,140.0,138.0,69.0,11.930000305175781,10.79568099975586,192.0,0.0,0.0,YNyn0,0,-15,15,1.0,0.0,0.0013714286033064127,0.11929211765527725,60.0
138/34.5 Trafo Los Guzmancitos 72 MVA,\VM-PF.IntUser\PDD 31-12-2024.IntPrj\Library.IntPrjfolder\Equipment Type Library.IntPrjfolder\Types Transformers\138/34.5 Trafo Los Guzmancitos 72 MVA.TypTr2,0,72.0,138.0,34.5,13.119999885559082,11.8100004196167,360.0,0.0,0.0,YNd11,0,-2,2,2.5,0.0,0.004999999888241291,0.13110469281673431,60.0
34.5/138 kV Trafo Guzmancito 2 72 MVA,\VM-PF.IntUser\PDD 31-12-2024.IntPrj\Library.IntPrjfolder\Equipment Type Library.IntPrjfolder\Types Transformers\34.5/138 kV Trafo Guzmancito 2 72 MVA.TypTr2,0,72.0,138.0,34.5,13.119999885559082,11.8100004196167,360.0,0.0,0.0,YNd11,0,-2,2,2.5,0.0,0.004999999888241291,0.13110469281673431,60.0
138/34.5 kV Trafo Matrisol 50 MVA,\VM-PF.IntUser\PDD 31-12-2024.IntPrj\Library.IntPrjfolder\Equipment Type Library.IntPrjfolder\Types Transformers\138/34.5 kV Trafo Matrisol 50 MVA.TypTr2,0,50.0,138.0,34.5,11.680000305175781,10.510000228881836,250.0,0.0,0.0,YNd11,0,-10,10,1.0,0.0,0.004999999888241291,0.1166929304599762,60.0
138/34.5 kV Trafo PS Esperanza 75 MVA,\VM-PF.IntUser\PDD 31-12-2024.IntPrj\Library.IntPrjfolder\Equipment Type Library.IntPrjfolder\Types Transformers\138/34.5 kV Trafo PS Esperanza 75 MVA.TypTr2,0,75.0,138.0,34.5,10.619999885559082,9.557999610900879,375.0,0.0,0.0,YNd11,0,-13,13,1.0,0.0,0.004999999888241291,0.10608223080635071,60.0
138/13.8 kV Pimentel 4(100 MVA),\VM-PF.IntUser\PDD 31-12-2024.IntPrj\Library.IntPrjfolder\Equipment Type Library.IntPrjfolder\Types Transformers\138/13.8 kV Pimentel 4(100 MVA).TypTr2,0,100.0,138.0,13.800000190734863,15.699999809265137,14.130000114440918,144.4499969482422,0.0,0.0,YNd1,0,-2,2,2.5,0.0,0.0014444999396800995,0.15699335932731628,60.0
138/34.5 kV Trafo Tavera,\VM-PF.IntUser\PDD 31-12-2024.IntPrj\Library.IntPrjfolder\Equipment Type Library.IntPrjfolder\Types Transformers\138/34.5 kV Trafo Tavera.TypTr2,0,14.0,138.0,34.5,10.170000076293945,9.191396713256836,0.0,0.0,0.0,YNyn0,0,-11,11,1.0499999523162842,0.0,0.0,0.10170000046491623,60.0
72/6.9 kV Trafo Los Toros 10.5 MVA,\VM-PF.IntUser\PDD 31-12-2024.IntPrj\Library.IntPrjfolder\Equipment Type Library.IntPrjfolder\Types Transformers\72/6.9 kV Trafo Los Toros 10.5 MVA.TypTr2,0,10.5,72.0,6.900000095367432,7.840000152587891,7.059999942779541,10.5,0.0,0.0,YNd5,0,-2,2,5.0,0.0,0.0010000000474974513,0.07839362323284149,60.0
69/13.8 kV Trafo Sabana Yegua 15 MVA,\VM-PF.IntUser\PDD 31-12-2024.IntPrj\Library.IntPrjfolder\Equipment Type Library.IntPrjfolder\Types Transformers\69/13.8 kV Trafo Sabana Yegua 15 MVA.TypTr2,0,15.0,69.0,13.800000190734863,9.899820327758789,8.949999809265137,300.0799865722656,0.0,0.0,YNd11,0,-3,3,2.5,0.0,0.020005332306027412,0.09695582091808319,60.0
67/12.47 kV Trafo Sabaneta 15 MVA,\VM-PF.IntUser\PDD 31-12-2024.IntPrj\Library.IntPrjfolder\Equipment Type Library.IntPrjfolder\Types Transformers\67/12.47 kV Trafo Sabaneta 15 MVA.TypTr2,0,15.0,67.0,12.470000267028809,5.599999904632568,5.039999961853027,75.0,0.0,0.0,YNd1,0,-2,2,2.690000057220459,0.0,0.004999999888241291,0.055776335299015045,60.0
69/13.8 kV Trafo Magueyal 4 MVA,\VM-PF.IntUser\PDD 31-12-2024.IntPrj\Library.IntPrjfolder\Equipment Type Library.IntPrjfolder\Types Transformers\69/13.8 kV Trafo Magueyal 4 MVA.TypTr2,0,4.0,69.0,13.800000190734863,7.829999923706055,7.050000190734863,20.0,0.0,0.0,YNd11,0,-2,2,2.5,0.0,0.004999999888241291,0.07814019173383713,60.0
69/12.5 kV Trafo Las Damas 9.4 MVA,\VM-PF.IntUser\PDD 31-12-2024.IntPrj\Library.IntPrjfolder\Equipment Type Library.IntPrjfolder\Types Transformers\69/12.5 kV Trafo Las Damas 9.4 MVA.TypTr2,0,9.399999618530273,69.0,12.5,7.400000095367432,6.659999847412109,47.0,0.0,0.0,Dyn11,0,-5,4,2.0,0.0,0.004999999888241291,0.07383088767528534,60.0
12.5/4.16 Trafo Dgo Rod 7 MVA,\VM-PF.IntUser\PDD 31-12-2024.IntPrj\Library.IntPrjfolder\Equipment Type Library.IntPrjfolder\Types Transformers\12.5/4.16 Trafo Dgo Rod 7 MVA.TypTr2,0,7.0,12.5,4.159999847412109,5.8002800941467285,5.21999979019165,4.062099933624268,0.0,0.0,YNd11,1,-2,2,2.5,0.0,0.0005802999949082732,0.05799989774823189,60.0
69/12.5 Trafo Dgo Rod 5 MVA,\VM-PF.IntUser\PDD 31-12-2024.IntPrj\Library.IntPrjfolder\Equipment Type Library.IntPrjfolder\Types Transformers\69/12.5 Trafo Dgo Rod 5 MVA.TypTr2,0,5.0,69.0,12.5,10.0,9.0,25.0,0.0,0.0,YNd1,0,-2,2,2.5,0.0,0.004999999888241291,0.09987492114305496,60.0
69/34.5 kV Trafo Canoa Solar 32 MVA,\VM-PF.IntUser\PDD 31-12-2024.IntPrj\Library.IntPrjfolder\Equipment Type Library.IntPrjfolder\Types Transformers\69/34.5 kV Trafo Canoa Solar 32 MVA.TypTr2,0,32.0,69.0,34.5,14.140000343322754,12.72599983215332,160.0,0.0,0.0,YNd11,0,-13,13,1.25,0.0,0.004999999888241291,0.14131158590316772,60.0
69/12.47 kV Nizao-Najayo (18.5 MVA) T1,\VM-PF.IntUser\PDD 31-12-2024.IntPrj\Library.IntPrjfolder\Equipment Type Library.IntPrjfolder\Types Transformers\69/12.47 kV Nizao-Najayo (18.5 MVA) T1.TypTr2,0,18.5,69.0,12.470000267028809,8.0,7.219335079193115,92.5,0.0,0.0,YNyn0,0,-13,13,1.0,0.0,0.004999999888241291,0.07984359562397003,60.0
69/12.47 kV Los Anones (14 MVA) T1,\VM-PF.IntUser\PDD 31-12-2024.IntPrj\Library.IntPrjfolder\Equipment Type Library.IntPrjfolder\Types Transformers\69/12.47 kV Los Anones (14 MVA) T1.TypTr2,0,14.0,67.0,12.470000267028809,10.934000015258789,9.84060001373291,0.0,0.0,0.0,Dyn1,0,-2,2,2.5999999046325684,0.0,0.0,0.10933999717235565,60.0
138/69 kV km 15,\VM-PF.IntUser\PDD 31-12-2024.IntPrj\Library.IntPrjfolder\Equipment Type Library.IntPrjfolder\Types Transformers\138/69 kV km 15.TypTr2,0,90.0,138.0,69.0,19.799999237060547,18.0231990814209,206.5500030517578,0.0,0.0,YNyn0,0,-13,13,1.0,0.0,0.0022950000129640102,0.19798670709133148,60.0
145/13.8 kV Trafo Haina TG 150 MVA,\VM-PF.IntUser\PDD 31-12-2024.IntPrj\Library.IntPrjfolder\Equipment Type Library.IntPrjfolder\Types Transformers\145/13.8 kV Trafo Haina TG 150 MVA.TypTr2,0,150.0,145.0,13.800000190734863,7.997379779815674,7.199999809265137,292.5,0.0,0.0,YNd1,0,-2,2,2.5,0.0,0.0019499999471008778,0.07995001971721649,60.0
138/69 kV Haina T1 T1 (140 MVA),\VM-PF.IntUser\PDD 31-12-2024.IntPrj\Library.IntPrjfolder\Equipment Type Library.IntPrjfolder\Types Transformers\138/69 kV Haina T1 T1 (140 MVA).TypTr2,0,140.0,138.0,69.0,14.800000190734863,13.42111873626709,192.0800018310547,0.0,0.0,YNyn0,0,-8,8,1.2699999809265137,0.0,0.0013719999697059393,0.14799363911151886,60.0
138/13.8 kV Trafo Valdesia 30 MVA,\VM-PF.IntUser\PDD 31-12-2024.IntPrj\Library.IntPrjfolder\Equipment Type Library.IntPrjfolder\Types Transformers\138/13.8 kV Trafo Valdesia 30 MVA.TypTr2,0,30.0,138.0,13.800000190734863,8.879150390625,7.980000019073486,150.3000030517578,0.0,0.0,YNd11,0,-2,2,2.5,0.0,0.005009999964386225,0.08865004777908325,60.0
138/13.8 kV Trafo Valdesia 1 30 MVA,\VM-PF.IntUser\PDD 31-12-2024.IntPrj\Library.IntPrjfolder\Equipment Type Library.IntPrjfolder\Types Transformers\138/13.8 kV Trafo Valdesia 1 30 MVA.TypTr2,0,30.0,138.0,13.800000190734863,8.879150390625,7.980000019073486,150.0,0.0,0.0,YNd11,0,-2,2,2.5,0.0,0.004999999888241291,0.08865061402320862,60.0
Trafo SSAA Valdesia 5 MVA,\VM-PF.IntUser\PDD 31-12-2024.IntPrj\Library.IntPrjfolder\Equipment Type Library.IntPrjfolder\Types Transformers\Trafo SSAA Valdesia 5 MVA.TypTr2,0,5.0,138.0,13.800000190734863,10.300000190734863,9.270000457763672,25.0,0.0,0.0,Yyn0,0,-9,9,1.5,0.0,0.004999999888241291,0.10287857055664062,60.0
138/13.8 kV Trafo Barahona Carbón 95 MVA,\VM-PF.IntUser\PDD 31-12-2024.IntPrj\Library.IntPrjfolder\Equipment Type Library.IntPrjfolder\Types Transformers\138/13.8 kV Trafo Barahona Carbón 95 MVA.TypTr2,0,95.0,138.0,13.199999809265137,10.699999809265137,9.630000114440918,475.0,0.0,0.0,YNd1,0,-2,2,2.5,0.0,0.004999999888241291,0.10688310861587524,60.0
138/69 kV Trafo Barahona Carbón 40 MVA,\VM-PF.IntUser\PDD 31-12-2024.IntPrj\Library.IntPrjfolder\Equipment Type Library.IntPrjfolder\Types Transformers\138/69 kV Trafo Barahona Carbón 40 MVA.TypTr2,0,40.0,138.0,69.0,9.600000381469727,8.600000381469727,200.0,0.0,0.0,YNyn0,0,-2,2,2.5,0.0,0.004999999888241291,0.09586970508098602,60.0
138/13.8 Trafo Jigüey 2  61.3 MVA,\VM-PF.IntUser\PDD 31-12-2024.IntPrj\Library.IntPrjfolder\Equipment Type Library.IntPrjfolder\Types Transformers\138/13.8 Trafo Jigüey 2  61.3 MVA.TypTr2,0,61.29999923706055,138.0,13.800000190734863,8.000040054321289,7.199999809265137,244.6020050048828,0.0,0.0,YNd1,0,-2,2,2.5,0.0,0.003990244586020708,0.0799008309841156,60.0
138/13.8 Trafo Jigüey 1 61.3 MVA,\VM-PF.IntUser\PDD 31-12-2024.IntPrj\Library.IntPrjfolder\Equipment Type Library.IntPrjfolder\Types Transformers\138/13.8 Trafo Jigüey 1 61.3 MVA.TypTr2,0,61.29999923706055,138.0,13.800000190734863,8.000040054321289,7.199999809265137,244.6020050048828,0.0,0.0,YNd1,0,-2,2,2.5,0.0,0.003990244586020708,0.0799008309841156,60.0
138/13.8 kV Trafo Valdesia 2 32.5 MVA,\VM-PF.IntUser\PDD 31-12-2024.IntPrj\Library.IntPrjfolder\Equipment Type Library.IntPrjfolder\Types Transformers\138/13.8 kV Trafo Valdesia 2 32.5 MVA.TypTr2,0,32.5,138.0,13.800000190734863,9.970000267028809,9.0,133.94700622558594,0.0,0.0,YNd0,0,-2,2,2.5,0.0,0.004121446516364813,0.09961477667093277,60.0
138/13.8 kV Trafo Valdesia 32.5 MVA,\VM-PF.IntUser\PDD 31-12-2024.IntPrj\Library.IntPrjfolder\Equipment Type Library.IntPrjfolder\Types Transformers\138/13.8 kV Trafo Valdesia 32.5 MVA.TypTr2,0,32.5,138.0,13.800000190734863,9.920000076293945,9.0,133.94700622558594,0.0,0.0,YNd0,0,-2,2,2.5,0.0,0.004121446516364813,0.09911435097455978,60.0
138/13.2 kV Trafo Monterío 70 MVA,\VM-PF.IntUser\PDD 31-12-2024.IntPrj\Library.IntPrjfolder\Equipment Type Library.IntPrjfolder\Types Transformers\138/13.2 kV Trafo Monterío 70 MVA.TypTr2,0,70.0,138.0,13.199999809265137,14.380000114440918,13.0,350.0,0.0,0.0,YNd5,0,-2,2,2.5,0.0,0.004999999888241291,0.1437130570411682,60.0
144.27/13.8 kV Trafo Itabo 1 150 MVA,\VM-PF.IntUser\PDD 31-12-2024.IntPrj\Library.IntPrjfolder\Equipment Type Library.IntPrjfolder\Types Transformers\144.27/13.8 kV Trafo Itabo 1 150 MVA.TypTr2,0,150.0,144.27000427246094,13.800000190734863,11.630000114440918,10.470000267028809,832.5,0.0,0.0,YNd5,0,-2,2,2.5,0.0,0.005549999885261059,0.11616750061511993,60.0
144.138/13.8 Trafo Itabo 2 156 MVA,\VM-PF.IntUser\PDD 31-12-2024.IntPrj\Library.IntPrjfolder\Equipment Type Library.IntPrjfolder\Types Transformers\144.138/13.8 Trafo Itabo 2 156 MVA.TypTr2,0,156.0,144.13800048828125,13.800000190734863,12.799400329589844,11.520000457763672,1057.5,0.0,0.0,YNd5,0,-2,2,2.5,0.0,0.006778846029192209,0.1278143674135208,60.0
145/13.8 kV Trafo San Lorenzo 48 MVA,\VM-PF.IntUser\PDD 31-12-2024.IntPrj\Library.IntPrjfolder\Equipment Type Library.IntPrjfolder\Types Transformers\145/13.8 kV Trafo San Lorenzo 48 MVA.TypTr2,0,48.0,145.0,13.800000190734863,12.5,3.0,160.0,0.0,0.0,YNd1,0,-2,2,2.5,0.0,0.0033333334140479565,0.12495554983615875,60.0
138/34.5 kV Trafo Los Cocos 45 MVA,\VM-PF.IntUser\PDD 31-12-2024.IntPrj\Library.IntPrjfolder\Equipment Type Library.IntPrjfolder\Types Transformers\138/34.5 kV Trafo Los Cocos 45 MVA.TypTr2,0,45.0,138.0,34.5,9.600000381469727,8.640000343322754,225.0,0.0,0.0,YNd11,0,-13,13,1.0,0.0,0.004999999888241291,0.09586970508098602,60.0
138/34.5 kV Trafo Los Cocos 2 45 MVA,\VM-PF.IntUser\PDD 31-12-2024.IntPrj\Library.IntPrjfolder\Equipment Type Library.IntPrjfolder\Types Transformers\138/34.5 kV Trafo Los Cocos 2 45 MVA.TypTr2,0,45.0,138.0,34.5,12.460000038146973,11.21399974822998,225.0,0.0,0.0,YNd11,0,-13,13,1.0,0.0,0.004999999888241291,0.12449964135885239,60.0
138/13.8 kV Trafo Palomino 48 MVA,\VM-PF.IntUser\PDD 31-12-2024.IntPrj\Library.IntPrjfolder\Equipment Type Library.IntPrjfolder\Types Transformers\138/13.8 kV Trafo Palomino 48 MVA.TypTr2,0,48.0,138.0,13.800000190734863,12.972999572753906,11.675700187683105,240.0,0.0,0.0,YNd1,0,-2,2,2.5,0.0,0.004999999888241291,0.1296336054801941,60.0
154/11 kV Trafo KARPOWERSHIP 62.5 MVA,\VM-PF.IntUser\PDD 31-12-2024.IntPrj\Library.IntPrjfolder\Equipment Type Library.IntPrjfolder\Types Transformers\154/11 kV Trafo KARPOWERSHIP 62.5 MVA.TypTr2,0,62.5,154.0,11.0,17.479999542236328,15.729999542236328,312.5,0.0,0.0,YNd11,0,-12,12,1.25,0.0,0.004999999888241291,0.17472846806049347,50.0
154/15 kV Trafo KARPOWERSHIP,\VM-PF.IntUser\PDD 31-12-2024.IntPrj\Library.IntPrjfolder\Equipment Type Library.IntPrjfolder\Types Transformers\154/15 kV Trafo KARPOWERSHIP.TypTr2,0,100.0,154.0,15.0,17.0,15.300000190734863,320.0,46.0,0.4000000059604645,YNd11,0,-12,12,1.25,0.0,0.0031999999191612005,0.16996988654136658,50.0
138/4.2 kV Trafo Palenque 1 30 MVA,\VM-PF.IntUser\PDD 31-12-2024.IntPrj\Library.IntPrjfolder\Equipment Type Library.IntPrjfolder\Types Transformers\138/4.2 kV Trafo Palenque 1 30 MVA.TypTr2,0,30.0,138.0,4.199999809265137,13.670000076293945,12.300000190734863,150.0,0.0,0.0,YNyn0,0,-13,13,1.0,0.0,0.004999999888241291,0.1366085261106491,60.0
138/4.2 kV Trafo Palenque 2 30 MVA,\VM-PF.IntUser\PDD 31-12-2024.IntPrj\Library.IntPrjfolder\Equipment Type Library.IntPrjfolder\Types Transformers\138/4.2 kV Trafo Palenque 2 30 MVA.TypTr2,0,30.0,138.0,4.199999809265137,13.670000076293945,12.300000190734863,150.0,0.0,0.0,YNyn0,0,-13,13,1.0,0.0,0.004999999888241291,0.1366085261106491,60.0
138/69 kV Cruce de Cabral 2 T1 (75 MVA),\VM-PF.IntUser\PDD 31-12-2024.IntPrj\Library.IntPrjfolder\Equipment Type Library.IntPrjfolder\Types Transformers\138/69 kV Cruce de Cabral 2 T1 (75 MVA).TypTr2,0,75.0,138.0,69.0,9.039999961853027,8.157597541809082,375.0,0.0,0.0,YNyn0,0,-11,11,1.0,0.0,0.004999999888241291,0.09026162326335907,60.0
138/69 kV San Juan 2 T1 75 MVA,\VM-PF.IntUser\PDD 31-12-2024.IntPrj\Library.IntPrjfolder\Equipment Type Library.IntPrjfolder\Types Transformers\138/69 kV San Juan 2 T1 75 MVA.TypTr2,0,75.0,138.0,69.0,9.029999732971191,8.119999885559082,375.0,0.0,0.0,YNyn0,0,-11,11,1.0,0.0,0.004999999888241291,0.09016145765781403,60.0
138/69 kV Pizarrete T1 (150 MVA),\VM-PF.IntUser\PDD 31-12-2024.IntPrj\Library.IntPrjfolder\Equipment Type Library.IntPrjfolder\Types Transformers\138/69 kV Pizarrete T1 (150 MVA).TypTr2,0,150.0,138.0,69.0,12.390000343322754,11.214683532714844,750.0,0.0,0.0,YNyn0,0,-11,11,1.0,0.0,0.004999999888241291,0.12379907071590424,60.0
138/34.5 kV Trafo Matafongo 55 MVA,\VM-PF.IntUser\PDD 31-12-2024.IntPrj\Library.IntPrjfolder\Equipment Type Library.IntPrjfolder\Types Transformers\138/34.5 kV Trafo Matafongo 55 MVA.TypTr2,0,55.0,138.0,34.5,15.402728080749512,13.862457275390625,159.49998474121094,0.0,0.0,YNd11,0,-8,8,1.25,0.0,0.0028999997302889824,0.15399998426437378,60.0
138/34.5 kV Trafo Bayasol 60 MVA,\VM-PF.IntUser\PDD 31-12-2024.IntPrj\Library.IntPrjfolder\Equipment Type Library.IntPrjfolder\Types Transformers\138/34.5 kV Trafo Bayasol 60 MVA.TypTr2,0,60.0,138.0,34.5,12.369999885559082,11.130000114440918,245.36500549316406,51.13800048828125,0.28999999165534973,YNd11,0,-7,7,1.5,0.0,0.004089416936039925,0.12363238632678986,60.0
138/34.5 kV Trafo Girasol 75 MVA,\VM-PF.IntUser\PDD 31-12-2024.IntPrj\Library.IntPrjfolder\Equipment Type Library.IntPrjfolder\Types Transformers\138/34.5 kV Trafo Girasol 75 MVA.TypTr2,0,75.0,138.0,34.5,10.619999885559082,9.557999610900879,375.0,0.0,0.0,YNd11,0,-13,13,1.0,0.0,0.004999999888241291,0.10608223080635071,60.0
138/34.5 kV Trafo Santanasol 60 MVA,\VM-PF.IntUser\PDD 31-12-2024.IntPrj\Library.IntPrjfolder\Equipment Type Library.IntPrjfolder\Types Transformers\138/34.5 kV Trafo Santanasol 60 MVA.TypTr2,0,60.0,138.0,34.5,12.460000038146973,11.21399974822998,300.0,0.0,0.0,YNd11,0,-7,7,1.5,0.0,0.004999999888241291,0.12449964135885239,60.0
138/34.5 kV Trafo PF Calabaza 1 60 MVA,\VM-PF.IntUser\PDD 31-12-2024.IntPrj\Library.IntPrjfolder\Equipment Type Library.IntPrjfolder\Types Transformers\138/34.5 kV Trafo PF Calabaza 1 60 MVA.TypTr2,-8,60.0,138.0,34.5,12.460000038146973,11.21399974822998,300.0,0.0,0.0,YNd11,0,-15,-1,1.25,0.0,0.004999999888241291,0.12449964135885239,60.0
138/69 kV Arroyo Hondo T1 (200 MVA),\VM-PF.IntUser\PDD 31-12-2024.IntPrj\Library.IntPrjfolder\Equipment Type Library.IntPrjfolder\Types Transformers\138/69 kV Arroyo Hondo T1 (200 MVA).TypTr2,0,200.0,138.0,69.0,14.628000259399414,12.840749740600586,1000.0,0.0,0.0,YNyn0,0,-13,13,1.1538000106811523,0.0,0.004999999888241291,0.14619453251361847,60.0
138/69 kV Herrera T1 (70 MVA),\VM-PF.IntUser\PDD 31-12-2024.IntPrj\Library.IntPrjfolder\Equipment Type Library.IntPrjfolder\Types Transformers\138/69 kV Herrera T1 (70 MVA).TypTr2,0,70.0,138.0,69.0,10.899999618530273,9.856284141540527,124.94999694824219,0.0,0.0,YNyn0,0,-15,15,1.0,0.0,0.0017849999712780118,0.10898537933826447,60.0
138/69 kV Dajao T1(150 MVA),\VM-PF.IntUser\PDD 31-12-2024.IntPrj\Library.IntPrjfolder\Equipment Type Library.IntPrjfolder\Types Transformers\138/69 kV Dajao T1(150 MVA).TypTr2,0,150.0,138.0,69.0,11.8100004196167,10.687173843383789,282.1000061035156,26.200000762939453,0.029999999329447746,YNyn0,0,-11,11,1.0,0.0,0.0018806667067110538,0.11808502674102783,60.0
138/69 kV Boca Chica T1 (80 MVA),\VM-PF.IntUser\PDD 31-12-2024.IntPrj\Library.IntPrjfolder\Equipment Type Library.IntPrjfolder\Types Transformers\138/69 kV Boca Chica T1 (80 MVA).TypTr2,0,80.0,138.0,69.0,9.899999618530273,8.945669174194336,400.0,0.0,0.0,YNyn0,0,-13,13,1.0,0.0,0.004999999888241291,0.09887365996837616,60.0
138/69 kV Haina,\VM-PF.IntUser\PDD 31-12-2024.IntPrj\Library.IntPrjfolder\Equipment Type Library.IntPrjfolder\Types Transformers\138/69 kV Haina.TypTr2,0,150.0,138.0,69.0,12.369999885559082,11.19438648223877,750.0,0.0,0.0,YNyn0,0,-11,11,1.0,0.0,0.004999999888241291,0.12359891086816788,60.0
138/69 kV Villa Duarte T1 (140 MVA),\VM-PF.IntUser\PDD 31-12-2024.IntPrj\Library.IntPrjfolder\Equipment Type Library.IntPrjfolder\Types Transformers\138/69 kV Villa Duarte T1 (140 MVA).TypTr2,0,140.0,138.0,69.0,14.800000190734863,13.42111873626709,192.0800018310547,0.0,0.0,YNyn0,0,-8,8,1.2699999809265137,0.0,0.0013719999697059393,0.14799363911151886,60.0
138/13.8 kV Trafo Los Mina 6 150 MVA,\VM-PF.IntUser\PDD 31-12-2024.IntPrj\Library.IntPrjfolder\Equipment Type Library.IntPrjfolder\Types Transformers\138/13.8 kV Trafo Los Mina 6 150 MVA.TypTr2,0,150.0,138.0,13.800000190734863,16.520000457763672,14.869999885559082,292.5,0.0,0.0,YNd1,0,-2,2,2.5,0.0,0.0019499999471008778,0.1651885062456131,60.0
138/13.8 kV Trafo AES Andrés TV 141 MVA,\VM-PF.IntUser\PDD 31-12-2024.IntPrj\Library.IntPrjfolder\Equipment Type Library.IntPrjfolder\Types Transformers\138/13.8 kV Trafo AES Andrés TV 141 MVA.TypTr2,0,141.0,138.0,13.800000190734863,16.65999984741211,15.0,549.0,0.0,0.0,YNd1,0,-2,2,2.5,0.0,0.0038936170749366283,0.1665544956922531,60.0
138/19 kV Trafo AES Andrés TG 264 MVA,\VM-PF.IntUser\PDD 31-12-2024.IntPrj\Library.IntPrjfolder\Equipment Type Library.IntPrjfolder\Types Transformers\138/19 kV Trafo AES Andrés TG 264 MVA.TypTr2,0,264.0,138.0,19.0,11.420000076293945,11.420000076293945,1321.0,0.0,0.0,YNd1,0,-2,2,2.5,0.0,0.0050037880428135395,0.11409033089876175,60.0
138/4.16 kV BESS AES Andrés T1(22.4 MVA),\VM-PF.IntUser\PDD 31-12-2024.IntPrj\Library.IntPrjfolder\User Defined Models.IntPrjfolder\BESS AES Andrés\Equipment Type Library\138/4.16 kV BESS AES Andrés T1(22.4 MVA).TypTr2,0,22.440000534057617,138.0,4.159999847412109,10.48390007019043,9.43550968170166,0.0,0.0,0.0,Dyn1,0,-6,6,2.5,0.0,0.0,0.10483899712562561,60.0
138/13.8 kV Trafo METALDOM 60 MVA,\VM-PF.IntUser\PDD 31-12-2024.IntPrj\Library.IntPrjfolder\Equipment Type Library.IntPrjfolder\Types Transformers\138/13.8 kV Trafo METALDOM 60 MVA.TypTr2,0,60.0,138.0,13.800000190734863,16.492000579833984,14.800000190734863,300.0,0.0,0.0,YNd1,0,-2,2,2.5,0.0,0.004999999888241291,0.16484418511390686,60.0
138/69 kV Timbeque 2 T1(140MVA),\VM-PF.IntUser\PDD 31-12-2024.IntPrj\Library.IntPrjfolder\Equipment Type Library.IntPrjfolder\Types Transformers\138/69 kV Timbeque 2 T1(140MVA).TypTr2,0,140.0,138.0,69.0,12.010000228881836,10.859577178955078,192.0800018310547,0.0,0.0,YNyn0,0,-15,15,1.0,0.0,0.0013719999697059393,0.12009216099977493,60.0
138/13.8 Trafo Los Mina 5 150 MVA,\VM-PF.IntUser\PDD 31-12-2024.IntPrj\Library.IntPrjfolder\Equipment Type Library.IntPrjfolder\Types Transformers\138/13.8 Trafo Los Mina 5 150 MVA.TypTr2,0,150.0,138.0,13.800000190734863,17.937000274658203,16.139999389648438,292.5,0.0,0.0,YNd1,0,-2,2,2.5,0.0,0.0019499999471008778,0.17935939133167267,60.0
138/69 kV Palamara T1 (140 MVA),\VM-PF.IntUser\PDD 31-12-2024.IntPrj\Library.IntPrjfolder\Equipment Type Library.IntPrjfolder\Types Transformers\138/69 kV Palamara T1 (140 MVA).TypTr2,0,140.0,138.0,69.0,10.850000381469727,9.81578254699707,248.3000030517578,0.0,0.0,YNyn0,0,-11,11,1.0,0.0,0.0017735714791342616,0.10848550498485565,60.0
138/69 kV Palamara T2 (200 MVA),\VM-PF.IntUser\PDD 31-12-2024.IntPrj\Library.IntPrjfolder\Equipment Type Library.IntPrjfolder\Types Transformers\138/69 kV Palamara T2 (200 MVA).TypTr2,0,200.0,138.0,69.0,15.675000190734863,14.22388744354248,1000.0,0.0,0.0,YNyn0,0,-10,10,1.25,0.0,0.004999999888241291,0.1566702425479889,60.0
138/13.8 kV Trafo EDM2 150 MVA,\VM-PF.IntUser\PDD 31-12-2024.IntPrj\Library.IntPrjfolder\Equipment Type Library.IntPrjfolder\Types Transformers\138/13.8 kV Trafo EDM2 150 MVA.TypTr2,0,150.0,138.0,13.800000190734863,14.229999542236328,12.807000160217285,750.0,0.0,0.0,YNd11,0,-8,8,1.25,0.0,0.004999999888241291,0.1422121226787567,60.0
138/13. Trafo Los Mina 7 150 MVA,\VM-PF.IntUser\PDD 31-12-2024.IntPrj\Library.IntPrjfolder\Equipment Type Library.IntPrjfolder\Types Transformers\138/13. Trafo Los Mina 7 150 MVA.TypTr2,0,150.0,138.0,13.800000190734863,16.950000762939453,15.25510025024414,451.8800048828125,58.13999938964844,0.041999999433755875,YNd1,0,-2,2,2.5,0.0,0.00301253329962492,0.16947323083877563,60.0
138/69 kV Autotr Metropolitano 125 MVA,\VM-PF.IntUser\PDD 31-12-2024.IntPrj\Library.IntPrjfolder\Equipment Type Library.IntPrjfolder\Types Transformers\138/69 kV Autotr Metropolitano 125 MVA.TypTr2,0,125.0,138.0,69.0,12.399999618530273,11.15999984741211,625.0,0.0,0.0,YNyn0,0,-11,11,1.0,0.0,0.004999999888241291,0.12389914691448212,60.0
138/13.8 kV Trafo SIBA 42 MVA,\VM-PF.IntUser\PDD 31-12-2024.IntPrj\Library.IntPrjfolder\Equipment Type Library.IntPrjfolder\Types Transformers\138/13.8 kV Trafo SIBA 42 MVA.TypTr2,0,42.0,138.0,13.800000190734863,12.75,11.479999542236328,108.08000183105469,26.554000854492188,0.10000000149011612,YNd1,0,-2,2,2.5,0.0,0.0025733334477990866,0.12747402489185333,60.0
145/13.8 kV Trafo SIBA 48 MVA,\VM-PF.IntUser\PDD 31-12-2024.IntPrj\Library.IntPrjfolder\Equipment Type Library.IntPrjfolder\Types Transformers\145/13.8 kV Trafo SIBA 48 MVA.TypTr2,0,48.0,145.0,13.800000190734863,11.600000381469727,10.4399995803833,157.98300170898438,36.76499938964844,0.17000000178813934,YNd1,0,-2,2,2.5,0.0,0.0032913126051425934,0.11595329642295837,60.0
138/13.8 kV Trafo SIBA 65 MVA,\VM-PF.IntUser\PDD 31-12-2024.IntPrj\Library.IntPrjfolder\Equipment Type Library.IntPrjfolder\Types Transformers\138/13.8 kV Trafo SIBA 65 MVA.TypTr2,0,65.0,138.0,13.800000190734863,16.670000076293945,15.0,280.0,0.0,0.0,YNd1,0,-2,2,2.5,0.0,0.004307692404836416,0.16664433479309082,60.0
138/4.16 SA PE Los Mina T1(20MVA),\VM-PF.IntUser\PDD 31-12-2024.IntPrj\Library.IntPrjfolder\Equipment Type Library.IntPrjfolder\138/4.16 SA PE Los Mina T1(20MVA).TypTr2,0,20.0,138.0,4.159999847412109,8.299957275390625,8.299957275390625,83.69999694824219,0.0,0.0,Dyn1,0,-15,15,2.5,0.0,0.004184999968856573,0.08289399743080139,60.0
138/34.5 kV La Victoria (80 MVA),\VM-PF.IntUser\PDD 31-12-2024.IntPrj\Library.IntPrjfolder\Equipment Type Library.IntPrjfolder\138/34.5 kV La Victoria (80 MVA).TypTr2,0,80.0,138.0,34.5,12.799993515014648,11.198100090026855,412.56805419921875,0.0,0.0,YNd11,0,-10,10,1.0,0.0,0.00515710050240159,0.1278960108757019,60.0
138/34.5 kV Trafo Mirasol 120 MVA,\VM-PF.IntUser\PDD 31-12-2024.IntPrj\Library.IntPrjfolder\Equipment Type Library.IntPrjfolder\Types Transformers\138/34.5 kV Trafo Mirasol 120 MVA.TypTr2,0,120.0,138.0,34.5,11.987384796142578,10.800000190734863,264.0,0.0,0.0,YNd11,0,-10,10,1.0,0.0,0.002199999988079071,0.1198536604642868,60.0
138/34.5 kV WCSP 2 T1(80 MVA),\VM-PF.IntUser\PDD 31-12-2024.IntPrj\Library.IntPrjfolder\Equipment Type Library.IntPrjfolder\138/34.5 kV WCSP 2 T1(80 MVA).TypTr2,0,80.0,138.0,34.5,12.799993515014648,11.198100090026855,412.56805419921875,0.0,0.0,YNd11,0,-10,10,1.0,0.0,0.00515710050240159,0.1278960108757019,60.0
69/13.8 kV Trafo Pinalito 30.12 MVA,\VM-PF.IntUser\PDD 31-12-2024.IntPrj\Library.IntPrjfolder\Equipment Type Library.IntPrjfolder\Types Transformers\69/13.8 kV Trafo Pinalito 30.12 MVA.TypTr2,0,30.1200008392334,69.0,13.800000190734863,10.0,9.0,159.5279998779297,0.0,0.0,YNd1,0,-2,2,2.5,0.0,0.005296414252370596,0.09985964000225067,60.0
69/13.8 kV Trafo Río Blanco 15 MVA,\VM-PF.IntUser\PDD 31-12-2024.IntPrj\Library.IntPrjfolder\Equipment Type Library.IntPrjfolder\Types Transformers\69/13.8 kV Trafo Río Blanco 15 MVA.TypTr2,0,15.0,69.0,13.800000190734863,10.0,9.0,159.5279998779297,0.0,0.0,YNd1,0,-4,5,2.0,0.0,0.010635199956595898,0.09943285584449768,60.0
69/12.5 kV Trafo Rincón 10.1 MVA,\VM-PF.IntUser\PDD 31-12-2024.IntPrj\Library.IntPrjfolder\Equipment Type Library.IntPrjfolder\Types Transformers\69/12.5 kV Trafo Rincón 10.1 MVA.TypTr2,0,10.100000381469727,69.0,12.5,8.037819862365723,7.199999809265137,119.06999969482422,0.0,0.0,YNd1,0,-2,2,2.5,0.0,0.011789108626544476,0.079508937895298,60.0
69/4.16 kV Trafo Boba 1.25 MVA,\VM-PF.IntUser\PDD 31-12-2024.IntPrj\Library.IntPrjfolder\Equipment Type Library.IntPrjfolder\Types Transformers\69/4.16 kV Trafo Boba 1.25 MVA.TypTr2,0,1.25,69.0,4.159999847412109,4.699999809265137,4.230000019073486,5.0,0.0,0.0,YNd1,0,-2,2,2.5,0.0,0.004000000189989805,0.046829476952552795,60.0
69/12.5 Trafo El Salto 14 MVA,\VM-PF.IntUser\PDD 31-12-2024.IntPrj\Library.IntPrjfolder\Equipment Type Library.IntPrjfolder\Types Transformers\69/12.5 Trafo El Salto 14 MVA.TypTr2,0,14.0,69.0,12.5,10.0,9.0,70.0,0.0,0.0,YNd1,0,-2,2,2.5,0.0,0.004999999888241291,0.09987492114305496,60.0
69/13.8 kV Trafo La Vega G1 69 MVA,\VM-PF.IntUser\PDD 31-12-2024.IntPrj\Library.IntPrjfolder\Equipment Type Library.IntPrjfolder\Types Transformers\69/13.8 kV Trafo La Vega G1 69 MVA.TypTr2,0,69.0,69.0,13.800000190734863,13.166000366210938,11.850000381469727,480.0,0.0,0.0,YNd11,0,-8,8,1.25,0.0,0.006956521887332201,0.13147608935832977,60.0
69/13.8 kV Trafo La Vega G2 69 MVA,\VM-PF.IntUser\PDD 31-12-2024.IntPrj\Library.IntPrjfolder\Equipment Type Library.IntPrjfolder\Types Transformers\69/13.8 kV Trafo La Vega G2 69 MVA.TypTr2,0,69.0,69.0,13.800000190734863,13.050000190734863,11.75,480.0,0.0,0.0,YNd11,0,-8,8,1.25,0.0,0.006956521887332201,0.13031445443630219,60.0
69/12.5 kV Trafo Aniana Vargas 0.8 MVA,\VM-PF.IntUser\PDD 31-12-2024.IntPrj\Library.IntPrjfolder\Equipment Type Library.IntPrjfolder\Types Transformers\69/12.5 kV Trafo Aniana Vargas 0.8 MVA.TypTr2,0,0.800000011920929,69.0,12.5,10.0,9.0,4.0,0.0,0.0,YNd1,0,-2,2,2.5,0.0,0.004999999888241291,0.09987492114305496,60.0
69/12.5 kV Trafo Jimenoa 14 MVA,\VM-PF.IntUser\PDD 31-12-2024.IntPrj\Library.IntPrjfolder\Equipment Type Library.IntPrjfolder\Types Transformers\69/12.5 kV Trafo Jimenoa 14 MVA.TypTr2,0,14.0,69.0,12.5,7.120069980621338,6.400000095367432,70.03079986572266,0.0,0.0,YNd1,0,-2,2,2.5,0.0,0.00500220013782382,0.07102476805448532,60.0
69/12.5 kV Trafo Hatillo 1 10.7 MVA,\VM-PF.IntUser\PDD 31-12-2024.IntPrj\Library.IntPrjfolder\Equipment Type Library.IntPrjfolder\Types Transformers\69/12.5 kV Trafo Hatillo 1 10.7 MVA.TypTr2,0,10.699999809265137,69.0,12.5,8.262280464172363,7.429999828338623,44.89099884033203,0.0,0.0,YNd1,0,-4,4,1.5,0.0,0.004195420537143946,0.08251621574163437,60.0
69/12.5 kV Trafo Hatillo 2 14 MVA,\VM-PF.IntUser\PDD 31-12-2024.IntPrj\Library.IntPrjfolder\Equipment Type Library.IntPrjfolder\Types Transformers\69/12.5 kV Trafo Hatillo 2 14 MVA.TypTr2,0,24.0,69.0,13.800000190734863,10.0,9.199999809265137,82.0,13.5,0.4000000059604645,YNd11,0,-16,16,0.625,0.0,0.0034166667610406876,0.09994161874055862,60.0
69/13.8 kV Trafo Brazo Derecho 4 MVA,\VM-PF.IntUser\PDD 31-12-2024.IntPrj\Library.IntPrjfolder\Equipment Type Library.IntPrjfolder\Types Transformers\69/13.8 kV Trafo Brazo Derecho 4 MVA.TypTr2,0,4.0,69.0,13.800000190734863,8.0,7.199999809265137,32.0,6.5,0.699999988079071,YNd1,0,-2,2,2.5,0.0,0.00800000037997961,0.07959899306297302,60.0
