nombre,fuera_servicio,zona,area,red,ruta,barra_con,subest_con,barra_con_id,tipo,num_paralelos,P_desp_MW,Q_desp_Mvar,U_consigna_pu,modo_control,P_max_MW,P_min_MW,Q_max_Mvar,Q_min_Mvar,S_nom_MVA,U_nom_kV,cos_phi,xd_pu,xq_pu,xl_pu,rstr_pu,xd_t_pu,xd_st_pu,xq_st_pu,Td0_s,Td0_st_s,Tq0_st_s,H_s,turbo
Palamara Grupo 3,1,SANTO DOMINGO,CENTRAL,CENTRAL 69 kV,\VM-PF.IntUser\PDD 31-12-2024.IntPrj\Network Model.IntPrjfolder\Network Data.IntPrjfolder\CENTRAL 69 kV.ElmNet\Diésel Palamara.ElmSite\Palamara Grupo 3.ElmSym,1,ZPAL3K,\VM-PF.IntUser\PDD 31-12-2024.IntPrj\Network Model.IntPrjfolder\Network Data.IntPrjfolder\CENTRAL 69 kV.ElmNet\Diésel Palamara.ElmSite\ZPAL3K.ElmSubstat\1.ElmTerm,Palamara Motor,4,1.000000013351432e-10,0.0,0.9900000095367432,constv,10.766400337219238,0.0,1.0,-1.0,13.458000183105469,13.800000190734863,0.800000011920929,1.690000057220459,0.8799999952316284,0.133,0.004000000189989805,0.31700000166893005,0.21199999749660492,0.2619999945163727,5.400000095367432,0.03599999472498894,0.14900000393390656,1.1792482137680054,0
Palamara Grupo 2,1,SANTO DOMINGO,CENTRAL,CENTRAL 69 kV,\VM-PF.IntUser\PDD 31-12-2024.IntPrj\Network Model.IntPrjfolder\Network Data.IntPrjfolder\CENTRAL 69 kV.ElmNet\Diésel Palamara.ElmSite\Palamara Grupo 2.ElmSym,R1,ZPAL1K,\VM-PF.IntUser\PDD 31-12-2024.IntPrj\Network Model.IntPrjfolder\Network Data.IntPrjfolder\CENTRAL 69 kV.ElmNet\Diésel Palamara.ElmSite\ZPAL1K.ElmSubstat\R1.ElmTerm,Palamara Motor,2,1.000000013351432e-10,0.0,1.0,constv,10.766400337219238,0.0,1.0,-1.0,13.458000183105469,13.800000190734863,0.800000011920929,1.690000057220459,0.8799999952316284,0.133,0.004000000189989805,0.31700000166893005,0.21199999749660492,0.2619999945163727,5.400000095367432,0.03599999472498894,0.14900000393390656,1.1792482137680054,0
Palamara Grupo 1,1,SANTO DOMINGO,CENTRAL,CENTRAL 69 kV,\VM-PF.IntUser\PDD 31-12-2024.IntPrj\Network Model.IntPrjfolder\Network Data.IntPrjfolder\CENTRAL 69 kV.ElmNet\Diésel Palamara.ElmSite\Palamara Grupo 1.ElmSym,L2,ZPAL1K,\VM-PF.IntUser\PDD 31-12-2024.IntPrj\Network Model.IntPrjfolder\Network Data.IntPrjfolder\CENTRAL 69 kV.ElmNet\Diésel Palamara.ElmSite\ZPAL1K.ElmSubstat\L2.ElmTerm,Palamara Motor,4,1.000000013351432e-10,0.0,0.9900000095367432,constv,10.766400337219238,0.0,1.0,-1.0,13.458000183105469,13.800000190734863,0.800000011920929,1.690000057220459,0.8799999952316284,0.133,0.004000000189989805,0.31700000166893005,0.21199999749660492,0.2619999945163727,5.400000095367432,0.03599999472498894,0.14900000393390656,1.1792482137680054,0
INCA km 22 Grupo 1,1,SANTO DOMINGO,CENTRAL,CENTRAL 69 kV,\VM-PF.IntUser\PDD 31-12-2024.IntPrj\Network Model.IntPrjfolder\Network Data.IntPrjfolder\CENTRAL 69 kV.ElmNet\INCA km 22.ElmSite\INCA km 22 Grupo 1.ElmSym,L1,ZINCAK,\VM-PF.IntUser\PDD 31-12-2024.IntPrj\Network Model.IntPrjfolder\Network Data.IntPrjfolder\CENTRAL 69 kV.ElmNet\ZINCAK.ElmSubstat\L1.ElmTerm,INCA G6 Y G7,2,1.000000013351432e-10,0.0,1.0,constq,4.331200122833252,0.0,1.0,-1.0,5.414000034332275,12.470000267028809,0.800000011920929,1.8200000524520874,1.090000033378601,0.1,0.006000000052154064,0.33500000834465027,0.2150000035762787,0.2680000066757202,2.3904478549957275,0.03427907079458237,0.07266666740179062,1.3177945613861084,0
INCA km 22 Grupo 2,1,SANTO DOMINGO,CENTRAL,CENTRAL 69 kV,\VM-PF.IntUser\PDD 31-12-2024.IntPrj\Network Model.IntPrjfolder\Network Data.IntPrjfolder\CENTRAL 69 kV.ElmNet\INCA km 22.ElmSite\INCA km 22 Grupo 2.ElmSym,L2,ZINCAK,\VM-PF.IntUser\PDD 31-12-2024.IntPrj\Network Model.IntPrjfolder\Network Data.IntPrjfolder\CENTRAL 69 kV.ElmNet\ZINCAK.ElmSubstat\L2.ElmTerm,INCA_G5,1,1.000000013351432e-10,0.0,1.0,constq,6.079999923706055,0.0,1.0,-1.0,7.605000019073486,12.470000267028809,0.800000011920929,1.4500000476837158,0.8500000238418579,0.0,0.001500000013038516,0.27799999713897705,0.1754000037908554,0.20000000298023224,2.180215835571289,0.03645382076501846,0.21250000596046448,0.4786418378353119,0
EDM3 TG1,0,DISTRITO NACIONAL,CENTRAL,CENTRAL 69 kV,\VM-PF.IntUser\PDD 31-12-2024.IntPrj\Network Model.IntPrjfolder\Network Data.IntPrjfolder\CENTRAL 69 kV.ElmNet\EDM 3.ElmSite\EDM3 TG1.ElmSym,Terminal EDM3 TG1,EDM 3,\VM-PF.IntUser\PDD 31-12-2024.IntPrj\Network Model.IntPrjfolder\Network Data.IntPrjfolder\CENTRAL 69 kV.ElmNet\EDM 3.ElmSite\Terminal EDM3 TG1.ElmTerm,Estrella del Mar 3 TG,1,49.66667175292969,0.0,1.0,constv,50.959999084472656,0.0,1.0,-1.0,63.70000076293945,13.800000190734863,0.800000011920929,1.8899999856948853,1.2350000143051147,0.177,0.0020000000949949026,0.44200000166893005,0.25200000405311584,0.2460000067949295,2.779411792755127,0.022801587358117104,0.05020324885845184,5.010000228881836,0
EDM3 TG2,0,DISTRITO NACIONAL,CENTRAL,CENTRAL 69 kV,\VM-PF.IntUser\PDD 31-12-2024.IntPrj\Network Model.IntPrjfolder\Network Data.IntPrjfolder\CENTRAL 69 kV.ElmNet\EDM 3.ElmSite\EDM3 TG2.ElmSym,Terminal EDM3 TG2,EDM 3,\VM-PF.IntUser\PDD 31-12-2024.IntPrj\Network Model.IntPrjfolder\Network Data.IntPrjfolder\CENTRAL 69 kV.ElmNet\EDM 3.ElmSite\Terminal EDM3 TG2.ElmTerm,Estrella del Mar 3 TG,1,49.66667175292969,0.0,1.0,constv,50.959999084472656,0.0,1.0,-1.0,63.70000076293945,13.800000190734863,0.800000011920929,1.8899999856948853,1.2350000143051147,0.177,0.0020000000949949026,0.44200000166893005,0.25200000405311584,0.2460000067949295,2.779411792755127,0.022801587358117104,0.05020324885845184,5.010000228881836,0
EDM3 TV,0,DISTRITO NACIONAL,CENTRAL,CENTRAL 69 kV,\VM-PF.IntUser\PDD 31-12-2024.IntPrj\Network Model.IntPrjfolder\Network Data.IntPrjfolder\CENTRAL 69 kV.ElmNet\EDM 3.ElmSite\EDM3 TV.ElmSym,Terminal EDM3 TV,EDM 3,\VM-PF.IntUser\PDD 31-12-2024.IntPrj\Network Model.IntPrjfolder\Network Data.IntPrjfolder\CENTRAL 69 kV.ElmNet\EDM 3.ElmSite\Terminal EDM3 TV.ElmTerm,Estrella del Mar 3 TV,1,49.66667175292969,0.0,1.0,constv,48.327999114990234,0.0,1.0,-1.0,60.40999984741211,13.800000190734863,0.800000011920929,2.009999990463257,1.909999966621399,0.143,0.0010000000474974513,0.25,0.1770000010728836,0.1940000057220459,5.716440200805664,0.04096044972538948,0.17067012190818787,4.331080913543701,1
Quisqueya 1 San Pedro,0,ESTE CERCANO,ESTE,Expansión 345 kV,\VM-PF.IntUser\PDD 31-12-2024.IntPrj\Network Model.IntPrjfolder\Network Data.IntPrjfolder\Expansión 345 kV.ElmNet\Quisqueya.ElmSite\Quisqueya 1 San Pedro.ElmSym,E1,TER QUISQUEYA1,\VM-PF.IntUser\PDD 31-12-2024.IntPrj\Network Model.IntPrjfolder\Network Data.IntPrjfolder\Expansión 345 kV.ElmNet\Quisqueya.ElmSite\TER QUISQUEYA1.ElmSubstat\E1.ElmTerm,Quisqueya 1 Motor,4,15.100000381469727,0.0,1.0490000247955322,constv,17.076000213623047,0.0,1.0,-1.0,21.344999313354492,13.800000190734863,0.800000011920929,1.8309999704360962,1.0119999647140503,0.189,0.004000000189989805,0.3930000066757202,0.21899999678134918,0.24699999392032623,7.830999851226807,0.04185999929904938,0.15220001339912415,1.4450000524520874,0
Quisqueya 1 Grupo 2,0,ESTE CERCANO,ESTE,Expansión 345 kV,\VM-PF.IntUser\PDD 31-12-2024.IntPrj\Network Model.IntPrjfolder\Network Data.IntPrjfolder\Expansión 345 kV.ElmNet\Quisqueya.ElmSite\Quisqueya 1 Grupo 2.ElmSym,E15,TER QUISQUEYA1,\VM-PF.IntUser\PDD 31-12-2024.IntPrj\Network Model.IntPrjfolder\Network Data.IntPrjfolder\Expansión 345 kV.ElmNet\Quisqueya.ElmSite\TER QUISQUEYA1.ElmSubstat\E15.ElmTerm,Quisqueya 1 Motor,4,17.076000213623047,0.0,1.0,constv,17.076000213623047,0.0,1.0,-1.0,21.344999313354492,13.800000190734863,0.800000011920929,1.8309999704360962,1.0119999647140503,0.189,0.004000000189989805,0.3930000066757202,0.21899999678134918,0.24699999392032623,7.830999851226807,0.04185999929904938,0.15220001339912415,1.4450000524520874,0
Quisqueya 2 Grupo 1,1,ESTE CERCANO,ESTE,Expansión 345 kV,\VM-PF.IntUser\PDD 31-12-2024.IntPrj\Network Model.IntPrjfolder\Network Data.IntPrjfolder\Expansión 345 kV.ElmNet\Quisqueya.ElmSite\Quisqueya 2 Grupo 1.ElmSym,E1,TER QUISQUEYA2,\VM-PF.IntUser\PDD 31-12-2024.IntPrj\Network Model.IntPrjfolder\Network Data.IntPrjfolder\Expansión 345 kV.ElmNet\Quisqueya.ElmSite\TER QUISQUEYA2.ElmSubstat\E1.ElmTerm,Quisqueya 2 Motor,4,1.000000013351432e-10,0.0,1.0,constv,17.076000213623047,0.0,1.0,-1.0,21.344999313354492,13.800000190734863,0.800000011920929,1.8309999704360962,1.0119999647140503,0.189,0.004000000189989805,0.3930000066757202,0.21899999678134918,0.24699999392032623,7.830999851226807,0.04185999929904938,0.15220001339912415,1.4450000524520874,0
Quisqueya 2 Grupo 2,1,ESTE CERCANO,ESTE,Expansión 345 kV,\VM-PF.IntUser\PDD 31-12-2024.IntPrj\Network Model.IntPrjfolder\Network Data.IntPrjfolder\Expansión 345 kV.ElmNet\Quisqueya.ElmSite\Quisqueya 2 Grupo 2.ElmSym,E15,TER QUISQUEYA2,\VM-PF.IntUser\PDD 31-12-2024.IntPrj\Network Model.IntPrjfolder\Network Data.IntPrjfolder\Expansión 345 kV.ElmNet\Quisqueya.ElmSite\TER QUISQUEYA2.ElmSubstat\E15.ElmTerm,Quisqueya 2 Motor,4,1.000000013351432e-10,0.0,1.0,constv,17.076000213623047,0.0,1.0,-1.0,21.344999313354492,13.800000190734863,0.800000011920929,1.8309999704360962,1.0119999647140503,0.189,0.004000000189989805,0.3930000066757202,0.21899999678134918,0.24699999392032623,7.830999851226807,0.04185999929904938,0.15220001339912415,1.4450000524520874,0
Quisqueya 2 Grupo 3,1,ESTE CERCANO,ESTE,Expansión 345 kV,\VM-PF.IntUser\PDD 31-12-2024.IntPrj\Network Model.IntPrjfolder\Network Data.IntPrjfolder\Expansión 345 kV.ElmNet\Quisqueya.ElmSite\Quisqueya 2 Grupo 3.ElmSym,E9,TER QUISQUEYA2,\VM-PF.IntUser\PDD 31-12-2024.IntPrj\Network Model.IntPrjfolder\Network Data.IntPrjfolder\Expansión 345 kV.ElmNet\Quisqueya.ElmSite\TER QUISQUEYA2.ElmSubstat\E9.ElmTerm,Quisqueya 2 Motor,4,1.000000013351432e-10,0.0,1.0,constv,17.076000213623047,0.0,1.0,-1.0,21.344999313354492,13.800000190734863,0.800000011920929,1.8309999704360962,1.0119999647140503,0.189,0.004000000189989805,0.3930000066757202,0.21899999678134918,0.24699999392032623,7.830999851226807,0.04185999929904938,0.15220001339912415,1.4450000524520874,0
Quisqueya 2 TV,1,ESTE CERCANO,ESTE,Expansión 345 kV,\VM-PF.IntUser\PDD 31-12-2024.IntPrj\Network Model.IntPrjfolder\Network Data.IntPrjfolder\Expansión 345 kV.ElmNet\Quisqueya.ElmSite\Quisqueya 2 TV.ElmSym,E13,TER QUISQUEYA2,\VM-PF.IntUser\PDD 31-12-2024.IntPrj\Network Model.IntPrjfolder\Network Data.IntPrjfolder\Expansión 345 kV.ElmNet\Quisqueya.ElmSite\TER QUISQUEYA2.ElmSubstat\E13.ElmTerm,Quisqueya 1 TV,1,1.000000013351432e-10,0.0,1.0,constq,20.330400466918945,0.0,1.0,-1.0,25.413000106811523,13.800000190734863,0.800000011920929,1.7799999713897705,0.800000011920929,0.0,0.004000000189989805,0.27000001072883606,0.17299999296665192,0.20000000298023224,7.190000057220459,0.031213873997330666,0.029999999329447746,0.9200000166893005,0
Quisqueya 1 Grupo 3,0,ESTE CERCANO,ESTE,Expansión 345 kV,\VM-PF.IntUser\PDD 31-12-2024.IntPrj\Network Model.IntPrjfolder\Network Data.IntPrjfolder\Expansión 345 kV.ElmNet\Quisqueya.ElmSite\Quisqueya 1 Grupo 3.ElmSym,E9,TER QUISQUEYA1,\VM-PF.IntUser\PDD 31-12-2024.IntPrj\Network Model.IntPrjfolder\Network Data.IntPrjfolder\Expansión 345 kV.ElmNet\Quisqueya.ElmSite\TER QUISQUEYA1.ElmSubstat\E9.ElmTerm,Quisqueya 1 Motor,4,17.076000213623047,0.0,1.0399999618530273,constv,17.076000213623047,0.0,1.0,-1.0,21.344999313354492,13.800000190734863,0.800000011920929,1.8309999704360962,1.0119999647140503,0.189,0.004000000189989805,0.3930000066757202,0.21899999678134918,0.24699999392032623,7.830999851226807,0.04185999929904938,0.15220001339912415,1.4450000524520874,0
Quisqueya 1 TV,0,ESTE CERCANO,ESTE,Expansión 345 kV,\VM-PF.IntUser\PDD 31-12-2024.IntPrj\Network Model.IntPrjfolder\Network Data.IntPrjfolder\Expansión 345 kV.ElmNet\Quisqueya.ElmSite\Quisqueya 1 TV.ElmSym,E13,TER QUISQUEYA1,\VM-PF.IntUser\PDD 31-12-2024.IntPrj\Network Model.IntPrjfolder\Network Data.IntPrjfolder\Expansión 345 kV.ElmNet\Quisqueya.ElmSite\TER QUISQUEYA1.ElmSubstat\E13.ElmTerm,Quisqueya 1 TV,1,8.892000198364258,0.0,1.0,constq,20.330400466918945,0.0,1.0,-1.0,25.413000106811523,13.800000190734863,0.800000011920929,1.7799999713897705,0.800000011920929,0.0,0.004000000189989805,0.27000001072883606,0.17299999296665192,0.20000000298023224,7.190000057220459,0.031213873997330666,0.029999999329447746,0.9200000166893005,0
Punta Catalina 1,0,SUR CERCANO,SUR,Expansión 345 kV,\VM-PF.IntUser\PDD 31-12-2024.IntPrj\Network Model.IntPrjfolder\Network Data.IntPrjfolder\Expansión 345 kV.ElmNet\Punta Catalina.ElmSite\Punta Catalina 1.ElmSym,Terminal Punta Catalina 1,Punta Catalina,\VM-PF.IntUser\PDD 31-12-2024.IntPrj\Network Model.IntPrjfolder\Network Data.IntPrjfolder\Expansión 345 kV.ElmNet\Punta Catalina.ElmSite\Terminal Punta Catalina 1.ElmTerm,Punta Catalina,1,340.0,164.6695556640625,1.0499999523162842,constv,375.0,0.0,1.0,-1.0,460.0,22.0,0.8500000238418579,1.850000023841858,1.7899999618530273,0.14,0.0011111111380159855,0.23000000417232513,0.1850000023841858,0.1850000023841858,6.299999713897705,0.0035999997053295374,0.07499999552965164,3.993018865585327,1
Punta Catalina 2,0,SUR CERCANO,SUR,Expansión 345 kV,\VM-PF.IntUser\PDD 31-12-2024.IntPrj\Network Model.IntPrjfolder\Network Data.IntPrjfolder\Expansión 345 kV.ElmNet\Punta Catalina.ElmSite\Punta Catalina 2.ElmSym,Terminal Punta Catalina 2,Punta Catalina,\VM-PF.IntUser\PDD 31-12-2024.IntPrj\Network Model.IntPrjfolder\Network Data.IntPrjfolder\Expansión 345 kV.ElmNet\Punta Catalina.ElmSite\Terminal Punta Catalina 2.ElmTerm,Punta Catalina,1,359.989990234375,174.3511199951172,1.0499999523162842,constv,375.0,0.0,1.0,-1.0,460.0,22.0,0.8500000238418579,1.850000023841858,1.7899999618530273,0.14,0.0011111111380159855,0.23000000417232513,0.1850000023841858,0.1850000023841858,6.299999713897705,0.0035999997053295374,0.07499999552965164,3.993018865585327,1
Sultana del Este Grupo 3,1,ESTE CERCANO,ESTE,ESTE 138 kV,\VM-PF.IntUser\PDD 31-12-2024.IntPrj\Network Model.IntPrjfolder\Network Data.IntPrjfolder\ESTE 138 kV.ElmNet\Sultana del Este.ElmSite\Sultana del Este Grupo 3.ElmSym,Terminal Sultana del Este 3,Sultana del Este,\VM-PF.IntUser\PDD 31-12-2024.IntPrj\Network Model.IntPrjfolder\Network Data.IntPrjfolder\ESTE 138 kV.ElmNet\Sultana del Este.ElmSite\Terminal Sultana del Este 3.ElmTerm,Sultana del Este Motor,3,1.000000013351432e-10,6.00007751816456e-11,1.0,constv,17.0,0.0,1.0,-1.0,21.344999313354492,13.800000190734863,0.800000011920929,1.8309999704360962,1.0119999647140503,0.189,0.004000000189989805,0.3930000066757202,0.21899999678134918,0.24699999392032623,7.830999851226807,0.04185999929904938,0.15220001339912415,1.1777790784835815,0
Sultana del Este Grupo 1,1,ESTE CERCANO,ESTE,ESTE 138 kV,\VM-PF.IntUser\PDD 31-12-2024.IntPrj\Network Model.IntPrjfolder\Network Data.IntPrjfolder\ESTE 138 kV.ElmNet\Sultana del Este.ElmSite\Sultana del Este Grupo 1.ElmSym,Terminal Sultana del Este 1,Sultana del Este,\VM-PF.IntUser\PDD 31-12-2024.IntPrj\Network Model.IntPrjfolder\Network Data.IntPrjfolder\ESTE 138 kV.ElmNet\Sultana del Este.ElmSite\Terminal Sultana del Este 1.ElmTerm,Sultana del Este Motor,4,1.000000013351432e-10,0.0,1.0,constv,17.0,0.0,1.0,-1.0,21.344999313354492,13.800000190734863,0.800000011920929,1.8309999704360962,1.0119999647140503,0.189,0.004000000189989805,0.3930000066757202,0.21899999678134918,0.24699999392032623,7.830999851226807,0.04185999929904938,0.15220001339912415,1.1777790784835815,0
Sultana del Este Grupo 2,1,ESTE CERCANO,ESTE,ESTE 138 kV,\VM-PF.IntUser\PDD 31-12-2024.IntPrj\Network Model.IntPrjfolder\Network Data.IntPrjfolder\ESTE 138 kV.ElmNet\Sultana del Este.ElmSite\Sultana del Este Grupo 2.ElmSym,Terminal Sultana del Este 2,Sultana del Este,\VM-PF.IntUser\PDD 31-12-2024.IntPrj\Network Model.IntPrjfolder\Network Data.IntPrjfolder\ESTE 138 kV.ElmNet\Sultana del Este.ElmSite\Terminal Sultana del Este 2.ElmTerm,Sultana del Este Motor,3,1.000000013351432e-10,0.0,1.0,constv,17.0,0.0,1.0,-1.0,21.344999313354492,13.800000190734863,0.800000011920929,1.8309999704360962,1.0119999647140503,0.189,0.004000000189989805,0.3930000066757202,0.21899999678134918,0.24699999392032623,7.830999851226807,0.04185999929904938,0.15220001339912415,1.1777790784835815,0
CESPM 3,0,ESTE CERCANO,ESTE,ESTE 138 kV,\VM-PF.IntUser\PDD 31-12-2024.IntPrj\Network Model.IntPrjfolder\Network Data.IntPrjfolder\ESTE 138 kV.ElmNet\SPM 2.ElmSite\CESPM 3.ElmSym,Terminal CESPM 3,SPM 2,\VM-PF.IntUser\PDD 31-12-2024.IntPrj\Network Model.IntPrjfolder\Network Data.IntPrjfolder\ESTE 138 kV.ElmNet\SPM 2.ElmSite\Terminal CESPM 3.ElmTerm,CESPM 3,1,80.0,0.0,1.0199999809265137,constv,100.30000305175781,0.0,1.0,-1.0,118.0,13.800000190734863,0.8500000238418579,1.899999976158142,1.809999942779541,0.127,0.0010000000474974513,0.21199999749660492,0.14900000393390656,0.16300000250339508,8.232999801635742,0.0430000014603138,0.05000000074505806,3.25,1
CESPM 2,0,ESTE CERCANO,ESTE,ESTE 138 kV,\VM-PF.IntUser\PDD 31-12-2024.IntPrj\Network Model.IntPrjfolder\Network Data.IntPrjfolder\ESTE 138 kV.ElmNet\SPM 2.ElmSite\CESPM 2.ElmSym,Terminal CESPM 2,SPM 2,\VM-PF.IntUser\PDD 31-12-2024.IntPrj\Network Model.IntPrjfolder\Network Data.IntPrjfolder\ESTE 138 kV.ElmNet\SPM 2.ElmSite\Terminal CESPM 2.ElmTerm,CESPM 2,1,78.44000244140625,0.0,1.0199999809265137,constv,100.30000305175781,0.0,1.0,-1.0,118.0,13.800000190734863,0.8500000238418579,1.899999976158142,1.809999942779541,0.127,0.0010000000474974513,0.21199999749660492,0.14900000393390656,0.16300000250339508,8.232999801635742,0.0430000014603138,0.05000000074505806,3.25,1
CESPM 1,0,ESTE CERCANO,ESTE,ESTE 138 kV,\VM-PF.IntUser\PDD 31-12-2024.IntPrj\Network Model.IntPrjfolder\Network Data.IntPrjfolder\ESTE 138 kV.ElmNet\SPM 2.ElmSite\CESPM 1.ElmSym,Terminal CESPM 1,SPM 2,\VM-PF.IntUser\PDD 31-12-2024.IntPrj\Network Model.IntPrjfolder\Network Data.IntPrjfolder\ESTE 138 kV.ElmNet\SPM 2.ElmSite\Terminal CESPM 1.ElmTerm,CESPM 1,1,79.9000015258789,0.0,1.0199999809265137,constv,100.30000305175781,0.0,1.0,-1.0,118.0,13.800000190734863,0.8500000238418579,1.899999976158142,1.809999942779541,0.127,0.0010000000474974513,0.21199999749660492,0.14900000393390656,0.16300000250339508,8.232999801635742,0.0430000014603138,0.05000000074505806,3.25,1
Bersal,1,ESTE CERCANO,ESTE,ESTE 138 kV,\VM-PF.IntUser\PDD 31-12-2024.IntPrj\Network Model.IntPrjfolder\Network Data.IntPrjfolder\ESTE 138 kV.ElmNet\CEMEX.ElmSite\Bersal.ElmSym,R1,ZCEMEK,\VM-PF.IntUser\PDD 31-12-2024.IntPrj\Network Model.IntPrjfolder\Network Data.IntPrjfolder\ESTE 138 kV.ElmNet\CEMEX.ElmSite\ZCEMEK.ElmSubstat\R1.ElmTerm,Bersal,4,1.000000013351432e-10,0.0,1.0,constq,6.400000095367432,0.0,1.0,-1.0,7.875,13.800000190734863,0.800000011920929,1.6200000047683716,0.9700000286102295,0.0,0.001500000013038516,0.28200000524520874,0.17800000309944153,0.22300000488758087,2.6425533294677734,0.03485393151640892,0.24250000715255737,0.9709434509277344,0
Los Orígenes Power Plant Grupo 1,1,ESTE CERCANO,ESTE,ESTE 138 kV,\VM-PF.IntUser\PDD 31-12-2024.IntPrj\Network Model.IntPrjfolder\Network Data.IntPrjfolder\ESTE 138 kV.ElmNet\Los Orígenes.ElmSite\Los Orígenes Power Plant Grupo 1.ElmSym,Terminal Los Orígenes,Los Orígenes,\VM-PF.IntUser\PDD 31-12-2024.IntPrj\Network Model.IntPrjfolder\Network Data.IntPrjfolder\ESTE 138 kV.ElmNet\Los Orígenes.ElmSite\Terminal Los Orígenes.ElmTerm,Los Orígenes Grupo 1,3,1.000000013351432e-10,0.0,1.0,constq,8.432000160217285,0.0,1.0,-1.0,10.548999786376953,12.470000267028809,0.800000011920929,1.7699999809265137,0.8799999952316284,0.157,0.004999999888241291,0.36000001430511475,0.28700000047683716,0.2879999876022339,3.048333168029785,0.025087108835577965,0.12222222238779068,1.0885847806930542,0
Los Orígenes Power Plant Grupo 2,1,ESTE CERCANO,ESTE,ESTE 138 kV,\VM-PF.IntUser\PDD 31-12-2024.IntPrj\Network Model.IntPrjfolder\Network Data.IntPrjfolder\ESTE 138 kV.ElmNet\Los Orígenes.ElmSite\Los Orígenes Power Plant Grupo 2.ElmSym,Terminal Los Orígenes,Los Orígenes,\VM-PF.IntUser\PDD 31-12-2024.IntPrj\Network Model.IntPrjfolder\Network Data.IntPrjfolder\ESTE 138 kV.ElmNet\Los Orígenes.ElmSite\Terminal Los Orígenes.ElmTerm,Los Orígenes Grupo 2,2,1.000000013351432e-10,0.0,1.0490000247955322,constv,17.18000030517578,0.0,1.0,-1.0,21.344999313354492,12.470000267028809,0.800000011920929,1.9079999923706055,1.0549999475479126,0.0,0.004000000189989805,0.4090000092983246,0.2280000001192093,0.25699999928474426,8.61632251739502,0.042586229741573334,0.16707587242126465,1.2766350507736206,0
San Pedro Bio-Energy,0,ESTE CERCANO,ESTE,ESTE 138 kV,\VM-PF.IntUser\PDD 31-12-2024.IntPrj\Network Model.IntPrjfolder\Network Data.IntPrjfolder\ESTE 138 kV.ElmNet\San Pedro Bio-Energy.ElmSite\San Pedro Bio-Energy.ElmSym,R1,ZSPBEK,\VM-PF.IntUser\PDD 31-12-2024.IntPrj\Network Model.IntPrjfolder\Network Data.IntPrjfolder\ESTE 138 kV.ElmNet\San Pedro Bio-Energy.ElmSite\ZSPBEK.ElmSubstat\R1.ElmTerm,San Pedro Bio-Energy,1,30.0,14.529670715332031,1.0499999523162842,constv,30.5,0.0,1.0,-1.0,34.70000076293945,13.800000190734863,0.8999999761581421,2.430000066757202,1.3700000047683716,0.183,0.0020000000949949026,0.36800000071525574,0.29100000858306885,0.39800000190734863,8.23426628112793,0.030350515618920326,0.03442211076617241,1.0444146394729614,0
Contra Embalse Monción 2,0,CIBAO NOROESTE,NORTE,NORTE 138 kV,\VM-PF.IntUser\PDD 31-12-2024.IntPrj\Network Model.IntPrjfolder\Network Data.IntPrjfolder\NORTE 138 kV.ElmNet\Monción.ElmSite\Contra Embalse Monción 2.ElmSym,Terminal Contra Embalse Monción,Monción,\VM-PF.IntUser\PDD 31-12-2024.IntPrj\Network Model.IntPrjfolder\Network Data.IntPrjfolder\NORTE 138 kV.ElmNet\Monción.ElmSite\Terminal Contra Embalse Monción.ElmTerm,Contra Embalse Monción 1,1,0.8999999761581421,0.0,1.0,constq,1.440000057220459,0.0,1.0,-1.0,1.7999999523162842,4.159999847412109,0.800000011920929,1.5,1.0,0.0,0.004399999976158142,0.30000001192092896,0.1899999976158142,0.20000000298023224,5.0,0.05999999865889549,0.2512562870979309,3.5,0
Contra Embalse Monción 1,0,CIBAO NOROESTE,NORTE,NORTE 138 kV,\VM-PF.IntUser\PDD 31-12-2024.IntPrj\Network Model.IntPrjfolder\Network Data.IntPrjfolder\NORTE 138 kV.ElmNet\Monción.ElmSite\Contra Embalse Monción 1.ElmSym,Terminal Contra Embalse Monción,Monción,\VM-PF.IntUser\PDD 31-12-2024.IntPrj\Network Model.IntPrjfolder\Network Data.IntPrjfolder\NORTE 138 kV.ElmNet\Monción.ElmSite\Terminal Contra Embalse Monción.ElmTerm,Contra Embalse Monción 1,1,0.8999999761581421,0.0,1.0,constq,1.440000057220459,0.0,1.0,-1.0,1.7999999523162842,4.159999847412109,0.800000011920929,1.5,1.0,0.0,0.004399999976158142,0.30000001192092896,0.1899999976158142,0.20000000298023224,5.0,0.05999999865889549,0.2512562870979309,3.5,0
Monción 2,0,CIBAO NOROESTE,NORTE,NORTE 138 kV,\VM-PF.IntUser\PDD 31-12-2024.IntPrj\Network Model.IntPrjfolder\Network Data.IntPrjfolder\NORTE 138 kV.ElmNet\Monción.ElmSite\Monción 2.ElmSym,Terminal Monción,Monción,\VM-PF.IntUser\PDD 31-12-2024.IntPrj\Network Model.IntPrjfolder\Network Data.IntPrjfolder\NORTE 138 kV.ElmNet\Monción.ElmSite\Terminal Monción.ElmTerm,Monción,1,21.399999618530273,0.0,1.0,constv,26.0,0.0,1.0,-1.0,30.0,13.800000190734863,0.800000011920929,1.5,1.0,0.0,0.004399999976158142,0.30000001192092896,0.1899999976158142,0.20000000298023224,5.0,0.06000000610947609,0.25,4.480000019073486,0
Monción 1,0,CIBAO NOROESTE,NORTE,NORTE 138 kV,\VM-PF.IntUser\PDD 31-12-2024.IntPrj\Network Model.IntPrjfolder\Network Data.IntPrjfolder\NORTE 138 kV.ElmNet\Monción.ElmSite\Monción 1.ElmSym,Terminal Monción,Monción,\VM-PF.IntUser\PDD 31-12-2024.IntPrj\Network Model.IntPrjfolder\Network Data.IntPrjfolder\NORTE 138 kV.ElmNet\Monción.ElmSite\Terminal Monción.ElmTerm,Monción,1,23.5,0.0,1.0,constq,26.0,0.0,1.0,-1.0,30.0,13.800000190734863,0.800000011920929,1.5,1.0,0.0,0.004399999976158142,0.30000001192092896,0.1899999976158142,0.20000000298023224,5.0,0.06000000610947609,0.25,4.480000019073486,0
Pimentel 3,0,CIBAO NORESTE,NORTE,NORTE 138 kV,\VM-PF.IntUser\PDD 31-12-2024.IntPrj\Network Model.IntPrjfolder\Network Data.IntPrjfolder\NORTE 138 kV.ElmNet\Pimentel.ElmSite\Pimentel 3.ElmSym,Terminal Pimentel Grupo 3,Pimentel,\VM-PF.IntUser\PDD 31-12-2024.IntPrj\Network Model.IntPrjfolder\Network Data.IntPrjfolder\NORTE 138 kV.ElmNet\Pimentel.ElmSite\Terminal Pimentel Grupo 3.ElmTerm,Pimentel 3,3,8.119999885559082,0.0,1.0,constq,17.200000762939453,0.0,1.0,-1.0,21.344999313354492,13.800000190734863,0.800000011920929,1.8300000429153442,1.0119999647140503,0.189,0.004000000189989805,0.3930000066757202,0.21899999678134918,0.24699999392032623,7.830999374389648,0.04185999929904938,0.15220001339912415,1.2766350507736206,0
Pimentel 2,1,CIBAO NORESTE,NORTE,NORTE 138 kV,\VM-PF.IntUser\PDD 31-12-2024.IntPrj\Network Model.IntPrjfolder\Network Data.IntPrjfolder\NORTE 138 kV.ElmNet\Pimentel.ElmSite\Pimentel 2.ElmSym,R2,ZPIMEK,\VM-PF.IntUser\PDD 31-12-2024.IntPrj\Network Model.IntPrjfolder\Network Data.IntPrjfolder\NORTE 138 kV.ElmNet\Pimentel.ElmSite\ZPIMEK.ElmSubstat\R2.ElmTerm,Pimentel 2,4,1.000000013351432e-10,0.0,1.0,constv,6.969600200653076,0.0,1.0,-1.0,8.711999893188477,13.800000190734863,0.800000011920929,2.056999921798706,1.0529999732971191,0.0,0.004999999888241291,0.37299999594688416,0.2240000069141388,0.24899999797344208,5.61199951171875,0.025700001046061516,0.1046999990940094,0.9774986505508423,0
Pimentel 1,1,CIBAO NORESTE,NORTE,NORTE 138 kV,\VM-PF.IntUser\PDD 31-12-2024.IntPrj\Network Model.IntPrjfolder\Network Data.IntPrjfolder\NORTE 138 kV.ElmNet\Pimentel.ElmSite\Pimentel 1.ElmSym,L2,ZPIMEK,\VM-PF.IntUser\PDD 31-12-2024.IntPrj\Network Model.IntPrjfolder\Network Data.IntPrjfolder\NORTE 138 kV.ElmNet\Pimentel.ElmSite\ZPIMEK.ElmSubstat\L2.ElmTerm,Pimentel 1,4,1.000000013351432e-10,0.0,1.0,constv,7.856800079345703,0.0,1.0,-1.0,9.821000099182129,13.800000190734863,0.800000011920929,2.0,1.0190000534057617,0.178,0.004999999888241291,0.3540000021457672,0.20900000631809235,0.22100000083446503,5.798999786376953,0.02679000049829483,0.109499990940094,1.0260127782821655,0
López Angostura,0,CIBAO NORTE,NORTE,NORTE 138 kV,\VM-PF.IntUser\PDD 31-12-2024.IntPrj\Network Model.IntPrjfolder\Network Data.IntPrjfolder\NORTE 138 kV.ElmNet\López Angostura.ElmSite\López Angostura.ElmSym,Terminal López Angostura,López Angostura,\VM-PF.IntUser\PDD 31-12-2024.IntPrj\Network Model.IntPrjfolder\Network Data.IntPrjfolder\NORTE 138 kV.ElmNet\López Angostura.ElmSite\Terminal López Angostura.ElmTerm,López Angostura,1,8.920000076293945,0.0,1.0,constv,18.399999618530273,0.0,1.0,-1.0,23.0,13.800000190734863,0.800000011920929,1.0460000038146973,1.0,0.0,0.003000000026077032,0.23000000417232513,0.15000000596046448,0.20000000298023224,5.457391262054443,0.02759999781847,0.25,3.5,0
Baiguaque 2,1,CIBAO NORTE,NORTE,NORTE 138 kV,\VM-PF.IntUser\PDD 31-12-2024.IntPrj\Network Model.IntPrjfolder\Network Data.IntPrjfolder\NORTE 138 kV.ElmNet\Site.ElmSite\Baiguaque 2.ElmSym,Terminal 1 Baiguaque,Site,\VM-PF.IntUser\PDD 31-12-2024.IntPrj\Network Model.IntPrjfolder\Network Data.IntPrjfolder\NORTE 138 kV.ElmNet\Site.ElmSite\Terminal 1 Baiguaque.ElmTerm,Baiguaque,1,1.000000013351432e-10,3.2868412852549156e-11,1.0,constq,0.656000018119812,0.0,1.0,-1.0,0.8199999928474426,0.4399999976158142,0.800000011920929,1.5,1.0,0.0,0.019999999552965164,0.30000001192092896,0.16899999976158142,0.20000000298023224,5.0,0.08875740319490433,0.2512562870979309,2.0,0
Baiguaque 1,0,CIBAO NORTE,NORTE,NORTE 138 kV,\VM-PF.IntUser\PDD 31-12-2024.IntPrj\Network Model.IntPrjfolder\Network Data.IntPrjfolder\NORTE 138 kV.ElmNet\Site.ElmSite\Baiguaque 1.ElmSym,Terminal 1 Baiguaque,Site,\VM-PF.IntUser\PDD 31-12-2024.IntPrj\Network Model.IntPrjfolder\Network Data.IntPrjfolder\NORTE 138 kV.ElmNet\Site.ElmSite\Terminal 1 Baiguaque.ElmTerm,Baiguaque,1,0.20000000298023224,0.09686440974473953,1.0,constq,0.656000018119812,0.0,1.0,-1.0,0.8199999928474426,0.4399999976158142,0.800000011920929,1.5,1.0,0.0,0.019999999552965164,0.30000001192092896,0.16899999976158142,0.20000000298023224,5.0,0.08875740319490433,0.2512562870979309,2.0,0
Tavera 2,1,CIBAO NORTE,NORTE,NORTE 138 kV,\VM-PF.IntUser\PDD 31-12-2024.IntPrj\Network Model.IntPrjfolder\Network Data.IntPrjfolder\NORTE 138 kV.ElmNet\Tavera.ElmSite\Tavera 2.ElmSym,Terminal Tavera 2,Tavera,\VM-PF.IntUser\PDD 31-12-2024.IntPrj\Network Model.IntPrjfolder\Network Data.IntPrjfolder\NORTE 138 kV.ElmNet\Tavera.ElmSite\Terminal Tavera 2.ElmTerm,Tavera 2,1,1.000000013351432e-10,0.0,1.0,constq,48.0,0.0,1.0,-1.0,60.0,13.800000190734863,0.800000011920929,1.3300000429153442,0.8500000238418579,0.0,0.004000000189989805,0.3700000047683716,0.2800000011920929,0.30000001192092896,5.509999752044678,0.04894006997346878,0.03866666927933693,3.0,0
Tavera 1,0,CIBAO NORTE,NORTE,NORTE 138 kV,\VM-PF.IntUser\PDD 31-12-2024.IntPrj\Network Model.IntPrjfolder\Network Data.IntPrjfolder\NORTE 138 kV.ElmNet\Tavera.ElmSite\Tavera 1.ElmSym,Terminal Tavera 1,Tavera,\VM-PF.IntUser\PDD 31-12-2024.IntPrj\Network Model.IntPrjfolder\Network Data.IntPrjfolder\NORTE 138 kV.ElmNet\Tavera.ElmSite\Terminal Tavera 1.ElmTerm,Tavera 1,1,44.900001525878906,0.0,1.0,constv,48.0,0.0,1.0,-1.0,60.0,13.800000190734863,0.800000011920929,1.3300000429153442,0.8500000238418579,0.0,0.004000000189989805,0.3700000047683716,0.2800000011920929,0.30000001192092896,5.509999752044678,0.04999999701976776,0.3297414183616638,2.417046070098877,0
San Felipe TG,1,CIBAO NORTE,NORTE,NORTE 138 kV,\VM-PF.IntUser\PDD 31-12-2024.IntPrj\Network Model.IntPrjfolder\Network Data.IntPrjfolder\NORTE 138 kV.ElmNet\San Felipe TG.ElmSym,WSFEGK(7),ZSFELE(1),\VM-PF.IntUser\PDD 31-12-2024.IntPrj\Network Model.IntPrjfolder\Network Data.IntPrjfolder\NORTE 138 kV.ElmNet\ZSFELE(1).ElmSubstat\WSFEGK(7).ElmTerm,San Felipe TG,1,1.000000013351432e-10,0.0,1.0,constv,88.67040252685547,0.0,1.0,-1.0,101.91999816894531,13.800000190734863,0.8700000047683716,2.0390000343322754,1.944000005722046,0.171,0.0,0.29100000858306885,0.20000000298023224,0.20000000298023224,5.614999771118164,0.02199999988079071,0.04600000008940697,2.5,1
San Felipe Vapor,1,CIBAO NORTE,NORTE,NORTE 138 kV,\VM-PF.IntUser\PDD 31-12-2024.IntPrj\Network Model.IntPrjfolder\Network Data.IntPrjfolder\NORTE 138 kV.ElmNet\San Felipe Vapor.ElmSym,Terminal San Felipe Vapor,ZSFELE(1),\VM-PF.IntUser\PDD 31-12-2024.IntPrj\Network Model.IntPrjfolder\Network Data.IntPrjfolder\NORTE 138 kV.ElmNet\ZSFELE(1).ElmSubstat\Terminal San Felipe Vapor.ElmTerm,San Felipe TV,1,1.000000013351432e-10,0.0,1.0,constv,124.73190307617188,0.0,1.0,-1.0,143.3699951171875,13.800000190734863,0.8700000047683716,1.7020000219345093,1.6390000581741333,0.161,0.0,0.2849999964237213,0.1979999989271164,0.1979999989271164,3.8519999980926514,0.032999999821186066,0.07999999821186066,2.5,1
Pimentel 4,0,CIBAO NORESTE,NORTE,NORTE 138 kV,\VM-PF.IntUser\PDD 31-12-2024.IntPrj\Network Model.IntPrjfolder\Network Data.IntPrjfolder\NORTE 138 kV.ElmNet\Pimentel 4.ElmSym,Terminal Pimentel 4,,\VM-PF.IntUser\PDD 31-12-2024.IntPrj\Network Model.IntPrjfolder\Network Data.IntPrjfolder\NORTE 138 kV.ElmNet\Terminal Pimentel 4.ElmTerm,Pimentel 4,2,6.574999809265137,0.0,1.0,constv,18.100000381469727,0.0,1.0,-1.0,22.665000915527344,13.800000190734863,0.800000011920929,1.7230000495910645,0.9520000219345093,0.172,0.0038203399162739515,0.36800000071525574,0.20399999618530273,0.23000000417232513,4.447000026702881,0.0652099996805191,0.0652100071310997,1.368265986442566,0
Los Toros 1,0,SUR MEDIO,SUR,SUR 69 kV,\VM-PF.IntUser\PDD 31-12-2024.IntPrj\Network Model.IntPrjfolder\Network Data.IntPrjfolder\SUR 69 kV.ElmNet\Los Toros.ElmSite\Los Toros 1.ElmSym,Terminal Los Toros,Los Toros,\VM-PF.IntUser\PDD 31-12-2024.IntPrj\Network Model.IntPrjfolder\Network Data.IntPrjfolder\SUR 69 kV.ElmNet\Los Toros.ElmSite\Terminal Los Toros.ElmTerm,Los Toros,1,3.690000057220459,2.214028835296631,1.0,constq,4.724999904632568,0.0,1.0,-1.0,5.25,6.900000095367432,0.8999999761581421,1.5299999713897705,1.4199999570846558,0.0,0.010999999940395355,0.2639999985694885,0.17299999296665192,0.19436000287532806,1.2239999771118164,0.015070890076458454,0.09643959254026413,0.550000011920929,0
Los Toros 2,0,SUR MEDIO,SUR,SUR 69 kV,\VM-PF.IntUser\PDD 31-12-2024.IntPrj\Network Model.IntPrjfolder\Network Data.IntPrjfolder\SUR 69 kV.ElmNet\Los Toros.ElmSite\Los Toros 2.ElmSym,Terminal Los Toros,Los Toros,\VM-PF.IntUser\PDD 31-12-2024.IntPrj\Network Model.IntPrjfolder\Network Data.IntPrjfolder\SUR 69 kV.ElmNet\Los Toros.ElmSite\Terminal Los Toros.ElmTerm,Los Toros,1,2.9100000858306885,0.9564710855484009,1.0,constq,4.724999904632568,0.0,1.0,-1.0,5.25,6.900000095367432,0.8999999761581421,1.5299999713897705,1.4199999570846558,0.0,0.010999999940395355,0.2639999985694885,0.17299999296665192,0.19436000287532806,1.2239999771118164,0.015070890076458454,0.09643959254026413,0.550000011920929,0
Nizao Najayo,1,SUR CERCANO,SUR,SUR 69 kV,\VM-PF.IntUser\PDD 31-12-2024.IntPrj\Network Model.IntPrjfolder\Network Data.IntPrjfolder\SUR 69 kV.ElmNet\Nizao Najayo.ElmSym,Terminal Nizao-Najayo,,\VM-PF.IntUser\PDD 31-12-2024.IntPrj\Network Model.IntPrjfolder\Network Data.IntPrjfolder\SUR 69 kV.ElmNet\Terminal Nizao-Najayo.ElmTerm,Nizao-Najayo,1,1.000000013351432e-10,4.843220963168804e-11,1.0,constq,0.35100001096725464,0.0,1.0,-1.0,0.38999998569488525,12.470000267028809,0.8999999761581421,1.5,1.0,0.0,0.019999999552965164,0.30000001192092896,0.16899999976158142,0.20000000298023224,5.0,0.08875740319490433,0.2512562870979309,1.7999999523162842,0
Los Anones,1,SUR CERCANO,SUR,SUR 69 kV,\VM-PF.IntUser\PDD 31-12-2024.IntPrj\Network Model.IntPrjfolder\Network Data.IntPrjfolder\SUR 69 kV.ElmNet\Los Anones.ElmSym,Terminal Los Anones,,\VM-PF.IntUser\PDD 31-12-2024.IntPrj\Network Model.IntPrjfolder\Network Data.IntPrjfolder\SUR 69 kV.ElmNet\Terminal Los Anones.ElmTerm,Los Anones,1,1.000000013351432e-10,4.843220963168804e-11,1.0,constq,0.1160999983549118,0.0,1.0,-1.0,0.1289999932050705,12.470000267028809,0.8999999761581421,1.5,1.0,0.0,0.019999999552965164,0.30000001192092896,0.16899999976158142,0.20000000298023224,5.0,0.08875740319490433,0.25,2.0,0
Sabana Yegua,0,SUR MEDIO,SUR,SUR 69 kV,\VM-PF.IntUser\PDD 31-12-2024.IntPrj\Network Model.IntPrjfolder\Network Data.IntPrjfolder\SUR 69 kV.ElmNet\Sabana Yegua.ElmSite\Sabana Yegua.ElmSym,Terminal Sabana Yegua,Sabana Yegua,\VM-PF.IntUser\PDD 31-12-2024.IntPrj\Network Model.IntPrjfolder\Network Data.IntPrjfolder\SUR 69 kV.ElmNet\Sabana Yegua.ElmSite\Terminal Sabana Yegua.ElmTerm,Sabana Yegüa,1,11.600000381469727,0.0,1.0,constv,12.800000190734863,0.0,1.0,-1.0,16.0,13.800000190734863,0.800000011920929,1.0700000524520874,1.0,0.0,0.004999999888241291,0.2800000011920929,0.23999999463558197,0.33000001311302185,3.821428060531616,0.03635844588279724,0.1663288176059723,2.7758262157440186,0
Sabaneta,0,SUR MEDIO,SUR,SUR 69 kV,\VM-PF.IntUser\PDD 31-12-2024.IntPrj\Network Model.IntPrjfolder\Network Data.IntPrjfolder\SUR 69 kV.ElmNet\Sabaneta.ElmSite\Sabaneta.ElmSym,Terminal Sabaneta,Sabaneta,\VM-PF.IntUser\PDD 31-12-2024.IntPrj\Network Model.IntPrjfolder\Network Data.IntPrjfolder\SUR 69 kV.ElmNet\Sabaneta.ElmSite\Terminal Sabaneta.ElmTerm,Sabaneta,1,4.269999980926514,0.0,1.0,constv,6.360000133514404,0.0,1.0,-1.0,7.949999809265137,12.5,0.800000011920929,1.2100000381469727,1.0,0.0,0.0010000000474974513,0.30000001192092896,0.19300000369548798,0.20000000298023224,6.666667938232422,0.04974093660712242,0.25,1.3681391477584839,0
Magueyal 2,1,SUR MEDIO,SUR,SUR 69 kV,\VM-PF.IntUser\PDD 31-12-2024.IntPrj\Network Model.IntPrjfolder\Network Data.IntPrjfolder\SUR 69 kV.ElmNet\Magueyal.ElmSite\Magueyal 2.ElmSym,Terminal Magueyal,Magueyal,\VM-PF.IntUser\PDD 31-12-2024.IntPrj\Network Model.IntPrjfolder\Network Data.IntPrjfolder\SUR 69 kV.ElmNet\Magueyal.ElmSite\Terminal Magueyal.ElmTerm,Magueyal,1,1.000000013351432e-10,4.843220963168804e-11,1.0,constq,1.5119999647140503,0.0,1.0,-1.0,1.6799999475479126,13.800000190734863,0.8999999761581421,1.25600004196167,1.2380000352859497,0.076,0.010999999940395355,0.17399999499320984,0.1289999932050705,0.18199999630451202,1.299310564994812,0.01348837185651064,0.1360439509153366,1.600000023841858,0
Magueyal 1,1,SUR MEDIO,SUR,SUR 69 kV,\VM-PF.IntUser\PDD 31-12-2024.IntPrj\Network Model.IntPrjfolder\Network Data.IntPrjfolder\SUR 69 kV.ElmNet\Magueyal.ElmSite\Magueyal 1.ElmSym,Terminal Magueyal,Magueyal,\VM-PF.IntUser\PDD 31-12-2024.IntPrj\Network Model.IntPrjfolder\Network Data.IntPrjfolder\SUR 69 kV.ElmNet\Magueyal.ElmSite\Terminal Magueyal.ElmTerm,Magueyal,1,1.000000013351432e-10,4.843220963168804e-11,1.0,constq,1.5119999647140503,0.0,1.0,-1.0,1.6799999475479126,13.800000190734863,0.8999999761581421,1.25600004196167,1.2380000352859497,0.076,0.010999999940395355,0.17399999499320984,0.1289999932050705,0.18199999630451202,1.299310564994812,0.01348837185651064,0.1360439509153366,1.600000023841858,0
Las Damas,0,SUR PROFUNDO,SUR,SUR 69 kV,\VM-PF.IntUser\PDD 31-12-2024.IntPrj\Network Model.IntPrjfolder\Network Data.IntPrjfolder\SUR 69 kV.ElmNet\Las Damas.ElmSite\Las Damas.ElmSym,WLDAMK(10),ZLDAMK,\VM-PF.IntUser\PDD 31-12-2024.IntPrj\Network Model.IntPrjfolder\Network Data.IntPrjfolder\SUR 69 kV.ElmNet\Las Damas.ElmSite\ZLDAMK.ElmSubstat\WLDAMK(10).ElmTerm,Las Damas,1,1.5499999523162842,0.9606037139892578,1.0,constv,7.49970006942749,0.0,1.0,-1.0,8.333000183105469,12.5,0.8999999761581421,0.9340000152587891,0.9240000247955322,0.0,0.004000000189989805,0.23999999463558197,0.1899999976158142,0.20000000298023224,3.891666889190674,0.056842103600502014,0.415800005197525,3.5,0
Domingo Rodríguez 2,0,SUR MEDIO,SUR,SUR 69 kV,\VM-PF.IntUser\PDD 31-12-2024.IntPrj\Network Model.IntPrjfolder\Network Data.IntPrjfolder\SUR 69 kV.ElmNet\Domingo Rodríguez.ElmSite\Domingo Rodríguez 2.ElmSym,Terminal Domingo Rodríguez 2,Domingo Rodríguez,\VM-PF.IntUser\PDD 31-12-2024.IntPrj\Network Model.IntPrjfolder\Network Data.IntPrjfolder\SUR 69 kV.ElmNet\Domingo Rodríguez.ElmSite\Terminal Domingo Rodríguez 2.ElmTerm,Domingo Rodríguez,1,1.2000000476837158,0.0,1.0,constq,2.4000000953674316,0.0,1.0,-1.0,3.0,4.159999847412109,0.800000011920929,1.440000057220459,0.920799970626831,0.0,0.010999999940395355,0.2630000114440918,0.17260000109672546,0.20000000298023224,0.21000000834465027,0.008999994024634361,0.4800001382827759,1.600000023841858,0
Domingo Rodríguez 1,0,SUR MEDIO,SUR,SUR 69 kV,\VM-PF.IntUser\PDD 31-12-2024.IntPrj\Network Model.IntPrjfolder\Network Data.IntPrjfolder\SUR 69 kV.ElmNet\Domingo Rodríguez.ElmSite\Domingo Rodríguez 1.ElmSym,Terminal Domingo Rodríguez 2,Domingo Rodríguez,\VM-PF.IntUser\PDD 31-12-2024.IntPrj\Network Model.IntPrjfolder\Network Data.IntPrjfolder\SUR 69 kV.ElmNet\Domingo Rodríguez.ElmSite\Terminal Domingo Rodríguez 2.ElmTerm,Domingo Rodríguez,1,1.2000000476837158,0.0,1.0,constq,2.4000000953674316,0.0,1.0,-1.0,3.0,4.159999847412109,0.800000011920929,1.440000057220459,0.920799970626831,0.0,0.010999999940395355,0.2630000114440918,0.17260000109672546,0.20000000298023224,0.21000000834465027,0.008999994024634361,0.4800001382827759,1.600000023841858,0
Haina TG,1,SUR CERCANO,SUR,SUR 138 kV,\VM-PF.IntUser\PDD 31-12-2024.IntPrj\Network Model.IntPrjfolder\Network Data.IntPrjfolder\SUR 138 kV.ElmNet\Haina.ElmSite\Haina TG.ElmSym,Terminal Haina TG,Haina,\VM-PF.IntUser\PDD 31-12-2024.IntPrj\Network Model.IntPrjfolder\Network Data.IntPrjfolder\SUR 138 kV.ElmNet\Haina.ElmSite\Terminal Haina TG.ElmTerm,Haina TG,1,1.000000013351432e-10,0.0,1.0,constq,100.30000305175781,0.0,1.0,-1.0,118.0,13.800000190734863,0.8500000238418579,2.0,1.9900000095367432,0.0,0.0010000000474974513,0.30000001192092896,0.11999999731779099,0.20000000298023224,6.666666507720947,0.08000001311302185,0.07500000298023224,5.5,1
Valdesia 2,1,SUR CERCANO,SUR,SUR 138 kV,\VM-PF.IntUser\PDD 31-12-2024.IntPrj\Network Model.IntPrjfolder\Network Data.IntPrjfolder\SUR 138 kV.ElmNet\Valdesia.ElmSite\Valdesia 2.ElmSym,Terminal Valdesia 2,Valdesia,\VM-PF.IntUser\PDD 31-12-2024.IntPrj\Network Model.IntPrjfolder\Network Data.IntPrjfolder\SUR 138 kV.ElmNet\Valdesia.ElmSite\Terminal Valdesia 2.ElmTerm,Valdesia,1,1.000000013351432e-10,0.0,1.0,constq,25.5,0.0,1.0,-1.0,30.0,13.800000190734863,0.8500000238418579,1.2100000381469727,1.0,0.0,0.004999999888241291,0.30000001192092896,0.23999999463558197,0.23999999463558197,4.033332824707031,0.07772020250558853,0.4166666567325592,3.353651285171509,0
Valdesia 1,0,SUR CERCANO,SUR,SUR 138 kV,\VM-PF.IntUser\PDD 31-12-2024.IntPrj\Network Model.IntPrjfolder\Network Data.IntPrjfolder\SUR 138 kV.ElmNet\Valdesia.ElmSite\Valdesia 1.ElmSym,Terminal Valdesia 1,Valdesia,\VM-PF.IntUser\PDD 31-12-2024.IntPrj\Network Model.IntPrjfolder\Network Data.IntPrjfolder\SUR 138 kV.ElmNet\Valdesia.ElmSite\Terminal Valdesia 1.ElmTerm,Valdesia,1,21.110000610351562,0.0,1.0,constv,25.5,0.0,1.0,-1.0,30.0,13.800000190734863,0.8500000238418579,1.2100000381469727,1.0,0.0,0.004999999888241291,0.30000001192092896,0.23999999463558197,0.23999999463558197,4.033332824707031,0.07772020250558853,0.4166666567325592,3.353651285171509,0
Las Barías,0,SUR CERCANO,SUR,SUR 138 kV,\VM-PF.IntUser\PDD 31-12-2024.IntPrj\Network Model.IntPrjfolder\Network Data.IntPrjfolder\SUR 138 kV.ElmNet\Valdesia.ElmSite\Las Barías.ElmSym,Terminal Las Barías,Valdesia,\VM-PF.IntUser\PDD 31-12-2024.IntPrj\Network Model.IntPrjfolder\Network Data.IntPrjfolder\SUR 138 kV.ElmNet\Valdesia.ElmSite\Terminal Las Barías.ElmTerm,Las Barias,1,0.30000001192092896,0.14529664814472198,1.0,constq,0.8999999761581421,0.0,1.0,-1.0,1.0,13.800000190734863,0.8999999761581421,1.5,1.0,0.0,0.019999999552965164,0.30000001192092896,0.20000000298023224,0.20000000298023224,5.0,0.07500000298023224,0.04000000283122063,3.0,0
Barahona Carbón,0,SUR PROFUNDO,SUR,SUR 138 kV,\VM-PF.IntUser\PDD 31-12-2024.IntPrj\Network Model.IntPrjfolder\Network Data.IntPrjfolder\SUR 138 kV.ElmNet\Barahona Carbón.ElmSite\Barahona Carbón.ElmSym,Terminal Barahona Carbón,Barahona Carbón,\VM-PF.IntUser\PDD 31-12-2024.IntPrj\Network Model.IntPrjfolder\Network Data.IntPrjfolder\SUR 138 kV.ElmNet\Barahona Carbón.ElmSite\Terminal Barahona Carbón.ElmTerm,Barahona Carbón,1,20.0,0.0,1.0,constv,53.70000076293945,0.0,1.0,-1.0,65.0,13.800000190734863,0.8500000238418579,2.0199999809265137,1.9199999570846558,0.151,0.00139999995008111,0.2680000066757202,0.18799999356269836,0.20600000023841858,5.31380558013916,0.0413404256105423,0.016711164265871048,2.5,1
Jigüey 2,1,SUR CERCANO,SUR,SUR 138 kV,\VM-PF.IntUser\PDD 31-12-2024.IntPrj\Network Model.IntPrjfolder\Network Data.IntPrjfolder\SUR 138 kV.ElmNet\Jiguey.ElmSite\Jigüey 2.ElmSym,Terminal Jigüey 2,Jiguey,\VM-PF.IntUser\PDD 31-12-2024.IntPrj\Network Model.IntPrjfolder\Network Data.IntPrjfolder\SUR 138 kV.ElmNet\Jiguey.ElmSite\Terminal Jigüey 2.ElmTerm,Jigüey 2,1,1.000000013351432e-10,0.0,1.0,constv,49.0,0.0,1.0,-1.0,61.25,13.800000190734863,0.800000011920929,0.949999988079071,0.5669999718666077,0.0,0.0020000000949949026,0.2879999876022339,0.20000000298023224,0.20000000298023224,6.06944465637207,0.035999998450279236,0.14174999296665192,3.4800000190734863,0
Jigüey 1,0,SUR CERCANO,SUR,SUR 138 kV,\VM-PF.IntUser\PDD 31-12-2024.IntPrj\Network Model.IntPrjfolder\Network Data.IntPrjfolder\SUR 138 kV.ElmNet\Jiguey.ElmSite\Jigüey 1.ElmSym,Terminal Jigüey 1,Jiguey,\VM-PF.IntUser\PDD 31-12-2024.IntPrj\Network Model.IntPrjfolder\Network Data.IntPrjfolder\SUR 138 kV.ElmNet\Jiguey.ElmSite\Terminal Jigüey 1.ElmTerm,Jigüey 1,1,44.70000076293945,0.0,1.0,constv,49.0,0.0,1.0,-1.0,61.25,13.800000190734863,0.800000011920929,0.949999988079071,0.5669999718666077,0.0,0.0020000000949949026,0.2879999876022339,0.20000000298023224,0.20000000298023224,6.06944465637207,0.035999998450279236,0.14174999296665192,3.4800000190734863,0
Aguacate 2,0,SUR CERCANO,SUR,SUR 138 kV,\VM-PF.IntUser\PDD 31-12-2024.IntPrj\Network Model.IntPrjfolder\Network Data.IntPrjfolder\SUR 138 kV.ElmNet\Aguacate.ElmSite\Aguacate 2.ElmSym,Terminal Aguacate 2,Aguacate,\VM-PF.IntUser\PDD 31-12-2024.IntPrj\Network Model.IntPrjfolder\Network Data.IntPrjfolder\SUR 138 kV.ElmNet\Aguacate.ElmSite\Terminal Aguacate 2.ElmTerm,Aguacate,1,26.0,0.0,1.0,constq,28.235200881958008,0.0,1.0,-1.0,35.29399871826172,13.800000190734863,0.800000011920929,1.1330000162124634,0.6930000185966492,0.142,0.003000000026077032,0.32899999618530273,0.23399999737739563,0.21799999475479126,4.9290666580200195,6.93149471282959,0.3458642363548279,2.799999952316284,0
Aguacate 1,0,SUR CERCANO,SUR,SUR 138 kV,\VM-PF.IntUser\PDD 31-12-2024.IntPrj\Network Model.IntPrjfolder\Network Data.IntPrjfolder\SUR 138 kV.ElmNet\Aguacate.ElmSite\Aguacate 1.ElmSym,Terminal Aguacate 1,Aguacate,\VM-PF.IntUser\PDD 31-12-2024.IntPrj\Network Model.IntPrjfolder\Network Data.IntPrjfolder\SUR 138 kV.ElmNet\Aguacate.ElmSite\Terminal Aguacate 1.ElmTerm,Aguacate,1,26.0,0.0,1.0,constq,28.235200881958008,0.0,1.0,-1.0,35.29399871826172,13.800000190734863,0.800000011920929,1.1330000162124634,0.6930000185966492,0.142,0.003000000026077032,0.32899999618530273,0.23399999737739563,0.21799999475479126,4.9290666580200195,6.93149471282959,0.3458642363548279,2.799999952316284,0
Monte Río Grupo 2,1,SUR MEDIO,SUR,SUR 138 kV,\VM-PF.IntUser\PDD 31-12-2024.IntPrj\Network Model.IntPrjfolder\Network Data.IntPrjfolder\SUR 138 kV.ElmNet\Monte Río.ElmSite\Monte Río Grupo 2.ElmSym,Terminal Monte Río 3,Monte Río,\VM-PF.IntUser\PDD 31-12-2024.IntPrj\Network Model.IntPrjfolder\Network Data.IntPrjfolder\SUR 138 kV.ElmNet\Monte Río.ElmSite\Terminal Monte Río 3.ElmTerm,Monte Río,7,1.000000013351432e-10,0.0,1.0199999809265137,constv,7.806399822235107,0.0,1.0,-1.0,9.758000373840332,13.800000190734863,0.800000011920929,1.7999999523162842,1.0,0.1,0.006000000052154064,0.33000001311302185,0.21899999678134918,0.2409999966621399,3.0545449256896973,0.040684934705495834,0.047302909195423126,1.0230242013931274,0
Monte Río Grupo 1,1,SUR MEDIO,SUR,SUR 138 kV,\VM-PF.IntUser\PDD 31-12-2024.IntPrj\Network Model.IntPrjfolder\Network Data.IntPrjfolder\SUR 138 kV.ElmNet\Monte Río.ElmSite\Monte Río Grupo 1.ElmSym,Terminal Monte Río 1,Monte Río,\VM-PF.IntUser\PDD 31-12-2024.IntPrj\Network Model.IntPrjfolder\Network Data.IntPrjfolder\SUR 138 kV.ElmNet\Monte Río.ElmSite\Terminal Monte Río 1.ElmTerm,Monte Río,6,1.000000013351432e-10,0.0,1.0199999809265137,constv,7.806399822235107,0.0,1.0,-1.0,9.758000373840332,13.800000190734863,0.800000011920929,1.7999999523162842,1.0,0.1,0.006000000052154064,0.33000001311302185,0.21899999678134918,0.2409999966621399,3.0545449256896973,0.040684934705495834,0.047302909195423126,1.0230242013931274,0
Itabo 2,0,SUR CERCANO,SUR,SUR 138 kV,\VM-PF.IntUser\PDD 31-12-2024.IntPrj\Network Model.IntPrjfolder\Network Data.IntPrjfolder\SUR 138 kV.ElmNet\Itabo.ElmSite\Itabo 2.ElmSym,Terminal Itabo 2,Itabo,\VM-PF.IntUser\PDD 31-12-2024.IntPrj\Network Model.IntPrjfolder\Network Data.IntPrjfolder\SUR 138 kV.ElmNet\Itabo.ElmSite\Terminal Itabo 2.ElmTerm,Itabo 2,1,120.0,0.0,1.0,constv,132.0050048828125,0.0,1.0,-1.0,155.3000030517578,13.800000190734863,0.8500000238418579,1.809999942779541,1.74399995803833,0.175,0.004000000189989805,0.3100000023841858,0.2160000056028366,0.25,3.7830002307891846,0.032999999821186066,0.07800000160932541,3.200000047683716,1
Itabo 1,0,SUR CERCANO,SUR,SUR 138 kV,\VM-PF.IntUser\PDD 31-12-2024.IntPrj\Network Model.IntPrjfolder\Network Data.IntPrjfolder\SUR 138 kV.ElmNet\Itabo.ElmSite\Itabo 1.ElmSym,Terminal Itabo 1,Itabo,\VM-PF.IntUser\PDD 31-12-2024.IntPrj\Network Model.IntPrjfolder\Network Data.IntPrjfolder\SUR 138 kV.ElmNet\Itabo.ElmSite\Terminal Itabo 1.ElmTerm,Itabo 1,1,120.0,0.0,1.0,constv,132.0050048828125,0.0,1.0,-1.0,150.60000610351562,13.800000190734863,0.8500000238418579,1.850000023841858,1.74399995803833,0.166,0.004000000189989805,0.2709999978542328,0.1889999955892563,0.25,4.039999961853027,0.032999999821186066,0.07800000160932541,3.191990375518799,1
San Lorenzo 1,1,SUR CERCANO,SUR,SUR 138 kV,\VM-PF.IntUser\PDD 31-12-2024.IntPrj\Network Model.IntPrjfolder\Network Data.IntPrjfolder\SUR 138 kV.ElmNet\Itabo TG.ElmSite\San Lorenzo 1.ElmSym,1,ZITAGK,\VM-PF.IntUser\PDD 31-12-2024.IntPrj\Network Model.IntPrjfolder\Network Data.IntPrjfolder\SUR 138 kV.ElmNet\Itabo TG.ElmSite\ZITAGK.ElmSubstat\1.ElmTerm,San Lorenzo,1,1.000000013351432e-10,0.0,1.0,constv,42.72959899902344,0.0,1.0,-1.0,53.4119987487793,13.800000190734863,0.800000011920929,2.1640000343322754,2.006999969482422,0.158,0.004000000189989805,0.2549999952316284,0.18199999630451202,0.17599999904632568,5.838132858276367,0.022137360647320747,0.04400145635008812,2.0,1
Palomino 2,1,SUR MEDIO,SUR,SUR 138 kV,\VM-PF.IntUser\PDD 31-12-2024.IntPrj\Network Model.IntPrjfolder\Network Data.IntPrjfolder\SUR 138 kV.ElmNet\Palomino.ElmSite\Palomino 2.ElmSym,Terminal Palomino 1,Palomino,\VM-PF.IntUser\PDD 31-12-2024.IntPrj\Network Model.IntPrjfolder\Network Data.IntPrjfolder\SUR 138 kV.ElmNet\Palomino.ElmSite\Terminal Palomino 1.ElmTerm,Palomino,1,1.000000013351432e-10,0.0,1.0199999809265137,constv,40.0,0.0,1.0,-1.0,48.0,13.800000190734863,0.8500000238418579,1.0299999713897705,0.6600000262260437,0.12,0.004999999888241291,0.27000001072883606,0.23000000417232513,0.20999999344348907,6.256295680999756,0.07043478637933731,0.16624999046325684,2.630000114440918,0
Palomino 1,0,SUR MEDIO,SUR,SUR 138 kV,\VM-PF.IntUser\PDD 31-12-2024.IntPrj\Network Model.IntPrjfolder\Network Data.IntPrjfolder\SUR 138 kV.ElmNet\Palomino.ElmSite\Palomino 1.ElmSym,Terminal Palomino 2,Palomino,\VM-PF.IntUser\PDD 31-12-2024.IntPrj\Network Model.IntPrjfolder\Network Data.IntPrjfolder\SUR 138 kV.ElmNet\Palomino.ElmSite\Terminal Palomino 2.ElmTerm,Palomino,1,34.0,0.0,1.0199999809265137,constv,40.0,0.0,1.0,-1.0,48.0,13.800000190734863,0.8500000238418579,1.0299999713897705,0.6600000262260437,0.12,0.004999999888241291,0.27000001072883606,0.23000000417232513,0.20999999344348907,6.256295680999756,0.07043478637933731,0.16624999046325684,2.630000114440918,0
POWERSHIP AZUA KPS26 2,1,SUR MEDIO,SUR,SUR 138 kV,\VM-PF.IntUser\PDD 31-12-2024.IntPrj\Network Model.IntPrjfolder\Network Data.IntPrjfolder\SUR 138 kV.ElmNet\POWERSHIP AZUA KPS 26.ElmSite\POWERSHIP AZUA KPS26 2.ElmSym,Terminal POWERSHIP AZUA KPS26 2,POWERSHIP AZUA KPS 26,\VM-PF.IntUser\PDD 31-12-2024.IntPrj\Network Model.IntPrjfolder\Network Data.IntPrjfolder\SUR 138 kV.ElmNet\POWERSHIP AZUA KPS 26.ElmSite\Terminal POWERSHIP AZUA KPS26 2.ElmTerm,POWERSHIP AZUA KPS26,3,1.000000013351432e-10,4.843220963168804e-11,1.0,constv,18.164730072021484,0.0,0.9605122804641724,-0.9605122804641724,21.724000930786133,11.0,0.8500000238418579,1.2710000276565552,0.875,0.109,0.003000000026077032,0.296999990940094,0.2460000067949295,0.39800000190734863,3.594747543334961,0.06036585196852684,0.1978643387556076,1.1582928895950317,0
POWERSHIP AZUA KPS26 1,1,SUR MEDIO,SUR,SUR 138 kV,\VM-PF.IntUser\PDD 31-12-2024.IntPrj\Network Model.IntPrjfolder\Network Data.IntPrjfolder\SUR 138 kV.ElmNet\POWERSHIP AZUA KPS 26.ElmSite\POWERSHIP AZUA KPS26 1.ElmSym,Terminal POWERSHIP AZUA KPS26 1,POWERSHIP AZUA KPS 26,\VM-PF.IntUser\PDD 31-12-2024.IntPrj\Network Model.IntPrjfolder\Network Data.IntPrjfolder\SUR 138 kV.ElmNet\POWERSHIP AZUA KPS 26.ElmSite\Terminal POWERSHIP AZUA KPS26 1.ElmTerm,POWERSHIP AZUA KPS26,3,1.000000013351432e-10,4.843220963168804e-11,1.0,constv,18.164730072021484,0.0,0.9605122804641724,-0.9605122804641724,21.724000930786133,11.0,0.8500000238418579,1.2710000276565552,0.875,0.109,0.003000000026077032,0.296999990940094,0.2460000067949295,0.39800000190734863,3.594747543334961,0.06036585196852684,0.1978643387556076,1.1582928895950317,0
POWERSHIP AZUA KPS60,1,SUR MEDIO,SUR,SUR 138 kV,\VM-PF.IntUser\PDD 31-12-2024.IntPrj\Network Model.IntPrjfolder\Network Data.IntPrjfolder\SUR 138 kV.ElmNet\POWERSHIP AZUA KPS 60.ElmSite\POWERSHIP AZUA KPS60.ElmSym,Terminal Powership Azua KPS60,POWERSHIP AZUA KPS 60,\VM-PF.IntUser\PDD 31-12-2024.IntPrj\Network Model.IntPrjfolder\Network Data.IntPrjfolder\SUR 138 kV.ElmNet\POWERSHIP AZUA KPS 60.ElmSite\Terminal Powership Azua KPS60.ElmTerm,POWERSHIP AZUA KPS60,4,1.000000013351432e-10,4.843220963168804e-11,1.0,constv,18.464550018310547,0.0,0.9605122804641724,-0.9605122804641724,21.722999572753906,15.0,0.8500000238418579,1.5759999752044678,0.871999979019165,0.0,0.0038999998942017555,0.33899998664855957,0.1889999955892563,0.21299999952316284,4.848873138427734,0.06821253895759583,0.2697877585887909,1.2243785858154297,0
POWERSHIP AZUA TV,1,SUR MEDIO,SUR,SUR 138 kV,\VM-PF.IntUser\PDD 31-12-2024.IntPrj\Network Model.IntPrjfolder\Network Data.IntPrjfolder\SUR 138 kV.ElmNet\POWERSHIP AZUA KPS 60.ElmSite\POWERSHIP AZUA TV.ElmSym,Terminal Powership Azua KPS60,POWERSHIP AZUA KPS 60,\VM-PF.IntUser\PDD 31-12-2024.IntPrj\Network Model.IntPrjfolder\Network Data.IntPrjfolder\SUR 138 kV.ElmNet\POWERSHIP AZUA KPS 60.ElmSite\Terminal Powership Azua KPS60.ElmTerm,POWERSHIP TV,1,1.000000013351432e-10,4.843220963168804e-11,1.0,constv,6.0,0.0,0.9605122804641724,-0.9605122804641724,7.059000015258789,15.0,0.8500000238418579,1.559999942779541,1.4900000095367432,0.0,0.004999999888241291,0.25,0.17299999296665192,0.2800000011920929,2.6207997798919678,0.0505780354142189,0.03991071507334709,1.090000033378601,0
Palenque,1,SUR CERCANO,SUR,SUR 138 kV,\VM-PF.IntUser\PDD 31-12-2024.IntPrj\Network Model.IntPrjfolder\Network Data.IntPrjfolder\SUR 138 kV.ElmNet\Palenque.ElmSite\Palenque.ElmSym,Terminal Palenque 2,Palenque,\VM-PF.IntUser\PDD 31-12-2024.IntPrj\Network Model.IntPrjfolder\Network Data.IntPrjfolder\SUR 138 kV.ElmNet\Palenque.ElmSite\Terminal Palenque 2.ElmTerm,Palenque,4,1.000000013351432e-10,4.843220963168804e-11,1.0499999523162842,constv,25.799999237060547,0.0,1.0,-1.0,8.057999610900879,4.159999847412109,0.800000011920929,2.1700000762939453,1.1799999475479126,0.1,0.004000000189989805,0.3499999940395355,0.20999999344348907,0.20999999344348907,4.898000240325928,0.01666666753590107,0.02857143059372902,0.9534788131713867,0
Los Mina 6,0,SANTO DOMINGO,CENTRAL,CENTRAL 138 kV,\VM-PF.IntUser\PDD 31-12-2024.IntPrj\Network Model.IntPrjfolder\Network Data.IntPrjfolder\CENTRAL 138 kV.ElmNet\Los Mina 6.ElmSite\Los Mina 6.ElmSym,Terminal Los Mina 6,Los Mina 6,\VM-PF.IntUser\PDD 31-12-2024.IntPrj\Network Model.IntPrjfolder\Network Data.IntPrjfolder\CENTRAL 138 kV.ElmNet\Los Mina 6.ElmSite\Terminal Los Mina 6.ElmTerm,Los Mina 6,1,74.5094985961914,0.0,1.0,constv,105.0,0.0,1.0,-1.0,153.75,13.800000190734863,0.800000011920929,2.0,1.9900000095367432,0.18,0.0013000000035390258,0.3700000047683716,0.20999999344348907,0.20000000298023224,7.763000011444092,0.04973684251308441,0.05550000071525574,4.941192626953125,1
AES Andrés TV,1,SANTO DOMINGO,CENTRAL,CENTRAL 138 kV,\VM-PF.IntUser\PDD 31-12-2024.IntPrj\Network Model.IntPrjfolder\Network Data.IntPrjfolder\CENTRAL 138 kV.ElmNet\AES Andrés.ElmSite\AES Andrés TV.ElmSym,Terminal AES Andrés Vapor,AES Andrés,\VM-PF.IntUser\PDD 31-12-2024.IntPrj\Network Model.IntPrjfolder\Network Data.IntPrjfolder\CENTRAL 138 kV.ElmNet\AES Andrés.ElmSite\Terminal AES Andrés Vapor.ElmTerm,AES Andrés TV,1,1.000000013351432e-10,0.0,1.0199999809265137,constv,121.31999969482422,0.0,0.43991100788116455,-0.39985159039497375,134.8000030517578,13.800000190734863,0.8999999761581421,1.899999976158142,1.809999942779541,0.119,0.0010000000474974513,0.20399999618530273,0.15299999713897705,0.1679999977350235,8.663999557495117,0.04200000315904617,0.05000000074505806,3.808729887008667,1
AES Andrés TG,1,SANTO DOMINGO,CENTRAL,CENTRAL 138 kV,\VM-PF.IntUser\PDD 31-12-2024.IntPrj\Network Model.IntPrjfolder\Network Data.IntPrjfolder\CENTRAL 138 kV.ElmNet\AES Andrés.ElmSite\AES Andrés TG.ElmSym,Terminal AES Andrés Gas,AES Andrés,\VM-PF.IntUser\PDD 31-12-2024.IntPrj\Network Model.IntPrjfolder\Network Data.IntPrjfolder\CENTRAL 138 kV.ElmNet\AES Andrés.ElmSite\Terminal AES Andrés Gas.ElmTerm,AES Andrés TG,1,1.000000013351432e-10,0.0,1.0399999618530273,constv,196.8000030517578,0.0,0.4344446063041687,-0.2972516119480133,218.6699981689453,18.0,0.8999999761581421,1.899999976158142,1.809999942779541,0.0,0.03375000134110451,0.20399999618530273,0.15299999713897705,0.1679999977350235,8.619999885559082,0.030666669830679893,0.04999999329447746,5.998943328857422,1
METALDOM,1,DISTRITO NACIONAL,CENTRAL,CENTRAL 138 kV,\VM-PF.IntUser\PDD 31-12-2024.IntPrj\Network Model.IntPrjfolder\Network Data.IntPrjfolder\CENTRAL 138 kV.ElmNet\METALDOM.ElmSite\METALDOM.ElmSym,Terminal METALDOM,METALDOM,\VM-PF.IntUser\PDD 31-12-2024.IntPrj\Network Model.IntPrjfolder\Network Data.IntPrjfolder\CENTRAL 138 kV.ElmNet\METALDOM.ElmSite\Terminal METALDOM.ElmTerm,METALDOM,4,1.000000013351432e-10,0.0,0.9900000095367432,constv,10.503999710083008,0.0,1.0,-1.0,15.0,13.199999809265137,0.800000011920929,1.9500000476837158,1.0,0.0,0.009999999776482582,0.46000000834465027,0.2410999983549118,0.20000000298023224,3.0860869884490967,0.09787639230489731,0.25,2.7495110034942627,0
Los Mina 5,0,SANTO DOMINGO,CENTRAL,CENTRAL 138 kV,\VM-PF.IntUser\PDD 31-12-2024.IntPrj\Network Model.IntPrjfolder\Network Data.IntPrjfolder\CENTRAL 138 kV.ElmNet\Los Mina 5.ElmSite\Los Mina 5.ElmSym,Terminal Los Mina 5,Los Mina 5,\VM-PF.IntUser\PDD 31-12-2024.IntPrj\Network Model.IntPrjfolder\Network Data.IntPrjfolder\CENTRAL 138 kV.ElmNet\Los Mina 5.ElmSite\Terminal Los Mina 5.ElmTerm,Los Mina 5,1,74.5094985961914,0.0,1.0,constv,105.0,0.0,1.0,-1.0,153.75,13.800000190734863,0.800000011920929,2.0,1.9900000095367432,0.18,0.0013000000035390258,0.30000001192092896,0.20999999344348907,0.20000000298023224,7.763000011444092,0.07105263322591782,0.0924999937415123,4.941192626953125,1
EDM2 Grupo 1,1,DISTRITO NACIONAL,CENTRAL,CENTRAL 138 kV,\VM-PF.IntUser\PDD 31-12-2024.IntPrj\Network Model.IntPrjfolder\Network Data.IntPrjfolder\CENTRAL 138 kV.ElmNet\EDM 2.ElmSite\EDM2 Grupo 1.ElmSym,L1,ZEDM2K,\VM-PF.IntUser\PDD 31-12-2024.IntPrj\Network Model.IntPrjfolder\Network Data.IntPrjfolder\CENTRAL 138 kV.ElmNet\EDM 2.ElmSite\ZEDM2K.ElmSubstat\L1.ElmTerm,Estrella del Mar 2 Motor,3,1.000000013351432e-10,0.0,1.0,constq,18.14324951171875,0.0,1.0,-1.0,21.344999313354492,13.800000190734863,0.8500000238418579,1.8309999704360962,1.0119999647140503,0.0,0.004000000189989805,0.3930000066757202,0.21899999678134918,0.24699999392032623,8.609892845153809,0.04265575483441353,0.1671643853187561,1.6080000400543213,0
EDM2 Grupo 2,1,DISTRITO NACIONAL,CENTRAL,CENTRAL 138 kV,\VM-PF.IntUser\PDD 31-12-2024.IntPrj\Network Model.IntPrjfolder\Network Data.IntPrjfolder\CENTRAL 138 kV.ElmNet\EDM 2.ElmSite\EDM2 Grupo 2.ElmSym,R1,ZEDM2K,\VM-PF.IntUser\PDD 31-12-2024.IntPrj\Network Model.IntPrjfolder\Network Data.IntPrjfolder\CENTRAL 138 kV.ElmNet\EDM 2.ElmSite\ZEDM2K.ElmSubstat\R1.ElmTerm,Estrella del Mar 2 Motor,3,1.000000013351432e-10,0.0,1.0,constq,18.14324951171875,0.0,1.0,-1.0,21.344999313354492,13.800000190734863,0.8500000238418579,1.8309999704360962,1.0119999647140503,0.0,0.004000000189989805,0.3930000066757202,0.21899999678134918,0.24699999392032623,8.609892845153809,0.04265575483441353,0.1671643853187561,1.6080000400543213,0
EDM2 TV,1,DISTRITO NACIONAL,CENTRAL,CENTRAL 138 kV,\VM-PF.IntUser\PDD 31-12-2024.IntPrj\Network Model.IntPrjfolder\Network Data.IntPrjfolder\CENTRAL 138 kV.ElmNet\EDM 2.ElmSite\EDM2 TV.ElmSym,R4,ZEDM2K,\VM-PF.IntUser\PDD 31-12-2024.IntPrj\Network Model.IntPrjfolder\Network Data.IntPrjfolder\CENTRAL 138 kV.ElmNet\EDM 2.ElmSite\ZEDM2K.ElmSubstat\R4.ElmTerm,Estrella del Mar 2 TV,1,1.000000013351432e-10,0.0,1.0,constq,8.800000190734863,0.0,1.0,-1.0,11.0,13.800000190734863,0.800000011920929,2.6740000247955322,1.3830000162124634,0.123,0.005539999809116125,0.3659999966621399,0.23999999463558197,0.3100000023841858,5.004617691040039,0.060999996960163116,0.19183549284934998,0.75,0
Los Mina 7,0,SANTO DOMINGO,CENTRAL,CENTRAL 138 kV,\VM-PF.IntUser\PDD 31-12-2024.IntPrj\Network Model.IntPrjfolder\Network Data.IntPrjfolder\CENTRAL 138 kV.ElmNet\Los Mina 7.ElmSite\Los Mina 7.ElmSym,Terminal Los Mina 7,Los Mina 7,\VM-PF.IntUser\PDD 31-12-2024.IntPrj\Network Model.IntPrjfolder\Network Data.IntPrjfolder\CENTRAL 138 kV.ElmNet\Los Mina 7.ElmSite\Terminal Los Mina 7.ElmTerm,Los Mina 7 TV,1,80.24099731445312,38.86249923706055,1.0,constv,324.0,0.0,1.0,-1.0,145.0,13.800000190734863,0.8500000238418579,2.2290000915527344,2.0799999237060547,0.134,0.0010000000474974513,0.21899999678134918,0.15700000524520874,0.1599999964237213,6.921096324920654,0.03766242042183876,0.01862500049173832,3.7661185264587402,1
SIBA Grupo 1,1,SANTO DOMINGO,CENTRAL,CENTRAL 138 kV,\VM-PF.IntUser\PDD 31-12-2024.IntPrj\Network Model.IntPrjfolder\Network Data.IntPrjfolder\CENTRAL 138 kV.ElmNet\SIBA.ElmSite\SIBA Grupo 1.ElmSym,Terminal SIBA Grupo 1,SIBA,\VM-PF.IntUser\PDD 31-12-2024.IntPrj\Network Model.IntPrjfolder\Network Data.IntPrjfolder\CENTRAL 138 kV.ElmNet\SIBA.ElmSite\Terminal SIBA Grupo 1.ElmTerm,SIBA 16.7 MVA,2,1.000000013351432e-10,4.843220963168804e-11,1.0,constv,16.700000762939453,0.0,1.0,-1.0,16.700000762939453,13.800000190734863,0.9100000262260437,1.850000023841858,0.949999988079071,0.09,0.0034693877678364515,0.25099998712539673,0.18000000715255737,0.2240000069141388,7.127291202545166,0.07808888703584671,0.19933034479618073,4.400000095367432,0
SIBA Grupo 2,1,SANTO DOMINGO,CENTRAL,CENTRAL 138 kV,\VM-PF.IntUser\PDD 31-12-2024.IntPrj\Network Model.IntPrjfolder\Network Data.IntPrjfolder\CENTRAL 138 kV.ElmNet\SIBA.ElmSite\SIBA Grupo 2.ElmSym,Terminal SIBA Grupo 2,SIBA,\VM-PF.IntUser\PDD 31-12-2024.IntPrj\Network Model.IntPrjfolder\Network Data.IntPrjfolder\CENTRAL 138 kV.ElmNet\SIBA.ElmSite\Terminal SIBA Grupo 2.ElmTerm,SIBA 16.7 MVA,2,1.000000013351432e-10,4.843220963168804e-11,1.0,constv,16.700000762939453,0.0,1.0,-1.0,16.700000762939453,13.800000190734863,0.9100000262260437,1.850000023841858,0.949999988079071,0.09,0.0034693877678364515,0.25099998712539673,0.18000000715255737,0.2240000069141388,7.127291202545166,0.07808888703584671,0.19933034479618073,4.400000095367432,0
SIBA Grupo 3,1,SANTO DOMINGO,CENTRAL,CENTRAL 138 kV,\VM-PF.IntUser\PDD 31-12-2024.IntPrj\Network Model.IntPrjfolder\Network Data.IntPrjfolder\CENTRAL 138 kV.ElmNet\SIBA.ElmSite\SIBA Grupo 3.ElmSym,Terminal SIBA Grupo 3,SIBA,\VM-PF.IntUser\PDD 31-12-2024.IntPrj\Network Model.IntPrjfolder\Network Data.IntPrjfolder\CENTRAL 138 kV.ElmNet\SIBA.ElmSite\Terminal SIBA Grupo 3.ElmTerm,SIBA 16.7 MVA,2,1.000000013351432e-10,4.843220963168804e-11,1.0,constv,16.700000762939453,0.0,1.0,-1.0,16.700000762939453,13.800000190734863,0.9100000262260437,1.850000023841858,0.949999988079071,0.09,0.0034693877678364515,0.25099998712539673,0.18000000715255737,0.2240000069141388,7.127291202545166,0.07808888703584671,0.19933034479618073,4.400000095367432,0
SIBA Grupo 4,1,SANTO DOMINGO,CENTRAL,CENTRAL 138 kV,\VM-PF.IntUser\PDD 31-12-2024.IntPrj\Network Model.IntPrjfolder\Network Data.IntPrjfolder\CENTRAL 138 kV.ElmNet\SIBA.ElmSite\SIBA Grupo 4.ElmSym,Terminal SIBA Grupo 4,SIBA,\VM-PF.IntUser\PDD 31-12-2024.IntPrj\Network Model.IntPrjfolder\Network Data.IntPrjfolder\CENTRAL 138 kV.ElmNet\SIBA.ElmSite\Terminal SIBA Grupo 4.ElmTerm,SIBA 16.7 MVA,2,1.000000013351432e-10,4.843220963168804e-11,1.0,constv,16.700000762939453,0.0,1.0,-1.0,16.700000762939453,13.800000190734863,0.9100000262260437,1.850000023841858,0.949999988079071,0.09,0.0034693877678364515,0.25099998712539673,0.18000000715255737,0.2240000069141388,7.127291202545166,0.07808888703584671,0.19933034479618073,4.400000095367432,0
SIBA Grupo 6,1,SANTO DOMINGO,CENTRAL,CENTRAL 138 kV,\VM-PF.IntUser\PDD 31-12-2024.IntPrj\Network Model.IntPrjfolder\Network Data.IntPrjfolder\CENTRAL 138 kV.ElmNet\SIBA.ElmSite\SIBA Grupo 6.ElmSym,Terminal SIBA Grupo 6,SIBA,\VM-PF.IntUser\PDD 31-12-2024.IntPrj\Network Model.IntPrjfolder\Network Data.IntPrjfolder\CENTRAL 138 kV.ElmNet\SIBA.ElmSite\Terminal SIBA Grupo 6.ElmTerm,SIBA 31.25 MVA,2,1.000000013351432e-10,4.843220963168804e-11,1.0,constv,25.0,0.0,1.0,-1.0,31.25,13.800000190734863,0.800000011920929,1.440999984741211,0.7070000171661377,0.1,0.0020000000949949026,0.22699999809265137,0.14000000059604645,0.20999999344348907,4.61500883102417,0.030807144939899445,0.031646668910980225,2.700000047683716,0
SIBA Grupo 5,1,SANTO DOMINGO,CENTRAL,CENTRAL 138 kV,\VM-PF.IntUser\PDD 31-12-2024.IntPrj\Network Model.IntPrjfolder\Network Data.IntPrjfolder\CENTRAL 138 kV.ElmNet\SIBA.ElmSite\SIBA Grupo 5.ElmSym,Terminal SIBA Grupo 5,SIBA,\VM-PF.IntUser\PDD 31-12-2024.IntPrj\Network Model.IntPrjfolder\Network Data.IntPrjfolder\CENTRAL 138 kV.ElmNet\SIBA.ElmSite\Terminal SIBA Grupo 5.ElmTerm,SIBA 16.7 MVA,2,1.000000013351432e-10,4.843220963168804e-11,1.0,constv,16.700000762939453,0.0,1.0,-1.0,16.700000762939453,13.800000190734863,0.9100000262260437,1.850000023841858,0.949999988079071,0.09,0.0034693877678364515,0.25099998712539673,0.18000000715255737,0.2240000069141388,7.127291202545166,0.07808888703584671,0.19933034479618073,4.400000095367432,0
Pinalito 2,1,CIBAO SUR,NORTE,NORTE 69 kV,\VM-PF.IntUser\PDD 31-12-2024.IntPrj\Network Model.IntPrjfolder\Network Data.IntPrjfolder\NORTE 69 kV.ElmNet\Pinalito.ElmSite\Pinalito 2.ElmSym,Terminal Pinalito 2,Pinalito,\VM-PF.IntUser\PDD 31-12-2024.IntPrj\Network Model.IntPrjfolder\Network Data.IntPrjfolder\NORTE 69 kV.ElmNet\Pinalito.ElmSite\Terminal Pinalito 2.ElmTerm,Pinalito,1,1.000000013351432e-10,6.00007751816456e-11,1.0490000247955322,constv,26.668760299682617,0.0,1.0,-1.0,30.1200008392334,13.800000190734863,0.8500000238418579,1.5,1.0,0.0,0.003000000026077032,0.30000001192092896,0.1899999976158142,0.20000000298023224,5.0,0.05999999865889549,0.25,1.2000000476837158,0
Pinalito 1,0,CIBAO SUR,NORTE,NORTE 69 kV,\VM-PF.IntUser\PDD 31-12-2024.IntPrj\Network Model.IntPrjfolder\Network Data.IntPrjfolder\NORTE 69 kV.ElmNet\Pinalito.ElmSite\Pinalito 1.ElmSym,Terminal Pinalito 1,Pinalito,\VM-PF.IntUser\PDD 31-12-2024.IntPrj\Network Model.IntPrjfolder\Network Data.IntPrjfolder\NORTE 69 kV.ElmNet\Pinalito.ElmSite\Terminal Pinalito 1.ElmTerm,Pinalito,1,24.399999618530273,14.478107452392578,1.0,constv,26.668760299682617,0.0,1.0,-1.0,30.1200008392334,13.800000190734863,0.8500000238418579,1.5,1.0,0.0,0.003000000026077032,0.30000001192092896,0.1899999976158142,0.20000000298023224,5.0,0.05999999865889549,0.25,1.2000000476837158,0
Río Blanco 2,0,CIBAO SUR,NORTE,NORTE 69 kV,\VM-PF.IntUser\PDD 31-12-2024.IntPrj\Network Model.IntPrjfolder\Network Data.IntPrjfolder\NORTE 69 kV.ElmNet\Río Blanco.ElmSite\Río Blanco 2.ElmSym,Terminal Río Blanco Secc. C,Río Blanco,\VM-PF.IntUser\PDD 31-12-2024.IntPrj\Network Model.IntPrjfolder\Network Data.IntPrjfolder\NORTE 69 kV.ElmNet\Río Blanco.ElmSite\Terminal Río Blanco Secc. C.ElmTerm,Río Blanco,1,12.130000114440918,7.278094291687012,1.0,constv,13.28125,0.0,1.0,-1.0,15.0,13.800000190734863,0.8500000238418579,1.2000000476837158,0.7400000095367432,0.0,0.004000000189989805,0.27000001072883606,0.1850000023841858,0.19499999284744263,5.333333969116211,0.07297297567129135,0.030358977615833282,2.220661163330078,0
Río Blanco 1,0,CIBAO SUR,NORTE,NORTE 69 kV,\VM-PF.IntUser\PDD 31-12-2024.IntPrj\Network Model.IntPrjfolder\Network Data.IntPrjfolder\NORTE 69 kV.ElmNet\Río Blanco.ElmSite\Río Blanco 1.ElmSym,Terminal Río Blanco Secc. A,Río Blanco,\VM-PF.IntUser\PDD 31-12-2024.IntPrj\Network Model.IntPrjfolder\Network Data.IntPrjfolder\NORTE 69 kV.ElmNet\Río Blanco.ElmSite\Terminal Río Blanco Secc. A.ElmTerm,Río Blanco,1,12.130000114440918,0.0,1.0,constq,13.28125,0.0,1.0,-1.0,15.0,13.800000190734863,0.8500000238418579,1.2000000476837158,0.7400000095367432,0.0,0.004000000189989805,0.27000001072883606,0.1850000023841858,0.19499999284744263,5.333333969116211,0.07297297567129135,0.030358977615833282,2.220661163330078,0
Rincón,0,CIBAO SUR,NORTE,NORTE 69 kV,\VM-PF.IntUser\PDD 31-12-2024.IntPrj\Network Model.IntPrjfolder\Network Data.IntPrjfolder\NORTE 69 kV.ElmNet\Rincón.ElmSite\Rincón.ElmSym,Terminal Rincón,Rincón,\VM-PF.IntUser\PDD 31-12-2024.IntPrj\Network Model.IntPrjfolder\Network Data.IntPrjfolder\NORTE 69 kV.ElmNet\Rincón.ElmSite\Terminal Rincón.ElmTerm,Rincón,1,8.920000076293945,5.3520684242248535,1.0,constv,10.104000091552734,0.0,1.0,-1.0,12.625,12.5,0.800000011920929,0.9300000071525574,1.0,0.0,0.004000000189989805,0.30000001192092896,0.25,0.335999995470047,0.4650000035762787,0.03840000182390213,0.0238095261156559,3.3224411010742188,0
Rosa Julia De La Cruz,1,CIBAO NORESTE,NORTE,NORTE 69 kV,\VM-PF.IntUser\PDD 31-12-2024.IntPrj\Network Model.IntPrjfolder\Network Data.IntPrjfolder\NORTE 69 kV.ElmNet\Nagua/Rosa Julia de la Cruz.ElmSite\Rosa Julia De La Cruz.ElmSym,Terminal Rosa Julia De La Cruz,Nagua/Rosa Julia de la Cruz,\VM-PF.IntUser\PDD 31-12-2024.IntPrj\Network Model.IntPrjfolder\Network Data.IntPrjfolder\NORTE 69 kV.ElmNet\Nagua/Rosa Julia de la Cruz.ElmSite\Terminal Rosa Julia De La Cruz.ElmTerm,Rosa Julia De La Cruz,1,1.000000013351432e-10,3.2868412852549156e-11,1.0,constq,0.8999999761581421,0.0,1.0,-1.0,1.0,4.159999847412109,0.8999999761581421,1.5,1.0,0.1,0.019999999552965164,0.30000001192092896,0.20000000298023224,0.20000000298023224,5.0,0.07500000298023224,0.04000000283122063,1.2000000476837158,0
El Salto,1,CIBAO SUR,NORTE,NORTE 69 kV,\VM-PF.IntUser\PDD 31-12-2024.IntPrj\Network Model.IntPrjfolder\Network Data.IntPrjfolder\NORTE 69 kV.ElmNet\Constanza/El Salto.ElmSite\El Salto.ElmSym,Terminal El Salto,Constanza/El Salto,\VM-PF.IntUser\PDD 31-12-2024.IntPrj\Network Model.IntPrjfolder\Network Data.IntPrjfolder\NORTE 69 kV.ElmNet\Constanza/El Salto.ElmSite\Terminal El Salto.ElmTerm,El Salto,1,1.000000013351432e-10,4.843220963168804e-11,1.0,constq,0.7200000286102295,0.0,1.0,-1.0,0.800000011920929,12.5,0.8999999761581421,1.5,1.0,0.0,0.019999999552965164,0.30000001192092896,0.20000000298023224,0.20000000298023224,5.0,0.07500000298023224,0.037688449025154114,1.7999999523162842,0
La Vega Grupo 1,1,CIBAO SUR,NORTE,NORTE 69 kV,\VM-PF.IntUser\PDD 31-12-2024.IntPrj\Network Model.IntPrjfolder\Network Data.IntPrjfolder\NORTE 69 kV.ElmNet\Diésel La Vega.ElmSite\La Vega Grupo 1.ElmSym,R2,ZLVEGK,\VM-PF.IntUser\PDD 31-12-2024.IntPrj\Network Model.IntPrjfolder\Network Data.IntPrjfolder\NORTE 69 kV.ElmNet\Diésel La Vega.ElmSite\ZLVEGK.ElmSubstat\R2.ElmTerm,La Vega Grupo 1,3,1.000000013351432e-10,0.0,1.0,constq,18.42799949645996,0.0,1.0,-1.0,23.03499984741211,13.800000190734863,0.800000011920929,1.6299999952316284,0.8799999952316284,0.15,0.003000000026077032,0.3799999952316284,0.25999999046325684,0.30000001192092896,5.619210243225098,0.03800000995397568,0.14899998903274536,1.4341734647750854,0
La Vega Grupo 2,1,CIBAO SUR,NORTE,NORTE 69 kV,\VM-PF.IntUser\PDD 31-12-2024.IntPrj\Network Model.IntPrjfolder\Network Data.IntPrjfolder\NORTE 69 kV.ElmNet\Diésel La Vega.ElmSite\La Vega Grupo 2.ElmSym,L2,ZLVEGK,\VM-PF.IntUser\PDD 31-12-2024.IntPrj\Network Model.IntPrjfolder\Network Data.IntPrjfolder\NORTE 69 kV.ElmNet\Diésel La Vega.ElmSite\ZLVEGK.ElmSubstat\L2.ElmTerm,La Vega Grupo 2,2,1.000000013351432e-10,0.0,1.0,constv,18.42799949645996,0.0,1.0,-1.0,23.03499984741211,13.800000190734863,0.800000011920929,1.6299999952316284,0.8799999952316284,0.15,0.003000000026077032,0.3799999952316284,0.25999999046325684,0.30000001192092896,5.299999237060547,0.03800000250339508,0.15000000596046448,1.4341734647750854,0
Aniana Vargas 1,1,CIBAO SUR,NORTE,NORTE 69 kV,\VM-PF.IntUser\PDD 31-12-2024.IntPrj\Network Model.IntPrjfolder\Network Data.IntPrjfolder\NORTE 69 kV.ElmNet\Bonao PER/Anaiana Vargas.ElmSite\Aniana Vargas 1.ElmSym,Terminal Aniana Vargas,Bonao PER/Anaiana Vargas,\VM-PF.IntUser\PDD 31-12-2024.IntPrj\Network Model.IntPrjfolder\Network Data.IntPrjfolder\NORTE 69 kV.ElmNet\Bonao PER/Anaiana Vargas.ElmSite\Terminal Aniana Vargas.ElmTerm,Aniana Vargas,1,1.000000013351432e-10,3.2868412852549156e-11,1.0,constq,0.299699991941452,0.0,1.0,-1.0,0.3330000042915344,12.5,0.8999999761581421,1.5,1.0,0.0,0.0020000000949949026,0.30000001192092896,0.20000000298023224,0.20000000298023224,5.0,0.07500000298023224,0.037688449025154114,1.600000023841858,0
Aniana Vargas 2,0,CIBAO SUR,NORTE,NORTE 69 kV,\VM-PF.IntUser\PDD 31-12-2024.IntPrj\Network Model.IntPrjfolder\Network Data.IntPrjfolder\NORTE 69 kV.ElmNet\Bonao PER/Anaiana Vargas.ElmSite\Aniana Vargas 2.ElmSym,Terminal Aniana Vargas,Bonao PER/Anaiana Vargas,\VM-PF.IntUser\PDD 31-12-2024.IntPrj\Network Model.IntPrjfolder\Network Data.IntPrjfolder\NORTE 69 kV.ElmNet\Bonao PER/Anaiana Vargas.ElmSite\Terminal Aniana Vargas.ElmTerm,Aniana Vargas,1,0.20000000298023224,0.0657368153333664,1.0,constq,0.299699991941452,0.0,1.0,-1.0,0.3330000042915344,12.5,0.8999999761581421,1.5,1.0,0.0,0.0020000000949949026,0.30000001192092896,0.20000000298023224,0.20000000298023224,5.0,0.07500000298023224,0.037688449025154114,1.600000023841858,0
Jimenoa,1,CIBAO SUR,NORTE,NORTE 69 kV,\VM-PF.IntUser\PDD 31-12-2024.IntPrj\Network Model.IntPrjfolder\Network Data.IntPrjfolder\NORTE 69 kV.ElmNet\Jimenoa.ElmSite\Jimenoa.ElmSym,Terminal Jimenoa,Jimenoa,\VM-PF.IntUser\PDD 31-12-2024.IntPrj\Network Model.IntPrjfolder\Network Data.IntPrjfolder\NORTE 69 kV.ElmNet\Jimenoa.ElmSite\Terminal Jimenoa.ElmTerm,Jimenoa,1,1.000000013351432e-10,0.0,1.0,constv,8.819999694824219,0.0,1.0,-1.0,10.5,12.5,0.8399999737739563,1.5,1.0,0.0,0.006000000052154064,0.2800000011920929,0.20000000298023224,0.20000000298023224,5.357142925262451,0.07000000029802322,0.04000000283122063,1.9999998807907104,0
Hatillo 1,0,CIBAO SUR,NORTE,NORTE 69 kV,\VM-PF.IntUser\PDD 31-12-2024.IntPrj\Network Model.IntPrjfolder\Network Data.IntPrjfolder\NORTE 69 kV.ElmNet\Hatillo.ElmSite\Hatillo 1.ElmSym,Terminal Hatillo 1,Hatillo,\VM-PF.IntUser\PDD 31-12-2024.IntPrj\Network Model.IntPrjfolder\Network Data.IntPrjfolder\NORTE 69 kV.ElmNet\Hatillo.ElmSite\Terminal Hatillo 1.ElmTerm,Hatillo 1,1,7.760000228881836,0.0,1.0,constq,8.100000381469727,0.0,1.0,-1.0,9.600000381469727,12.5,0.800000011920929,1.5,1.0,0.0,0.006000000052154064,0.28999999165534973,0.23999999463558197,0.2800000011920929,0.75,0.049541670829057693,0.03928571194410324,1.3700000047683716,0
Hatillo 2,1,CIBAO SUR,NORTE,NORTE 69 kV,\VM-PF.IntUser\PDD 31-12-2024.IntPrj\Network Model.IntPrjfolder\Network Data.IntPrjfolder\NORTE 69 kV.ElmNet\Hatillo.ElmSite\Hatillo 2.ElmSym,2,ZHAT2K,\VM-PF.IntUser\PDD 31-12-2024.IntPrj\Network Model.IntPrjfolder\Network Data.IntPrjfolder\NORTE 69 kV.ElmNet\Hatillo.ElmSite\ZHAT2K.ElmSubstat\2.ElmTerm,Hatillo 2,1,1.000000013351432e-10,6.00007751816456e-11,1.0,constq,10.399999618530273,0.0,1.0,-1.0,11.664999961853027,13.800000190734863,0.8999999761581421,1.0700000524520874,0.6269999742507935,0.0,0.006000000052154064,0.22300000488758087,0.18000000715255737,0.23199999332427979,3.742600917816162,0.037166666239500046,0.108103446662426,1.3706607818603516,0
Brazo Derecho,1,CIBAO NOROESTE,NORTE,NORTE 69 kV,\VM-PF.IntUser\PDD 31-12-2024.IntPrj\Network Model.IntPrjfolder\Network Data.IntPrjfolder\NORTE 69 kV.ElmNet\Brazo Derecho.ElmSite\Brazo Derecho.ElmSym,Terminal Brazo Derecho,Brazo Derecho,\VM-PF.IntUser\PDD 31-12-2024.IntPrj\Network Model.IntPrjfolder\Network Data.IntPrjfolder\NORTE 69 kV.ElmNet\Brazo Derecho.ElmSite\Terminal Brazo Derecho.ElmTerm,Brazo Derecho,1,1.000000013351432e-10,4.843220963168804e-11,1.0,constv,3.0,0.0,1.0,-1.0,2.9200000762939453,13.800000190734863,0.8999999761581421,1.3819999694824219,1.3459999561309814,0.1,0.019999999552965164,0.29600000381469727,0.19499999284744263,0.2199999988079071,1.353986382484436,0.015179486945271492,0.1223636344075203,1.2000000476837158,0
