loc_name,for_name,outserv,zona,area,red,ruta,barra_con,barra_con_for,barra_con_kV,barra_con_id,tipo_shunt,Q_nom_Mvar,U_nom_kV,num_pasos,paso_actual,C_uF,L_mH,sistema,nodo_ctrl_for,U_consigna_pu
69 kV Capacitor La Romana Pueblo,ZLRMAF-C1,0,ESTE PROFUNDO,ESTE,ESTE 69 kV,\VM-PF.IntUser\PDD 30-09-2025.IntPrj\Network Model.IntPrjfolder\Network Data.IntPrjfolder\ESTE 69 kV.ElmNet\69 kV Capacitor La Romana Pueblo.ElmShnt,Tap Capacitor 69 kV La Romana Pueblo,WXCLRF,69.0,\VM-PF.IntUser\PDD 30-09-2025.IntPrj\Network Model.IntPrjfolder\Network Data.IntPrjfolder\ESTE 69 kV.ElmNet\Tap Capacitor 69 kV La Romana Pueblo.ElmTerm,2,15.600000381469727,69.0,1,1,8.691511154174805,4.774649143218994,0,,
69 kV Capacitor Higüey,ZHIGUF-C1,0,ESTE PROFUNDO,ESTE,ESTE 69 kV,\VM-PF.IntUser\PDD 30-09-2025.IntPrj\Network Model.IntPrjfolder\Network Data.IntPrjfolder\ESTE 69 kV.ElmNet\69 kV Capacitor Higüey.ElmShnt,1(3),,69.0,\VM-PF.IntUser\PDD 30-09-2025.IntPrj\Network Model.IntPrjfolder\Network Data.IntPrjfolder\ESTE 69 kV.ElmNet\ZHIGUF.ElmSubstat\1(3).ElmTerm,2,17.0,69.0,1,1,9.471518516540527,8.324999809265137,0,,
69 kV Capacitor Madre Vieja(San Rafael),ZSRAFF-C1,0,SUR CERCANO,SUR,CENTRAL 69 kV,\VM-PF.IntUser\PDD 30-09-2025.IntPrj\Network Model.IntPrjfolder\Network Data.IntPrjfolder\CENTRAL 69 kV.ElmNet\69 kV Capacitor Madre Vieja(San Rafael).ElmShnt,69 kV San Rafael(1),WSRAFF,69.0,\VM-PF.IntUser\PDD 30-09-2025.IntPrj\Network Model.IntPrjfolder\Network Data.IntPrjfolder\SUR 69 kV.ElmNet\69 kV San Rafael(1).ElmTerm,2,20.0,69.0,1,1,11.142962455749512,4.774649143218994,0,,
34.5 kV Capacitor 1 PVDC,ZPVD1K-C1,0,CIBAO SUR,NORTE,Expansión 345 kV,\VM-PF.IntUser\PDD 30-09-2025.IntPrj\Network Model.IntPrjfolder\Network Data.IntPrjfolder\Expansión 345 kV.ElmNet\PVDC.ElmSite\34.5 kV Capacitor 1 PVDC.ElmShnt,Terminal PVDC 1,WPVD1K,34.5,\VM-PF.IntUser\PDD 30-09-2025.IntPrj\Network Model.IntPrjfolder\Network Data.IntPrjfolder\Expansión 345 kV.ElmNet\PVDC.ElmSite\Terminal PVDC 1.ElmTerm,2,10.0,34.5,3,1,22.285924911499023,4.774649143218994,0,,
34.5 kV Capacitor 2 PVDC,ZPVD2K-C1,0,CIBAO SUR,NORTE,Expansión 345 kV,\VM-PF.IntUser\PDD 30-09-2025.IntPrj\Network Model.IntPrjfolder\Network Data.IntPrjfolder\Expansión 345 kV.ElmNet\PVDC.ElmSite\34.5 kV Capacitor 2 PVDC.ElmShnt,Terminal PVDC 2,WPVD2K,34.5,\VM-PF.IntUser\PDD 30-09-2025.IntPrj\Network Model.IntPrjfolder\Network Data.IntPrjfolder\Expansión 345 kV.ElmNet\PVDC.ElmSite\Terminal PVDC 2.ElmTerm,2,10.0,34.5,3,1,22.285924911499023,4.774649143218994,0,,
69 kV Capacitor SPM,ZSPMAF-C1,0,ESTE CERCANO,ESTE,ESTE 138 kV,\VM-PF.IntUser\PDD 30-09-2025.IntPrj\Network Model.IntPrjfolder\Network Data.IntPrjfolder\ESTE 138 kV.ElmNet\San Pedro.ElmSite\69 kV Capacitor SPM.ElmShnt,3,,69.0,\VM-PF.IntUser\PDD 30-09-2025.IntPrj\Network Model.IntPrjfolder\Network Data.IntPrjfolder\ESTE 138 kV.ElmNet\San Pedro.ElmSite\ZSPMAF.ElmSubstat\3.ElmTerm,2,20.0,69.0,1,1,11.142963409423828,4.774649143218994,0,,
69 kV Capacitor 2 ZF Santiago,ZZSANF-C2,0,CIBAO NORTE,NORTE,NORTE 138 kV,\VM-PF.IntUser\PDD 30-09-2025.IntPrj\Network Model.IntPrjfolder\Network Data.IntPrjfolder\NORTE 138 kV.ElmNet\ZF Santiago.ElmSite\69 kV Capacitor 2 ZF Santiago.ElmShnt,4,,69.0,\VM-PF.IntUser\PDD 30-09-2025.IntPrj\Network Model.IntPrjfolder\Network Data.IntPrjfolder\NORTE 138 kV.ElmNet\ZF Santiago.ElmSite\ZZSANF.ElmSubstat\4.ElmTerm,2,20.0,69.0,1,1,11.142959594726562,4.774649143218994,0,,
69 kV Capacitor 1 ZF Santiago,ZZSANF-C1,0,CIBAO NORTE,NORTE,NORTE 138 kV,\VM-PF.IntUser\PDD 30-09-2025.IntPrj\Network Model.IntPrjfolder\Network Data.IntPrjfolder\NORTE 138 kV.ElmNet\ZF Santiago.ElmSite\69 kV Capacitor 1 ZF Santiago.ElmShnt,5,,69.0,\VM-PF.IntUser\PDD 30-09-2025.IntPrj\Network Model.IntPrjfolder\Network Data.IntPrjfolder\NORTE 138 kV.ElmNet\ZF Santiago.ElmSite\ZZSANF.ElmSubstat\5.ElmTerm,2,9.600000381469727,69.0,1,1,5.348621845245361,4.774649143218994,0,,
69 kV Capacitor 2 Canabacoa,ZCANBF-C2,0,CIBAO NORTE,NORTE,NORTE 138 kV,\VM-PF.IntUser\PDD 30-09-2025.IntPrj\Network Model.IntPrjfolder\Network Data.IntPrjfolder\NORTE 138 kV.ElmNet\Canabacoa.ElmSite\69 kV Capacitor 2 Canabacoa.ElmShnt,L1,,69.0,\VM-PF.IntUser\PDD 30-09-2025.IntPrj\Network Model.IntPrjfolder\Network Data.IntPrjfolder\NORTE 138 kV.ElmNet\Canabacoa.ElmSite\ZCANAF.ElmSubstat\L1.ElmTerm,2,20.0,69.0,1,1,11.142959594726562,4.774649143218994,0,,
69 kV Capacitor 1 Canabacoa,ZCANBF-C1,0,CIBAO NORTE,NORTE,NORTE 138 kV,\VM-PF.IntUser\PDD 30-09-2025.IntPrj\Network Model.IntPrjfolder\Network Data.IntPrjfolder\NORTE 138 kV.ElmNet\Canabacoa.ElmSite\69 kV Capacitor 1 Canabacoa.ElmShnt,R1,,69.0,\VM-PF.IntUser\PDD 30-09-2025.IntPrj\Network Model.IntPrjfolder\Network Data.IntPrjfolder\NORTE 138 kV.ElmNet\Canabacoa.ElmSite\ZCANAF.ElmSubstat\R1.ElmTerm,2,15.600000381469727,69.0,1,1,8.691511154174805,4.774649143218994,0,,
69 kV Capacitor Puerto Plata 2,ZPPL2F-C1,0,CIBAO NORTE,NORTE,NORTE 138 kV,\VM-PF.IntUser\PDD 30-09-2025.IntPrj\Network Model.IntPrjfolder\Network Data.IntPrjfolder\NORTE 138 kV.ElmNet\Puerto Plata 2.ElmSite\69 kV Capacitor Puerto Plata 2.ElmShnt,4,,69.0,\VM-PF.IntUser\PDD 30-09-2025.IntPrj\Network Model.IntPrjfolder\Network Data.IntPrjfolder\NORTE 138 kV.ElmNet\Puerto Plata 2.ElmSite\ZPPL2F.ElmSubstat\4.ElmTerm,2,40.0,69.0,1,1,22.285926818847656,4.774649143218994,0,,
34.5 kV Capacitor 1 FALCONDO,ZFALCK-C1,1,CIBAO SUR,NORTE,NORTE 138 kV,\VM-PF.IntUser\PDD 30-09-2025.IntPrj\Network Model.IntPrjfolder\Network Data.IntPrjfolder\NORTE 138 kV.ElmNet\Falcondo.ElmSite\34.5 kV Capacitor 1 FALCONDO.ElmShnt,R3,,34.5,\VM-PF.IntUser\PDD 30-09-2025.IntPrj\Network Model.IntPrjfolder\Network Data.IntPrjfolder\NORTE 138 kV.ElmNet\Falcondo.ElmSite\ZFALCK_B.ElmSubstat\R3.ElmTerm,4,24.95107650756836,34.5,1,1,48.78213882446289,17.700000762939453,0,,
34.5 kV Capacitor 2 FALCONDO,ZFALCK-C2,1,CIBAO SUR,NORTE,NORTE 138 kV,\VM-PF.IntUser\PDD 30-09-2025.IntPrj\Network Model.IntPrjfolder\Network Data.IntPrjfolder\NORTE 138 kV.ElmNet\Falcondo.ElmSite\34.5 kV Capacitor 2 FALCONDO.ElmShnt,R2,,34.5,\VM-PF.IntUser\PDD 30-09-2025.IntPrj\Network Model.IntPrjfolder\Network Data.IntPrjfolder\NORTE 138 kV.ElmNet\Falcondo.ElmSite\ZFALCK_B.ElmSubstat\R2.ElmTerm,4,14.984426498413086,34.5,1,1,32.011627197265625,9.100000381469727,0,,
34.5 kV Capacitor Agua Clara,ZACLAK-C1,1,CIBAO NOROESTE,NORTE,NORTE 138 kV,\VM-PF.IntUser\PDD 30-09-2025.IntPrj\Network Model.IntPrjfolder\Network Data.IntPrjfolder\NORTE 138 kV.ElmNet\Agua Clara.ElmSite\34.5 kV Capacitor Agua Clara.ElmShnt,Terminal Agua Clara,WACLAK,34.5,\VM-PF.IntUser\PDD 30-09-2025.IntPrj\Network Model.IntPrjfolder\Network Data.IntPrjfolder\NORTE 138 kV.ElmNet\Agua Clara.ElmSite\Terminal Agua Clara.ElmTerm,2,1.0,34.5,6,1,2.22859263420105,4.774649143218994,0,,
34.5 kV Capacitor Guanillo,WGNLLK-SF,0,CIBAO NOROESTE,NORTE,NORTE 138 kV,\VM-PF.IntUser\PDD 30-09-2025.IntPrj\Network Model.IntPrjfolder\Network Data.IntPrjfolder\NORTE 138 kV.ElmNet\Guanillo.ElmSite\34.5 kV Capacitor Guanillo.ElmShnt,Terminal Guanillo,WGNLLK,34.5,\VM-PF.IntUser\PDD 30-09-2025.IntPrj\Network Model.IntPrjfolder\Network Data.IntPrjfolder\NORTE 138 kV.ElmNet\Guanillo.ElmSite\Terminal Guanillo.ElmTerm,2,0.9599999189376831,34.5,8,8,2.139448881149292,131.551513671875,0,,
69 kV Capacitor Cruce de Ocoa,ZCOCOF-C1,0,SUR CERCANO,SUR,SUR 69 kV,\VM-PF.IntUser\PDD 30-09-2025.IntPrj\Network Model.IntPrjfolder\Network Data.IntPrjfolder\SUR 69 kV.ElmNet\69 kV Capacitor Cruce de Ocoa.ElmShnt,2,,69.0,\VM-PF.IntUser\PDD 30-09-2025.IntPrj\Network Model.IntPrjfolder\Network Data.IntPrjfolder\SUR 69 kV.ElmNet\ZCOCOF.ElmSubstat\2.ElmTerm,2,20.0,69.0,1,1,11.142962455749512,4.774649143218994,0,,
69 kV Duvergé C1,WDUVEF-C1,0,SUR PROFUNDO,SUR,SUR 69 kV,\VM-PF.IntUser\PDD 30-09-2025.IntPrj\Network Model.IntPrjfolder\Network Data.IntPrjfolder\SUR 69 kV.ElmNet\69 kV Duvergé C1.ElmShnt,4,,69.0,\VM-PF.IntUser\PDD 30-09-2025.IntPrj\Network Model.IntPrjfolder\Network Data.IntPrjfolder\SUR 69 kV.ElmNet\ZDUVEF.ElmSubstat\4.ElmTerm,2,11.399999618530273,69.0,1,1,6.3514885902404785,526.2059936523438,0,,
69 kV Capacitor Haina,ZHAIBF-C1,0,SUR CERCANO,SUR,SUR 138 kV,\VM-PF.IntUser\PDD 30-09-2025.IntPrj\Network Model.IntPrjfolder\Network Data.IntPrjfolder\SUR 138 kV.ElmNet\Haina.ElmSite\69 kV Capacitor Haina.ElmShnt,L4,,69.0,\VM-PF.IntUser\PDD 30-09-2025.IntPrj\Network Model.IntPrjfolder\Network Data.IntPrjfolder\SUR 138 kV.ElmNet\Haina.ElmSite\ZHAINF.ElmSubstat\L4.ElmTerm,2,40.0,69.0,1,1,22.285924911499023,4.774649143218994,0,,
34.5 kV Capacitor 1 Matafongo,ZMTFNK-C1,1,SUR CERCANO,SUR,SUR 138 kV,\VM-PF.IntUser\PDD 30-09-2025.IntPrj\Network Model.IntPrjfolder\Network Data.IntPrjfolder\SUR 138 kV.ElmNet\Matafongo.ElmSite\34.5 kV Capacitor 1 Matafongo.ElmShnt,Terminal Matafongo,WMTFNK,34.5,\VM-PF.IntUser\PDD 30-09-2025.IntPrj\Network Model.IntPrjfolder\Network Data.IntPrjfolder\SUR 138 kV.ElmNet\Matafongo.ElmSite\Terminal Matafongo.ElmTerm,2,5.0,34.5,1,1,11.142962455749512,4.774649143218994,0,,
34.5 kV Capacitor 2 Matafongo,ZMTFNK-C2,1,SUR CERCANO,SUR,SUR 138 kV,\VM-PF.IntUser\PDD 30-09-2025.IntPrj\Network Model.IntPrjfolder\Network Data.IntPrjfolder\SUR 138 kV.ElmNet\Matafongo.ElmSite\34.5 kV Capacitor 2 Matafongo.ElmShnt,Terminal Matafongo,WMTFNK,34.5,\VM-PF.IntUser\PDD 30-09-2025.IntPrj\Network Model.IntPrjfolder\Network Data.IntPrjfolder\SUR 138 kV.ElmNet\Matafongo.ElmSite\Terminal Matafongo.ElmTerm,2,10.0,34.5,1,1,22.285924911499023,4.774649143218994,0,,
34.5 kV Capacitor Girasol,ZGIRAK-C1,0,SUR CERCANO,SUR,SUR 138 kV,\VM-PF.IntUser\PDD 30-09-2025.IntPrj\Network Model.IntPrjfolder\Network Data.IntPrjfolder\SUR 138 kV.ElmNet\Girasol.ElmSite\34.5 kV Capacitor Girasol.ElmShnt,R3,,34.5,\VM-PF.IntUser\PDD 30-09-2025.IntPrj\Network Model.IntPrjfolder\Network Data.IntPrjfolder\SUR 138 kV.ElmNet\Girasol.ElmSite\ZGIRAK.ElmSubstat\R3.ElmTerm,2,10.0,34.5,3,1,22.285924911499023,4.774649143218994,0,,
69 kV Capacitor Arroyo Hondo,ZAHONF-C1,0,DISTRITO NACIONAL,CENTRAL,CENTRAL 138 kV,\VM-PF.IntUser\PDD 30-09-2025.IntPrj\Network Model.IntPrjfolder\Network Data.IntPrjfolder\CENTRAL 138 kV.ElmNet\Arroyo Hondo.ElmSite\69 kV Capacitor Arroyo Hondo.ElmShnt,1,,69.0,\VM-PF.IntUser\PDD 30-09-2025.IntPrj\Network Model.IntPrjfolder\Network Data.IntPrjfolder\CENTRAL 138 kV.ElmNet\Arroyo Hondo.ElmSite\ZAHONF.ElmSubstat\1.ElmTerm,2,20.0,69.0,1,1,11.142962455749512,4.774649143218994,0,,
69 kV Capacitor Herrera Nueva,ZHNVAF-C1,0,SANTO DOMINGO,CENTRAL,CENTRAL 138 kV,\VM-PF.IntUser\PDD 30-09-2025.IntPrj\Network Model.IntPrjfolder\Network Data.IntPrjfolder\CENTRAL 138 kV.ElmNet\Herrera.ElmSite\69 kV Capacitor Herrera Nueva.ElmShnt,R1,,69.0,\VM-PF.IntUser\PDD 30-09-2025.IntPrj\Network Model.IntPrjfolder\Network Data.IntPrjfolder\CENTRAL 138 kV.ElmNet\Herrera.ElmSite\ZHNVAF.ElmSubstat\R1.ElmTerm,2,20.0,69.0,1,1,11.142963409423828,4.774649143218994,0,,
69 kV Capacitor Hainamosa,ZHNS1F-C1,0,SANTO DOMINGO,CENTRAL,CENTRAL 138 kV,\VM-PF.IntUser\PDD 30-09-2025.IntPrj\Network Model.IntPrjfolder\Network Data.IntPrjfolder\CENTRAL 138 kV.ElmNet\Hainamosa.ElmSite\69 kV Capacitor Hainamosa.ElmShnt,F5,,69.0,\VM-PF.IntUser\PDD 30-09-2025.IntPrj\Network Model.IntPrjfolder\Network Data.IntPrjfolder\CENTRAL 138 kV.ElmNet\Hainamosa.ElmSite\ZHNSAE.ElmSubstat\F5.ElmTerm,2,40.0,69.0,1,1,22.285924911499023,4.774649143218994,0,,
69 kV Capacitor Pimentel,ZPIMEF-C1,0,CIBAO NORESTE,NORTE,NORTE 69 kV,\VM-PF.IntUser\PDD 30-09-2025.IntPrj\Network Model.IntPrjfolder\Network Data.IntPrjfolder\NORTE 69 kV.ElmNet\69 kV Capacitor Pimentel.ElmShnt,5,,69.0,\VM-PF.IntUser\PDD 30-09-2025.IntPrj\Network Model.IntPrjfolder\Network Data.IntPrjfolder\NORTE 69 kV.ElmNet\ZPIMEF.ElmSubstat\5.ElmTerm,2,9.739999771118164,69.0,1,1,5.4266228675842285,4.774649143218994,0,,
69 kV Capacitor Abanico Per,ZABANF-C1,0,CIBAO NORESTE,NORTE,NORTE 69 kV,\VM-PF.IntUser\PDD 30-09-2025.IntPrj\Network Model.IntPrjfolder\Network Data.IntPrjfolder\NORTE 69 kV.ElmNet\69 kV Capacitor Abanico Per.ElmShnt,69 kV Abanico PER,WAPERF,69.0,\VM-PF.IntUser\PDD 30-09-2025.IntPrj\Network Model.IntPrjfolder\Network Data.IntPrjfolder\NORTE 69 kV.ElmNet\69 kV Abanico PER.ElmTerm,2,10.0,69.0,1,1,5.571481227874756,4.774649143218994,0,,
69 kV Capacitor Payita,ZPAYIF-C1,0,CIBAO NORESTE,NORTE,NORTE 69 kV,\VM-PF.IntUser\PDD 30-09-2025.IntPrj\Network Model.IntPrjfolder\Network Data.IntPrjfolder\NORTE 69 kV.ElmNet\69 kV Capacitor Payita.ElmShnt,WPAYIF(3),,69.0,\VM-PF.IntUser\PDD 30-09-2025.IntPrj\Network Model.IntPrjfolder\Network Data.IntPrjfolder\NORTE 69 kV.ElmNet\ZPAYIF.ElmSubstat\WPAYIF(3).ElmTerm,2,10.0,69.0,1,1,5.571481227874756,4.774649143218994,0,,
69 kV Capacitor Constanza,ZCONSF-C1,0,CIBAO SUR,NORTE,NORTE 69 kV,\VM-PF.IntUser\PDD 30-09-2025.IntPrj\Network Model.IntPrjfolder\Network Data.IntPrjfolder\NORTE 69 kV.ElmNet\69 kV Capacitor Constanza.ElmShnt,Tap 69 kV BC Constanza,WXCONF,69.0,\VM-PF.IntUser\PDD 30-09-2025.IntPrj\Network Model.IntPrjfolder\Network Data.IntPrjfolder\NORTE 69 kV.ElmNet\Tap 69 kV BC Constanza.ElmTerm,2,11.420000076293945,69.0,1,1,6.362631797790527,4.774649143218994,0,,
69 kV Sosúa 2 C1,WSOSDF-C1,0,CIBAO NORTE,NORTE,NORTE 69 kV,\VM-PF.IntUser\PDD 30-09-2025.IntPrj\Network Model.IntPrjfolder\Network Data.IntPrjfolder\NORTE 69 kV.ElmNet\69 kV Sosúa 2 C1.ElmShnt,1,,69.0,\VM-PF.IntUser\PDD 30-09-2025.IntPrj\Network Model.IntPrjfolder\Network Data.IntPrjfolder\NORTE 69 kV.ElmNet\ZSOSU2.ElmSubstat\1.ElmTerm,2,20.0,69.0,1,1,11.142962455749512,0.39788734912872314,0,,
69 kV La Vega PER C1,WLVPEF-C1,0,CIBAO SUR,NORTE,NORTE 69 kV,\VM-PF.IntUser\PDD 30-09-2025.IntPrj\Network Model.IntPrjfolder\Network Data.IntPrjfolder\NORTE 69 kV.ElmNet\69 kV La Vega PER C1.ElmShnt,69 kV Tap La Vega PER C1_a,WXVP2F,69.0,\VM-PF.IntUser\PDD 30-09-2025.IntPrj\Network Model.IntPrjfolder\Network Data.IntPrjfolder\NORTE 69 kV.ElmNet\69 kV Tap La Vega PER C1_a.ElmTerm,2,20.0,69.0,1,1,11.142962455749512,3.9788734912872314,0,,
