loc_name,for_name,ruta,S_nom_MVA,U_AT_kV,U_BT_kV,uk_pct,ukr_pct,Pcu_kW,Pfe_kW,i0_pct,grupo,con_AT,con_BT,tap_lado,tap_dU_pct,tap_fase_deg,tap_neutro,tap_min,tap_max,f_Hz
69/20 kV Trafo Monte Plata Solar 60 MVA,,\VM-PF.IntUser\PDD 30-09-2025.IntPrj\Library.IntPrjfolder\Equipment Type Library.IntPrjfolder\Types Transformers\69/20 kV Trafo Monte Plata Solar 60 MVA.TypTr2,60.0,69.0,20.0,12.0,0.19166666269302368,115.0,0.0,0.0,YNyn0,YN,YN,0,2.0,0.0,0,-8,10,60.0
69/13.8 kV Trafo Palamara G1 55 MVA,,\VM-PF.IntUser\PDD 30-09-2025.IntPrj\Library.IntPrjfolder\Equipment Type Library.IntPrjfolder\Types Transformers\69/13.8 kV Trafo Palamara G1 55 MVA.TypTr2,55.0,69.0,13.800000190734863,10.15999984741211,0.49090906977653503,270.0,0.0,0.0,YNd11,YN,D,0,2.5,0.0,0,-2,2,60.0
69/12.47 kV Trafo INCA 28 MVA,,\VM-PF.IntUser\PDD 30-09-2025.IntPrj\Library.IntPrjfolder\Equipment Type Library.IntPrjfolder\Types Transformers\69/12.47 kV Trafo INCA 28 MVA.TypTr2,28.0,69.0,12.470000267028809,8.0,0.5,140.0,0.0,0.0,Dyn1,D,YN,0,2.5,0.0,0,-2,2,60.0
66/13.8 kV Trafo EDM3 66 MVA,,\VM-PF.IntUser\PDD 30-09-2025.IntPrj\Library.IntPrjfolder\Equipment Type Library.IntPrjfolder\Types Transformers\66/13.8 kV Trafo EDM3 66 MVA.TypTr2,66.0,66.0,13.800000190734863,12.170000076293945,0.28846821188926697,190.38900756835938,0.0,0.0,YNd11,YN,D,0,1.6696969270706177,0.0,0,-9,9,60.0
69/12.5 kV Trafo de Mata de Palma 60 MVA,,\VM-PF.IntUser\PDD 30-09-2025.IntPrj\Library.IntPrjfolder\Equipment Type Library.IntPrjfolder\Types Transformers\69/12.5 kV Trafo de Mata de Palma 60 MVA.TypTr2,60.0,69.0,34.5,12.48783016204834,0.44200000166893005,265.20001220703125,0.0,0.0,YNd11,YN,D,0,1.0,0.0,0,-10,10,60.0
69/34.5 kV Trafo PF Martí 60 MVA,,\VM-PF.IntUser\PDD 30-09-2025.IntPrj\Library.IntPrjfolder\Equipment Type Library.IntPrjfolder\Types Transformers\69/34.5 kV Trafo PF Martí 60 MVA.TypTr2,60.0,69.0,34.5,12.399999618530273,0.32252615690231323,193.5157012939453,0.0,0.0,YNyn0,YN,YN,0,1.25,0.0,0,-13,13,60.0
69/13.8 kV Trafo Maranatha,,\VM-PF.IntUser\PDD 30-09-2025.IntPrj\Library.IntPrjfolder\Equipment Type Library.IntPrjfolder\Types Transformers\69/13.8 kV Trafo Maranatha.TypTr2,24.0,69.0,13.800000190734863,9.720000267028809,0.7160000205039978,171.83999633789062,0.0,0.0,YNd11,YN,D,0,0.625,0.0,0,-16,16,60.0
69/12.5 kV Trafo Jimenoa 14 MVA,,\VM-PF.IntUser\PDD 30-09-2025.IntPrj\Library.IntPrjfolder\Equipment Type Library.IntPrjfolder\Types Transformers\69/12.5 kV Trafo Jimenoa 14 MVA.TypTr2,14.0,69.0,12.5,7.120069980621338,0.500220000743866,70.03079986572266,0.0,0.0,YNd1,YN,D,0,2.5,0.0,0,-2,2,60.0
345/138 kV Julio Sauri T1 y T2 (600 MVA),,\VM-PF.IntUser\PDD 30-09-2025.IntPrj\Library.IntPrjfolder\Equipment Type Library.IntPrjfolder\Types Transformers\345/138 kV Julio Sauri T1 y T2 (600 MVA).TypTr2,600.0,345.0,138.0,13.770000457763672,0.019797001034021378,118.78199768066406,0.0,0.041999999433755875,YNyn0,YN,YN,0,1.25,0.0,11,1,21,60.0
345/138 kV El Naranjo T1 y T2 (450 MVA),,\VM-PF.IntUser\PDD 30-09-2025.IntPrj\Library.IntPrjfolder\Equipment Type Library.IntPrjfolder\Types Transformers\345/138 kV El Naranjo T1 y T2 (450 MVA).TypTr2,450.0,345.0,138.0,13.5,0.026395998895168304,118.78199768066406,0.0,0.0,YNyn0,YN,YN,0,1.25,0.0,11,1,21,60.0
230/13.8 kV Trafo 18% Quisqueya 90 MVA,,\VM-PF.IntUser\PDD 30-09-2025.IntPrj\Library.IntPrjfolder\Equipment Type Library.IntPrjfolder\Types Transformers\230/13.8 kV Trafo 18% Quisqueya 90 MVA.TypTr2,90.0,230.0,13.800000190734863,18.004444122314453,0.4000000059604645,360.0,0.0,0.0,YNd11,YN,D,0,2.5,0.0,0,-2,2,60.0
230/13.8 kV Trafo18% Quisqueya 106 MVA,,\VM-PF.IntUser\PDD 30-09-2025.IntPrj\Library.IntPrjfolder\Equipment Type Library.IntPrjfolder\Types Transformers\230/13.8 kV Trafo18% Quisqueya 106 MVA.TypTr2,106.0,230.0,13.800000190734863,18.0,0.3962264060974121,420.0,0.0,0.0,YNd11,YN,D,0,2.5,0.0,0,-2,2,60.0
230/34.5 kV Trafo Barrick Carga 150 MVA,,\VM-PF.IntUser\PDD 30-09-2025.IntPrj\Library.IntPrjfolder\Equipment Type Library.IntPrjfolder\Types Transformers\230/34.5 kV Trafo Barrick Carga 150 MVA.TypTr2,150.0,230.0,34.5,11.0,0.43964847922325134,659.4727172851562,0.0,0.10999999940395355,YNyn11,YN,YN,0,1.7999999523162842,0.0,0,-5,5,60.0
345/22 kV Trafo Punta Catalina 425 MVA,,\VM-PF.IntUser\PDD 30-09-2025.IntPrj\Library.IntPrjfolder\Equipment Type Library.IntPrjfolder\Types Transformers\345/22 kV Trafo Punta Catalina 425 MVA.TypTr2,425.0,345.0,22.0,16.0,0.05000000074505806,212.5,0.0,0.0,YNd1,YN,D,0,0.623199999332428,0.0,0,-16,16,60.0
345/230 kV Bonao 3 T1 (300 MVA),,\VM-PF.IntUser\PDD 30-09-2025.IntPrj\Library.IntPrjfolder\Equipment Type Library.IntPrjfolder\Types Transformers\345/230 kV Bonao 3 T1 (300 MVA).TypTr2,300.0,345.0,230.0,17.016000747680664,0.05000000074505806,150.0,0.0,0.0,YNyn0,YN,YN,0,0.6230000257492065,0.0,17,1,33,60.0
230/138 kV Bonao 3 T1 (250MVA),,\VM-PF.IntUser\PDD 30-09-2025.IntPrj\Library.IntPrjfolder\Equipment Type Library.IntPrjfolder\Types Transformers\230/138 kV Bonao 3 T1 (250MVA).TypTr2,250.0,230.0,138.0,14.579999923706055,0.3019999861717224,755.0,0.0,0.0,YNyn0,YN,YN,0,0.6259999871253967,0.0,11,1,21,60.0
345/138 kV Guerra T1 (450 MVA),,\VM-PF.IntUser\PDD 30-09-2025.IntPrj\Library.IntPrjfolder\Equipment Type Library.IntPrjfolder\Types Transformers\345/138 kV Guerra T1 (450 MVA).TypTr2,450.0,345.0,138.0,9.029999732971191,0.5,2250.0,0.0,0.0,YNyn0,YN,YN,0,1.0,0.0,11,1,21,60.0
138/13.8 kV Traf Sult. del Este 100 MVA,,\VM-PF.IntUser\PDD 30-09-2025.IntPrj\Library.IntPrjfolder\Equipment Type Library.IntPrjfolder\Types Transformers\138/13.8 kV Traf Sult. del Este 100 MVA.TypTr2,100.0,138.0,13.800000190734863,9.800000190734863,0.5,500.0,0.0,0.0,YNd1,YN,D,0,2.5,0.0,0,-2,2,60.0
133/69 kV La Romana T1 (100 MVA),,\VM-PF.IntUser\PDD 30-09-2025.IntPrj\Library.IntPrjfolder\Equipment Type Library.IntPrjfolder\Types Transformers\133/69 kV La Romana T1 (100 MVA).TypTr2,100.0,133.0,69.0,9.829999923706055,0.5,500.0,0.0,0.0,YNyn0,YN,YN,1,0.625,0.0,17,1,33,60.0
140/13.8 kV Trafo CESPM 3 150 MVA,,\VM-PF.IntUser\PDD 30-09-2025.IntPrj\Library.IntPrjfolder\Equipment Type Library.IntPrjfolder\Types Transformers\140/13.8 kV Trafo CESPM 3 150 MVA.TypTr2,150.0,138.0,13.800000190734863,16.579999923706055,0.3012533187866211,451.8800048828125,0.0,0.0,YNd1,YN,D,0,2.5,0.0,0,-2,2,60.0
140/13.8 kV Trafo CESPM 2 120 MVA,,\VM-PF.IntUser\PDD 30-09-2025.IntPrj\Library.IntPrjfolder\Equipment Type Library.IntPrjfolder\Types Transformers\140/13.8 kV Trafo CESPM 2 120 MVA.TypTr2,120.0,140.0,13.800000190734863,13.25,0.5,600.0,0.0,0.0,YNd11,YN,D,0,2.5,0.0,0,-2,2,60.0
140/13.8 kV Trafo CESPM 1 120 MVA,,\VM-PF.IntUser\PDD 30-09-2025.IntPrj\Library.IntPrjfolder\Equipment Type Library.IntPrjfolder\Types Transformers\140/13.8 kV Trafo CESPM 1 120 MVA.TypTr2,120.0,140.0,13.800000190734863,13.25,0.5,600.0,0.0,0.0,YNd11,YN,D,0,2.5,0.0,0,-2,2,60.0
138/13.8 kV Trafo ENERGAS 4 TG 105 MVA,,\VM-PF.IntUser\PDD 30-09-2025.IntPrj\Library.IntPrjfolder\Equipment Type Library.IntPrjfolder\Types Transformers\138/13.8 kV Trafo ENERGAS 4 TG 105 MVA.TypTr2,105.0,138.0,13.800000190734863,12.859999656677246,0.28558188676834106,299.8609924316406,46.301998138427734,0.07000000029802322,YNd11,YN,D,0,2.5,0.0,0,-2,2,60.0
138/13.8 kV Trafo ENERGAS 4 TV 60 MVA,,\VM-PF.IntUser\PDD 30-09-2025.IntPrj\Library.IntPrjfolder\Equipment Type Library.IntPrjfolder\Types Transformers\138/13.8 kV Trafo ENERGAS 4 TV 60 MVA.TypTr2,60.0,138.0,13.800000190734863,11.069999694824219,0.3041883111000061,182.51300048828125,29.197999954223633,0.07000000029802322,YNd11,YN,D,0,2.5,0.0,0,-2,2,60.0
138/13.8 kV Trafo CEMEX 40 MVA,,\VM-PF.IntUser\PDD 30-09-2025.IntPrj\Library.IntPrjfolder\Equipment Type Library.IntPrjfolder\Types Transformers\138/13.8 kV Trafo CEMEX 40 MVA.TypTr2,40.0,138.0,13.800000190734863,11.0,0.5,200.0,0.0,0.0,Dyn1,D,YN,0,2.5,0.0,0,-2,2,60.0
138/13.8 kV Trafo 2 CEMEX 40 MVA,,\VM-PF.IntUser\PDD 30-09-2025.IntPrj\Library.IntPrjfolder\Equipment Type Library.IntPrjfolder\Types Transformers\138/13.8 kV Trafo 2 CEMEX 40 MVA.TypTr2,40.0,138.0,13.800000190734863,14.600000381469727,0.3945925235748291,157.83700561523438,27.215999603271484,0.11999999731779099,Dyn1,D,YN,0,2.5,0.0,3,1,5,60.0
138/34.5 kV Trafo Cumayasa 65 MVA,,\VM-PF.IntUser\PDD 30-09-2025.IntPrj\Library.IntPrjfolder\Equipment Type Library.IntPrjfolder\Types Transformers\138/34.5 kV Trafo Cumayasa 65 MVA.TypTr2,65.0,138.0,34.5,12.5,0.38461539149284363,250.0,35.0,0.5,YNd11,YN,D,0,1.0,0.0,0,-10,10,60.0
138/12.47 kV Trafo Los Orígenes 65 MVA,,\VM-PF.IntUser\PDD 30-09-2025.IntPrj\Library.IntPrjfolder\Equipment Type Library.IntPrjfolder\Types Transformers\138/12.47 kV Trafo Los Orígenes 65 MVA.TypTr2,65.0,138.0,12.470000267028809,18.3700008392334,0.5,325.0,0.0,0.0,YNd1,YN,D,0,2.5,0.0,0,-2,2,60.0
138/13.8 kV Trafo SP Bio-Energy 45 MVA,,\VM-PF.IntUser\PDD 30-09-2025.IntPrj\Library.IntPrjfolder\Equipment Type Library.IntPrjfolder\Types Transformers\138/13.8 kV Trafo SP Bio-Energy 45 MVA.TypTr2,45.0,138.0,13.800000190734863,13.170000076293945,0.5,225.0,0.0,0.0,YNd5,YN,D,0,1.0,0.0,0,-11,11,60.0
138/69 kV SPM T1 (125 MVA),,\VM-PF.IntUser\PDD 30-09-2025.IntPrj\Library.IntPrjfolder\Equipment Type Library.IntPrjfolder\Types Transformers\138/69 kV SPM T1 (125 MVA).TypTr2,125.0,138.0,69.0,12.399999618530273,0.42500001192092896,531.25,0.0,0.0,YNyn0,YN,YN,0,1.0,0.0,12,1,23,60.0
138/69 kV Hato Mayor 2 T1 (80MVA),,\VM-PF.IntUser\PDD 30-09-2025.IntPrj\Library.IntPrjfolder\Equipment Type Library.IntPrjfolder\Types Transformers\138/69 kV Hato Mayor 2 T1 (80MVA).TypTr2,80.0,138.0,69.0,10.0,0.5,400.0,0.0,0.0,YNyn0,YN,YN,0,1.0,0.0,14,1,27,60.0
138/34.5 kV Trafo El Soco 80 MVA,,\VM-PF.IntUser\PDD 30-09-2025.IntPrj\Library.IntPrjfolder\Equipment Type Library.IntPrjfolder\Types Transformers\138/34.5 kV Trafo El Soco 80 MVA.TypTr2,80.0,138.0,34.5,12.693300247192383,0.5,400.0,0.0,0.0,YNd11,YN,D,0,1.0099999904632568,0.0,0,-10,10,60.0
138/34.5 kV Cotoperí T1,,\VM-PF.IntUser\PDD 30-09-2025.IntPrj\Library.IntPrjfolder\Equipment Type Library.IntPrjfolder\Types Transformers\138/34.5 kV Cotoperí T1.TypTr2,65.0,138.0,34.5,10.140000343322754,0.0,0.0,0.0,0.0,YNd11,YN,D,0,1.25,0.0,0,-9,9,60.0
138/34.5 kV Coastal (65 MVA),,\VM-PF.IntUser\PDD 30-09-2025.IntPrj\Library.IntPrjfolder\Equipment Type Library.IntPrjfolder\Types Transformers\138/34.5 kV Coastal (65 MVA).TypTr2,65.0,138.0,34.5,13.079999923706055,0.30486154556274414,198.16000366210938,30.65999984741211,0.0560000017285347,YNd11,YN,D,0,1.0,0.0,0,-12,12,60.0
138/69 kV ZF Santiago T1 (140 MVA),,\VM-PF.IntUser\PDD 30-09-2025.IntPrj\Library.IntPrjfolder\Equipment Type Library.IntPrjfolder\Types Transformers\138/69 kV ZF Santiago T1 (140 MVA).TypTr2,140.0,138.0,69.0,14.800000190734863,0.1371999979019165,192.0800018310547,0.0,0.0,YNyn0,YN,YN,0,1.2699999809265137,0.0,9,1,16,60.0
138/69 kV Bonao 2 T1 (140 MVA),,\VM-PF.IntUser\PDD 30-09-2025.IntPrj\Library.IntPrjfolder\Equipment Type Library.IntPrjfolder\Types Transformers\138/69 kV Bonao 2 T1 (140 MVA).TypTr2,140.0,138.0,69.0,11.9399995803833,0.38359999656677246,537.0399780273438,0.0,0.0,YNyn0,YN,YN,0,1.0,0.0,16,1,31,60.0
13.8/4.16 kV Trafo C.E Monción 4 MVA,,\VM-PF.IntUser\PDD 30-09-2025.IntPrj\Library.IntPrjfolder\Equipment Type Library.IntPrjfolder\Types Transformers\13.8/4.16 kV Trafo C.E Monción 4 MVA.TypTr2,4.0,13.800000190734863,4.159999847412109,5.8002800941467285,0.10155249387025833,4.062099933624268,0.0,0.0,YNd1,YN,D,1,2.5,0.0,0,-2,2,60.0
138/13.8 kV Trafo Monción 30 MVA,,\VM-PF.IntUser\PDD 30-09-2025.IntPrj\Library.IntPrjfolder\Equipment Type Library.IntPrjfolder\Types Transformers\138/13.8 kV Trafo Monción 30 MVA.TypTr2,30.0,138.0,13.800000190734863,7.998680114746094,0.31041666865348816,93.125,0.0,0.0,YNd1,YN,D,0,2.5,0.0,0,-2,2,60.0
13.8/13.8 kV Trafo Moncion 5 MVA,,\VM-PF.IntUser\PDD 30-09-2025.IntPrj\Library.IntPrjfolder\Equipment Type Library.IntPrjfolder\Types Transformers\13.8/13.8 kV Trafo Moncion 5 MVA.TypTr2,5.0,13.800000190734863,13.800000190734863,7.039999961853027,0.5,25.0,0.0,0.0,Dyn7,D,YN,0,2.5,0.0,0,-2,2,60.0
138/13.8 kV Trafo Pimentel 3 100 MVA,,\VM-PF.IntUser\PDD 30-09-2025.IntPrj\Library.IntPrjfolder\Equipment Type Library.IntPrjfolder\Types Transformers\138/13.8 kV Trafo Pimentel 3 100 MVA.TypTr2,100.0,138.0,13.800000190734863,15.79170036315918,0.40900999307632446,409.010009765625,0.0,0.0,YNd1,YN,D,0,2.5,0.0,0,-2,2,60.0
138/13.8 kV Trafo Pimentel 2 60 MVA,,\VM-PF.IntUser\PDD 30-09-2025.IntPrj\Library.IntPrjfolder\Equipment Type Library.IntPrjfolder\Types Transformers\138/13.8 kV Trafo Pimentel 2 60 MVA.TypTr2,60.0,138.0,13.800000190734863,14.414999961853027,0.5,300.0,0.0,0.0,YNd1,YN,D,0,2.5,0.0,0,-2,2,60.0
138/13.8 kV Trafo Pimentel 1 60 MVA,,\VM-PF.IntUser\PDD 30-09-2025.IntPrj\Library.IntPrjfolder\Equipment Type Library.IntPrjfolder\Types Transformers\138/13.8 kV Trafo Pimentel 1 60 MVA.TypTr2,60.0,138.0,13.800000190734863,14.414999961853027,0.5,300.0,0.0,0.0,YNd1,YN,D,0,2.5,0.0,0,-2,2,60.0
138/69 kV Canabacoa T2 (140 MVA),,\VM-PF.IntUser\PDD 30-09-2025.IntPrj\Library.IntPrjfolder\Equipment Type Library.IntPrjfolder\Types Transformers\138/69 kV Canabacoa T2 (140 MVA).TypTr2,140.0,139.0,69.0,11.010000228881836,0.5,700.0,0.0,0.0,YNyn0,YN,YN,0,1.0,0.0,16,1,31,60.0
132/66 kV Canabacoa T1 (200 MVA),,\VM-PF.IntUser\PDD 30-09-2025.IntPrj\Library.IntPrjfolder\Equipment Type Library.IntPrjfolder\Types Transformers\132/66 kV Canabacoa T1 (200 MVA).TypTr2,200.0,132.0,66.0,7.5,0.13599999248981476,272.0,0.0,0.0,YNyn0,YN,YN,0,0.625,0.0,21,1,33,60.0
138/69 kV Puerto Plata 2 T1 (140 MVA),,\VM-PF.IntUser\PDD 30-09-2025.IntPrj\Library.IntPrjfolder\Equipment Type Library.IntPrjfolder\Types Transformers\138/69 kV Puerto Plata 2 T1 (140 MVA).TypTr2,140.0,138.0,69.0,12.039999961853027,0.1371999979019165,192.0800018310547,0.0,0.0,YNyn0,YN,YN,0,1.0,0.0,16,1,31,60.0
138/69 kV Nagua 2 T1 (70 MVA),,\VM-PF.IntUser\PDD 30-09-2025.IntPrj\Library.IntPrjfolder\Equipment Type Library.IntPrjfolder\Types Transformers\138/69 kV Nagua 2 T1 (70 MVA).TypTr2,70.0,138.0,69.0,11.8100004196167,0.5,350.0,0.0,0.0,YNyn0,YN,YN,0,1.25,0.0,14,1,27,60.0
138/13.8 kV López Angostura 23 MVA,,\VM-PF.IntUser\PDD 30-09-2025.IntPrj\Library.IntPrjfolder\Equipment Type Library.IntPrjfolder\Types Transformers\138/13.8 kV López Angostura 23 MVA.TypTr2,23.0,138.0,13.800000190734863,7.998680114746094,0.40489131212234497,93.125,0.0,0.0,YNd5,YN,D,0,2.5,0.0,0,-2,2,60.0
12.47/0.44 kV Trafo 1 Baiguaque,,\VM-PF.IntUser\PDD 30-09-2025.IntPrj\Library.IntPrjfolder\Equipment Type Library.IntPrjfolder\Types Transformers\12.47/0.44 kV Trafo 1 Baiguaque.TypTr2,1.600000023841858,12.470000267028809,0.4399999976158142,6.0,0.5,8.0,0.0,0.0,YNd11,YN,D,0,2.5,0.0,-3,-5,-1,60.0
34.5/12.47 kV Trafo 2 Baiguaque,,\VM-PF.IntUser\PDD 30-09-2025.IntPrj\Library.IntPrjfolder\Equipment Type Library.IntPrjfolder\Types Transformers\34.5/12.47 kV Trafo 2 Baiguaque.TypTr2,7.0,34.5,12.470000267028809,7.0,0.5,35.0,0.0,0.0,Dyn1,D,YN,0,2.5,0.0,-3,-5,-1,60.0
138/13.8 kV Trafo Tavera 2 65 MVA,,\VM-PF.IntUser\PDD 30-09-2025.IntPrj\Library.IntPrjfolder\Equipment Type Library.IntPrjfolder\Types Transformers\138/13.8 kV Trafo Tavera 2 65 MVA.TypTr2,65.0,138.0,13.800000190734863,10.880000114440918,0.3076923191547394,200.0,0.0,0.0,YNd1,YN,D,0,2.1700000762939453,0.0,0,-2,2,60.0
138/34.5 kV SAJOMA T1(75 MVA),,\VM-PF.IntUser\PDD 30-09-2025.IntPrj\Library.IntPrjfolder\Equipment Type Library.IntPrjfolder\Types Transformers\138/34.5 kV SAJOMA T1(75 MVA).TypTr2,75.0,138.0,34.5,13.399999618530273,0.5,375.0,0.0,0.0,YNd11,YN,D,0,1.0,0.0,0,-13,13,60.0
138/20 kV Traf Monte Cristi Solar 25 MVA,,\VM-PF.IntUser\PDD 30-09-2025.IntPrj\Library.IntPrjfolder\Equipment Type Library.IntPrjfolder\Types Transformers\138/20 kV Traf Monte Cristi Solar 25 MVA.TypTr2,25.0,138.0,20.0,9.0,0.5,125.0,0.0,0.0,YNd11,YN,D,0,1.0042999982833862,0.0,0,-10,10,60.0
138/34.5 kV Trafo Agua Clara 60 MVA,,\VM-PF.IntUser\PDD 30-09-2025.IntPrj\Library.IntPrjfolder\Equipment Type Library.IntPrjfolder\Types Transformers\138/34.5 kV Trafo Agua Clara 60 MVA.TypTr2,60.0,138.0,34.5,12.5,0.46666663885116577,280.0,30.0,1.0,YNd11,YN,D,0,1.5,0.0,0,-7,7,60.0
138/34.5 kV Trafo Guanilo 63 MVA,,\VM-PF.IntUser\PDD 30-09-2025.IntPrj\Library.IntPrjfolder\Equipment Type Library.IntPrjfolder\Types Transformers\138/34.5 kV Trafo Guanilo 63 MVA.TypTr2,63.0,138.0,34.5,11.449999809265137,0.5,315.0,30.0,0.17000000178813934,YNd11,YN,D,0,1.0,0.0,0,-10,10,60.0
138/69 kV SFM T1 (140 MVA),,\VM-PF.IntUser\PDD 30-09-2025.IntPrj\Library.IntPrjfolder\Equipment Type Library.IntPrjfolder\Types Transformers\138/69 kV SFM T1 (140 MVA).TypTr2,140.0,138.0,69.0,11.930000305175781,0.1371428668498993,192.0,0.0,0.0,YNyn0,YN,YN,0,1.0,0.0,16,1,31,60.0
138/34.5 Trafo Los Guzmancitos 72 MVA,,\VM-PF.IntUser\PDD 30-09-2025.IntPrj\Library.IntPrjfolder\Equipment Type Library.IntPrjfolder\Types Transformers\138/34.5 Trafo Los Guzmancitos 72 MVA.TypTr2,72.0,138.0,34.5,13.119999885559082,0.5,360.0,0.0,0.0,YNd11,YN,D,0,2.5,0.0,0,-2,2,60.0
34.5/138 kV Trafo Guzmancito 2 72 MVA,,\VM-PF.IntUser\PDD 30-09-2025.IntPrj\Library.IntPrjfolder\Equipment Type Library.IntPrjfolder\Types Transformers\34.5/138 kV Trafo Guzmancito 2 72 MVA.TypTr2,72.0,138.0,34.5,13.119999885559082,0.5,360.0,0.0,0.0,YNd11,YN,D,0,2.5,0.0,0,-2,2,60.0
138/34.5 kV Trafo Matrisol 50 MVA,,\VM-PF.IntUser\PDD 30-09-2025.IntPrj\Library.IntPrjfolder\Equipment Type Library.IntPrjfolder\Types Transformers\138/34.5 kV Trafo Matrisol 50 MVA.TypTr2,50.0,138.0,34.5,11.680000305175781,0.5,250.0,0.0,0.0,YNd11,YN,D,0,1.0,0.0,0,-10,10,60.0
138/34.5 kV Trafo PS Esperanza 75 MVA,,\VM-PF.IntUser\PDD 30-09-2025.IntPrj\Library.IntPrjfolder\Equipment Type Library.IntPrjfolder\Types Transformers\138/34.5 kV Trafo PS Esperanza 75 MVA.TypTr2,75.0,138.0,34.5,10.619999885559082,0.5,375.0,0.0,0.0,YNd11,YN,D,0,1.0,0.0,0,-13,13,60.0
138/13.8 kV Pimentel 4(100 MVA),,\VM-PF.IntUser\PDD 30-09-2025.IntPrj\Library.IntPrjfolder\Equipment Type Library.IntPrjfolder\Types Transformers\138/13.8 kV Pimentel 4(100 MVA).TypTr2,100.0,138.0,13.800000190734863,15.699999809265137,0.14444999396800995,144.4499969482422,0.0,0.0,YNd1,YN,D,0,2.5,0.0,0,-2,2,60.0
138/34.5 kV Trafo Tavera,,\VM-PF.IntUser\PDD 30-09-2025.IntPrj\Library.IntPrjfolder\Equipment Type Library.IntPrjfolder\Types Transformers\138/34.5 kV Trafo Tavera.TypTr2,14.0,138.0,34.5,10.170000076293945,0.0,0.0,0.0,0.0,YNyn0,YN,YN,0,1.0499999523162842,0.0,0,-11,11,60.0
72/6.9 kV Trafo Los Toros 10.5 MVA,,\VM-PF.IntUser\PDD 30-09-2025.IntPrj\Library.IntPrjfolder\Equipment Type Library.IntPrjfolder\Types Transformers\72/6.9 kV Trafo Los Toros 10.5 MVA.TypTr2,10.5,72.0,6.900000095367432,7.840000152587891,0.10000000149011612,10.5,0.0,0.0,YNd5,YN,D,0,5.0,0.0,0,-2,2,60.0
69/13.8 kV Trafo Sabana Yegua 15 MVA,,\VM-PF.IntUser\PDD 30-09-2025.IntPrj\Library.IntPrjfolder\Equipment Type Library.IntPrjfolder\Types Transformers\69/13.8 kV Trafo Sabana Yegua 15 MVA.TypTr2,15.0,69.0,13.800000190734863,9.899820327758789,2.00053334236145,300.0799865722656,0.0,0.0,YNd11,YN,D,0,2.5,0.0,0,-3,3,60.0
67/12.47 kV Trafo Sabaneta 15 MVA,,\VM-PF.IntUser\PDD 30-09-2025.IntPrj\Library.IntPrjfolder\Equipment Type Library.IntPrjfolder\Types Transformers\67/12.47 kV Trafo Sabaneta 15 MVA.TypTr2,15.0,67.0,12.470000267028809,5.599999904632568,0.5,75.0,0.0,0.0,YNd1,YN,D,0,2.690000057220459,0.0,0,-2,2,60.0
69/13.8 kV Trafo Magueyal 4 MVA,,\VM-PF.IntUser\PDD 30-09-2025.IntPrj\Library.IntPrjfolder\Equipment Type Library.IntPrjfolder\Types Transformers\69/13.8 kV Trafo Magueyal 4 MVA.TypTr2,4.0,69.0,13.800000190734863,7.829999923706055,0.5,20.0,0.0,0.0,YNd11,YN,D,0,2.5,0.0,0,-2,2,60.0
69/12.5 kV Trafo Las Damas 9.4 MVA,,\VM-PF.IntUser\PDD 30-09-2025.IntPrj\Library.IntPrjfolder\Equipment Type Library.IntPrjfolder\Types Transformers\69/12.5 kV Trafo Las Damas 9.4 MVA.TypTr2,9.399999618530273,69.0,12.5,7.400000095367432,0.5,47.0,0.0,0.0,Dyn11,D,YN,0,2.0,0.0,0,-5,4,60.0
12.5/4.16 Trafo Dgo Rod 7 MVA,,\VM-PF.IntUser\PDD 30-09-2025.IntPrj\Library.IntPrjfolder\Equipment Type Library.IntPrjfolder\Types Transformers\12.5/4.16 Trafo Dgo Rod 7 MVA.TypTr2,7.0,12.5,4.159999847412109,5.8002800941467285,0.05802999809384346,4.062099933624268,0.0,0.0,YNd11,YN,D,1,2.5,0.0,0,-2,2,60.0
69/12.5 Trafo Dgo Rod 5 MVA,,\VM-PF.IntUser\PDD 30-09-2025.IntPrj\Library.IntPrjfolder\Equipment Type Library.IntPrjfolder\Types Transformers\69/12.5 Trafo Dgo Rod 5 MVA.TypTr2,5.0,69.0,12.5,10.0,0.5,25.0,0.0,0.0,YNd1,YN,D,0,2.5,0.0,0,-2,2,60.0
69/34.5 kV Trafo Canoa Solar 32 MVA,,\VM-PF.IntUser\PDD 30-09-2025.IntPrj\Library.IntPrjfolder\Equipment Type Library.IntPrjfolder\Types Transformers\69/34.5 kV Trafo Canoa Solar 32 MVA.TypTr2,32.0,69.0,34.5,14.140000343322754,0.5,160.0,0.0,0.0,YNd11,YN,D,0,1.25,0.0,0,-13,13,60.0
69/12.47 kV Nizao-Najayo (18.5 MVA) T1,,\VM-PF.IntUser\PDD 30-09-2025.IntPrj\Library.IntPrjfolder\Equipment Type Library.IntPrjfolder\Types Transformers\69/12.47 kV Nizao-Najayo (18.5 MVA) T1.TypTr2,18.5,69.0,12.470000267028809,8.0,0.5,92.5,0.0,0.0,YNyn0,YN,YN,0,1.0,0.0,0,-13,13,60.0
69/12.47 kV Los Anones (14 MVA) T1,,\VM-PF.IntUser\PDD 30-09-2025.IntPrj\Library.IntPrjfolder\Equipment Type Library.IntPrjfolder\Types Transformers\69/12.47 kV Los Anones (14 MVA) T1.TypTr2,14.0,67.0,12.470000267028809,10.934000015258789,0.0,0.0,0.0,0.0,Dyn1,D,YN,0,2.5999999046325684,0.0,0,-2,2,60.0
69/34.5 kV PF Lucila T1,,\VM-PF.IntUser\PDD 30-09-2025.IntPrj\Library.IntPrjfolder\Equipment Type Library.IntPrjfolder\Types Transformers\69/34.5 kV PF Lucila T1.TypTr2,15.0,69.0,34.5,8.710000038146973,0.20713333785533905,31.06999969482422,11.350000381469727,0.23000000417232513,YNd11,YN,D,0,1.0,0.0,11,1,21,60.0
138/69 kV km 15,,\VM-PF.IntUser\PDD 30-09-2025.IntPrj\Library.IntPrjfolder\Equipment Type Library.IntPrjfolder\Types Transformers\138/69 kV km 15.TypTr2,90.0,138.0,69.0,19.799999237060547,0.22949999570846558,206.5500030517578,0.0,0.0,YNyn0,YN,YN,0,1.0,0.0,14,1,27,60.0
145/13.8 kV Trafo Haina TG 150 MVA,,\VM-PF.IntUser\PDD 30-09-2025.IntPrj\Library.IntPrjfolder\Equipment Type Library.IntPrjfolder\Types Transformers\145/13.8 kV Trafo Haina TG 150 MVA.TypTr2,150.0,145.0,13.800000190734863,7.997379779815674,0.19499999284744263,292.5,0.0,0.0,YNd1,YN,D,0,2.5,0.0,0,-2,2,60.0
138/69 kV Haina T1 T1 (140 MVA),,\VM-PF.IntUser\PDD 30-09-2025.IntPrj\Library.IntPrjfolder\Equipment Type Library.IntPrjfolder\Types Transformers\138/69 kV Haina T1 T1 (140 MVA).TypTr2,140.0,138.0,69.0,14.800000190734863,0.1371999979019165,192.0800018310547,0.0,0.0,YNyn0,YN,YN,0,1.2699999809265137,0.0,9,1,16,60.0
138/13.8 kV Trafo Valdesia 30 MVA,,\VM-PF.IntUser\PDD 30-09-2025.IntPrj\Library.IntPrjfolder\Equipment Type Library.IntPrjfolder\Types Transformers\138/13.8 kV Trafo Valdesia 30 MVA.TypTr2,30.0,138.0,13.800000190734863,8.879150390625,0.5009999871253967,150.3000030517578,0.0,0.0,YNd11,YN,D,0,2.5,0.0,0,-2,2,60.0
138/13.8 kV Trafo Valdesia 1 30 MVA,,\VM-PF.IntUser\PDD 30-09-2025.IntPrj\Library.IntPrjfolder\Equipment Type Library.IntPrjfolder\Types Transformers\138/13.8 kV Trafo Valdesia 1 30 MVA.TypTr2,30.0,138.0,13.800000190734863,8.879150390625,0.5,150.0,0.0,0.0,YNd11,YN,D,0,2.5,0.0,0,-2,2,60.0
Trafo SSAA Valdesia 5 MVA,,\VM-PF.IntUser\PDD 30-09-2025.IntPrj\Library.IntPrjfolder\Equipment Type Library.IntPrjfolder\Types Transformers\Trafo SSAA Valdesia 5 MVA.TypTr2,5.0,138.0,13.800000190734863,10.300000190734863,0.5,25.0,0.0,0.0,Yyn0,Y,YN,0,1.5,0.0,0,-9,9,60.0
138/13.8 kV Trafo Barahona Carbón 95 MVA,,\VM-PF.IntUser\PDD 30-09-2025.IntPrj\Library.IntPrjfolder\Equipment Type Library.IntPrjfolder\Types Transformers\138/13.8 kV Trafo Barahona Carbón 95 MVA.TypTr2,95.0,138.0,13.199999809265137,10.699999809265137,0.5,475.0,0.0,0.0,YNd1,YN,D,0,2.5,0.0,0,-2,2,60.0
138/69 kV Trafo Barahona Carbón 40 MVA,,\VM-PF.IntUser\PDD 30-09-2025.IntPrj\Library.IntPrjfolder\Equipment Type Library.IntPrjfolder\Types Transformers\138/69 kV Trafo Barahona Carbón 40 MVA.TypTr2,40.0,138.0,69.0,9.600000381469727,0.5,200.0,0.0,0.0,YNyn0,YN,YN,0,2.5,0.0,3,1,5,60.0
138/13.8 Trafo Jigüey 2  61.3 MVA,,\VM-PF.IntUser\PDD 30-09-2025.IntPrj\Library.IntPrjfolder\Equipment Type Library.IntPrjfolder\Types Transformers\138/13.8 Trafo Jigüey 2  61.3 MVA.TypTr2,61.29999923706055,138.0,13.800000190734863,8.000040054321289,0.39902445673942566,244.6020050048828,0.0,0.0,YNd1,YN,D,0,2.5,0.0,0,-2,2,60.0
138/13.8 Trafo Jigüey 1 61.3 MVA,,\VM-PF.IntUser\PDD 30-09-2025.IntPrj\Library.IntPrjfolder\Equipment Type Library.IntPrjfolder\Types Transformers\138/13.8 Trafo Jigüey 1 61.3 MVA.TypTr2,61.29999923706055,138.0,13.800000190734863,8.000040054321289,0.39902445673942566,244.6020050048828,0.0,0.0,YNd1,YN,D,0,2.5,0.0,0,-2,2,60.0
138/13.8 kV Trafo Valdesia 2 32.5 MVA,,\VM-PF.IntUser\PDD 30-09-2025.IntPrj\Library.IntPrjfolder\Equipment Type Library.IntPrjfolder\Types Transformers\138/13.8 kV Trafo Valdesia 2 32.5 MVA.TypTr2,32.5,138.0,13.800000190734863,9.970000267028809,0.41214466094970703,133.94700622558594,0.0,0.0,YNd0,YN,D,0,2.5,0.0,0,-2,2,60.0
138/13.8 kV Trafo Valdesia 32.5 MVA,,\VM-PF.IntUser\PDD 30-09-2025.IntPrj\Library.IntPrjfolder\Equipment Type Library.IntPrjfolder\Types Transformers\138/13.8 kV Trafo Valdesia 32.5 MVA.TypTr2,32.5,138.0,13.800000190734863,9.920000076293945,0.41214466094970703,133.94700622558594,0.0,0.0,YNd0,YN,D,0,2.5,0.0,0,-2,2,60.0
138/13.2 kV Trafo Monterío 70 MVA,,\VM-PF.IntUser\PDD 30-09-2025.IntPrj\Library.IntPrjfolder\Equipment Type Library.IntPrjfolder\Types Transformers\138/13.2 kV Trafo Monterío 70 MVA.TypTr2,70.0,138.0,13.199999809265137,14.380000114440918,0.5,350.0,0.0,0.0,YNd5,YN,D,0,2.5,0.0,0,-2,2,60.0
144.27/13.8 kV Trafo Itabo 1 150 MVA,,\VM-PF.IntUser\PDD 30-09-2025.IntPrj\Library.IntPrjfolder\Equipment Type Library.IntPrjfolder\Types Transformers\144.27/13.8 kV Trafo Itabo 1 150 MVA.TypTr2,150.0,144.27000427246094,13.800000190734863,11.630000114440918,0.5550000071525574,832.5,0.0,0.0,YNd5,YN,D,0,2.5,0.0,0,-2,2,60.0
144.138/13.8 Trafo Itabo 2 156 MVA,,\VM-PF.IntUser\PDD 30-09-2025.IntPrj\Library.IntPrjfolder\Equipment Type Library.IntPrjfolder\Types Transformers\144.138/13.8 Trafo Itabo 2 156 MVA.TypTr2,156.0,144.13800048828125,13.800000190734863,12.799400329589844,0.677884578704834,1057.5,0.0,0.0,YNd5,YN,D,0,2.5,0.0,0,-2,2,60.0
145/13.8 kV Trafo San Lorenzo 48 MVA,,\VM-PF.IntUser\PDD 30-09-2025.IntPrj\Library.IntPrjfolder\Equipment Type Library.IntPrjfolder\Types Transformers\145/13.8 kV Trafo San Lorenzo 48 MVA.TypTr2,48.0,145.0,13.800000190734863,12.5,0.3333333432674408,160.0,0.0,0.0,YNd1,YN,D,0,2.5,0.0,0,-2,2,60.0
138/34.5 kV Trafo Los Cocos 45 MVA,,\VM-PF.IntUser\PDD 30-09-2025.IntPrj\Library.IntPrjfolder\Equipment Type Library.IntPrjfolder\Types Transformers\138/34.5 kV Trafo Los Cocos 45 MVA.TypTr2,45.0,138.0,34.5,9.600000381469727,0.5,225.0,0.0,0.0,YNd11,YN,D,0,1.0,0.0,0,-13,13,60.0
138/34.5 kV Trafo Los Cocos 2 45 MVA,,\VM-PF.IntUser\PDD 30-09-2025.IntPrj\Library.IntPrjfolder\Equipment Type Library.IntPrjfolder\Types Transformers\138/34.5 kV Trafo Los Cocos 2 45 MVA.TypTr2,45.0,138.0,34.5,12.460000038146973,0.5,225.0,0.0,0.0,YNd11,YN,D,0,1.0,0.0,0,-13,13,60.0
138/13.8 kV Trafo Palomino 48 MVA,,\VM-PF.IntUser\PDD 30-09-2025.IntPrj\Library.IntPrjfolder\Equipment Type Library.IntPrjfolder\Types Transformers\138/13.8 kV Trafo Palomino 48 MVA.TypTr2,48.0,138.0,13.800000190734863,12.972999572753906,0.5,240.0,0.0,0.0,YNd1,YN,D,0,2.5,0.0,0,-2,2,60.0
154/11 kV Trafo KARPOWERSHIP 62.5 MVA,,\VM-PF.IntUser\PDD 30-09-2025.IntPrj\Library.IntPrjfolder\Equipment Type Library.IntPrjfolder\Types Transformers\154/11 kV Trafo KARPOWERSHIP 62.5 MVA.TypTr2,62.5,154.0,11.0,17.479999542236328,0.5,312.5,0.0,0.0,YNd11,YN,D,0,1.25,0.0,0,-12,12,50.0
154/15 kV Trafo KARPOWERSHIP,,\VM-PF.IntUser\PDD 30-09-2025.IntPrj\Library.IntPrjfolder\Equipment Type Library.IntPrjfolder\Types Transformers\154/15 kV Trafo KARPOWERSHIP.TypTr2,100.0,154.0,15.0,17.0,0.3199999928474426,320.0,46.0,0.4000000059604645,YNd11,YN,D,0,1.25,0.0,0,-12,12,50.0
138/4.2 kV Trafo Palenque 1 30 MVA,,\VM-PF.IntUser\PDD 30-09-2025.IntPrj\Library.IntPrjfolder\Equipment Type Library.IntPrjfolder\Types Transformers\138/4.2 kV Trafo Palenque 1 30 MVA.TypTr2,30.0,138.0,4.199999809265137,13.670000076293945,0.5,150.0,0.0,0.0,YNyn0,YN,YN,0,1.0,0.0,0,-13,13,60.0
138/4.2 kV Trafo Palenque 2 30 MVA,,\VM-PF.IntUser\PDD 30-09-2025.IntPrj\Library.IntPrjfolder\Equipment Type Library.IntPrjfolder\Types Transformers\138/4.2 kV Trafo Palenque 2 30 MVA.TypTr2,30.0,138.0,4.199999809265137,13.670000076293945,0.5,150.0,0.0,0.0,YNyn0,YN,YN,0,1.0,0.0,0,-13,13,60.0
138/69 kV Cruce de Cabral 2 T1 (75 MVA),,\VM-PF.IntUser\PDD 30-09-2025.IntPrj\Library.IntPrjfolder\Equipment Type Library.IntPrjfolder\Types Transformers\138/69 kV Cruce de Cabral 2 T1 (75 MVA).TypTr2,75.0,138.0,69.0,9.039999961853027,0.5,375.0,0.0,0.0,YNyn0,YN,YN,0,1.0,0.0,12,1,23,60.0
138/69 kV San Juan 2 T1 75 MVA,,\VM-PF.IntUser\PDD 30-09-2025.IntPrj\Library.IntPrjfolder\Equipment Type Library.IntPrjfolder\Types Transformers\138/69 kV San Juan 2 T1 75 MVA.TypTr2,75.0,138.0,69.0,9.029999732971191,0.5,375.0,0.0,0.0,YNyn0,YN,YN,0,1.0,0.0,11,1,23,60.0
138/69 kV Pizarrete T1 (150 MVA),,\VM-PF.IntUser\PDD 30-09-2025.IntPrj\Library.IntPrjfolder\Equipment Type Library.IntPrjfolder\Types Transformers\138/69 kV Pizarrete T1 (150 MVA).TypTr2,150.0,138.0,69.0,12.390000343322754,0.5,750.0,0.0,0.0,YNyn0,YN,YN,0,1.0,0.0,12,1,23,60.0
138/34.5 kV Trafo Matafongo 55 MVA,,\VM-PF.IntUser\PDD 30-09-2025.IntPrj\Library.IntPrjfolder\Equipment Type Library.IntPrjfolder\Types Transformers\138/34.5 kV Trafo Matafongo 55 MVA.TypTr2,55.0,138.0,34.5,15.402728080749512,0.28999996185302734,159.49998474121094,0.0,0.0,YNd11,YN,D,0,1.25,0.0,0,-8,8,60.0
138/34.5 kV Trafo Bayasol 60 MVA,,\VM-PF.IntUser\PDD 30-09-2025.IntPrj\Library.IntPrjfolder\Equipment Type Library.IntPrjfolder\Types Transformers\138/34.5 kV Trafo Bayasol 60 MVA.TypTr2,60.0,138.0,34.5,12.369999885559082,0.40894168615341187,245.36500549316406,51.13800048828125,0.28999999165534973,YNd11,YN,D,0,1.5,0.0,0,-7,7,60.0
138/34.5 kV Trafo Girasol 75 MVA,,\VM-PF.IntUser\PDD 30-09-2025.IntPrj\Library.IntPrjfolder\Equipment Type Library.IntPrjfolder\Types Transformers\138/34.5 kV Trafo Girasol 75 MVA.TypTr2,75.0,138.0,34.5,10.619999885559082,0.5,375.0,0.0,0.0,YNd11,YN,D,0,1.0,0.0,0,-13,13,60.0
138/34.5 kV Trafo Santanasol 60 MVA,,\VM-PF.IntUser\PDD 30-09-2025.IntPrj\Library.IntPrjfolder\Equipment Type Library.IntPrjfolder\Types Transformers\138/34.5 kV Trafo Santanasol 60 MVA.TypTr2,60.0,138.0,34.5,12.460000038146973,0.5,300.0,0.0,0.0,YNd11,YN,D,0,1.5,0.0,0,-7,7,60.0
138/34.5 kV Trafo PF Calabaza 1 60 MVA,,\VM-PF.IntUser\PDD 30-09-2025.IntPrj\Library.IntPrjfolder\Equipment Type Library.IntPrjfolder\Types Transformers\138/34.5 kV Trafo PF Calabaza 1 60 MVA.TypTr2,60.0,138.0,34.5,12.460000038146973,0.5,300.0,0.0,0.0,YNd11,YN,D,0,1.25,0.0,-8,-15,-1,60.0
138/34.5 kV Peravia T1 y T2 (90 MVA),,\VM-PF.IntUser\PDD 30-09-2025.IntPrj\Library.IntPrjfolder\Equipment Type Library.IntPrjfolder\Types Transformers\138/34.5 kV Peravia T1 y T2 (90 MVA).TypTr2,90.0,138.0,34.5,12.109999656677246,0.5,450.0,0.0,0.0,YNd11,YN,D,0,1.0,0.0,11,1,21,60.0
138/69 S/E Móvil ETED (80 MVA),,\VM-PF.IntUser\PDD 30-09-2025.IntPrj\Library.IntPrjfolder\Equipment Type Library.IntPrjfolder\Types Transformers\138/69 S/E Móvil ETED (80 MVA).TypTr2,80.0,138.0,69.0,10.0,0.5,400.0,0.0,0.0,YNyn0,YN,YN,0,1.0,0.0,14,1,27,60.0
154/11 kV Powership Azua KPS56,,\VM-PF.IntUser\PDD 30-09-2025.IntPrj\Library.IntPrjfolder\Equipment Type Library.IntPrjfolder\154/11 kV Powership Azua KPS56.TypTr2,80.0,154.0,11.0,15.0,0.5,400.0,0.0,0.0,YNd11,YN,D,0,1.25,0.0,13,1,25,60.0
138/69 kV Arroyo Hondo T1 (200 MVA),,\VM-PF.IntUser\PDD 30-09-2025.IntPrj\Library.IntPrjfolder\Equipment Type Library.IntPrjfolder\Types Transformers\138/69 kV Arroyo Hondo T1 (200 MVA).TypTr2,200.0,138.0,69.0,14.628000259399414,0.5,1000.0,0.0,0.0,YNyn0,YN,YN,0,1.1538000106811523,0.0,11,1,21,60.0
138/69 kV Herrera T1 (70 MVA),,\VM-PF.IntUser\PDD 30-09-2025.IntPrj\Library.IntPrjfolder\Equipment Type Library.IntPrjfolder\Types Transformers\138/69 kV Herrera T1 (70 MVA).TypTr2,70.0,138.0,69.0,10.899999618530273,0.1784999966621399,124.94999694824219,0.0,0.0,YNyn0,YN,YN,0,1.0,0.0,16,1,31,60.0
138/69 kV Dajao T1(150 MVA),,\VM-PF.IntUser\PDD 30-09-2025.IntPrj\Library.IntPrjfolder\Equipment Type Library.IntPrjfolder\Types Transformers\138/69 kV Dajao T1(150 MVA).TypTr2,150.0,138.0,69.0,11.8100004196167,0.18806667625904083,282.1000061035156,26.200000762939453,0.029999999329447746,YNyn0,YN,YN,0,1.0,0.0,12,1,23,60.0
138/69 kV Boca Chica T1 (80 MVA),,\VM-PF.IntUser\PDD 30-09-2025.IntPrj\Library.IntPrjfolder\Equipment Type Library.IntPrjfolder\Types Transformers\138/69 kV Boca Chica T1 (80 MVA).TypTr2,80.0,138.0,69.0,9.899999618530273,0.5,400.0,0.0,0.0,YNyn0,YN,YN,0,1.0,0.0,14,1,27,60.0
138/69 kV Haina,,\VM-PF.IntUser\PDD 30-09-2025.IntPrj\Library.IntPrjfolder\Equipment Type Library.IntPrjfolder\Types Transformers\138/69 kV Haina.TypTr2,150.0,138.0,69.0,12.369999885559082,0.5,750.0,0.0,0.0,YNyn0,YN,YN,0,1.0,0.0,12,1,23,60.0
138/69 kV Villa Duarte T1 (140 MVA),,\VM-PF.IntUser\PDD 30-09-2025.IntPrj\Library.IntPrjfolder\Equipment Type Library.IntPrjfolder\Types Transformers\138/69 kV Villa Duarte T1 (140 MVA).TypTr2,140.0,138.0,69.0,14.800000190734863,0.1371999979019165,192.0800018310547,0.0,0.0,YNyn0,YN,YN,0,1.2699999809265137,0.0,9,1,16,60.0
138/13.8 kV Trafo Los Mina 6 150 MVA,,\VM-PF.IntUser\PDD 30-09-2025.IntPrj\Library.IntPrjfolder\Equipment Type Library.IntPrjfolder\Types Transformers\138/13.8 kV Trafo Los Mina 6 150 MVA.TypTr2,150.0,138.0,13.800000190734863,16.520000457763672,0.19499999284744263,292.5,0.0,0.0,YNd1,YN,D,0,2.5,0.0,0,-2,2,60.0
138/13.8 kV Trafo AES Andrés TV 141 MVA,,\VM-PF.IntUser\PDD 30-09-2025.IntPrj\Library.IntPrjfolder\Equipment Type Library.IntPrjfolder\Types Transformers\138/13.8 kV Trafo AES Andrés TV 141 MVA.TypTr2,141.0,138.0,13.800000190734863,16.65999984741211,0.389361709356308,549.0,0.0,0.0,YNd1,YN,D,0,2.5,0.0,0,-2,2,60.0
138/19 kV Trafo AES Andrés TG 264 MVA,,\VM-PF.IntUser\PDD 30-09-2025.IntPrj\Library.IntPrjfolder\Equipment Type Library.IntPrjfolder\Types Transformers\138/19 kV Trafo AES Andrés TG 264 MVA.TypTr2,264.0,138.0,19.0,11.420000076293945,0.5003787875175476,1321.0,0.0,0.0,YNd1,YN,D,0,2.5,0.0,0,-2,2,60.0
138/4.16 kV BESS AES Andrés T1(22.4 MVA),,\VM-PF.IntUser\PDD 30-09-2025.IntPrj\Library.IntPrjfolder\User Defined Models.IntPrjfolder\BESS AES Andrés\Equipment Type Library\138/4.16 kV BESS AES Andrés T1(22.4 MVA).TypTr2,22.440000534057617,138.0,4.159999847412109,10.48390007019043,0.0,0.0,0.0,0.0,Dyn1,D,YN,0,2.5,0.0,0,-6,6,60.0
138/13.8 kV Trafo METALDOM 60 MVA,,\VM-PF.IntUser\PDD 30-09-2025.IntPrj\Library.IntPrjfolder\Equipment Type Library.IntPrjfolder\Types Transformers\138/13.8 kV Trafo METALDOM 60 MVA.TypTr2,60.0,138.0,13.800000190734863,16.492000579833984,0.5,300.0,0.0,0.0,YNd1,YN,D,0,2.5,0.0,0,-2,2,60.0
138/69 kV Timbeque 2 T1(140MVA),,\VM-PF.IntUser\PDD 30-09-2025.IntPrj\Library.IntPrjfolder\Equipment Type Library.IntPrjfolder\Types Transformers\138/69 kV Timbeque 2 T1(140MVA).TypTr2,140.0,138.0,69.0,12.010000228881836,0.1371999979019165,192.0800018310547,0.0,0.0,YNyn0,YN,YN,0,1.0,0.0,16,1,31,60.0
138/13.8 Trafo Los Mina 5 150 MVA,,\VM-PF.IntUser\PDD 30-09-2025.IntPrj\Library.IntPrjfolder\Equipment Type Library.IntPrjfolder\Types Transformers\138/13.8 Trafo Los Mina 5 150 MVA.TypTr2,150.0,138.0,13.800000190734863,17.937000274658203,0.19499999284744263,292.5,0.0,0.0,YNd1,YN,D,0,2.5,0.0,0,-2,2,60.0
138/69 kV Palamara T1 (140 MVA),,\VM-PF.IntUser\PDD 30-09-2025.IntPrj\Library.IntPrjfolder\Equipment Type Library.IntPrjfolder\Types Transformers\138/69 kV Palamara T1 (140 MVA).TypTr2,140.0,138.0,69.0,10.850000381469727,0.17735715210437775,248.3000030517578,0.0,0.0,YNyn0,YN,YN,0,1.0,0.0,12,1,23,60.0
138/69 kV Palamara T2 (200 MVA),,\VM-PF.IntUser\PDD 30-09-2025.IntPrj\Library.IntPrjfolder\Equipment Type Library.IntPrjfolder\Types Transformers\138/69 kV Palamara T2 (200 MVA).TypTr2,200.0,138.0,69.0,15.675000190734863,0.5,1000.0,0.0,0.0,YNyn0,YN,YN,0,1.25,0.0,11,1,21,60.0
138/13.8 kV Trafo EDM2 150 MVA,,\VM-PF.IntUser\PDD 30-09-2025.IntPrj\Library.IntPrjfolder\Equipment Type Library.IntPrjfolder\Types Transformers\138/13.8 kV Trafo EDM2 150 MVA.TypTr2,150.0,138.0,13.800000190734863,14.229999542236328,0.5,750.0,0.0,0.0,YNd11,YN,D,0,1.25,0.0,0,-8,8,60.0
138/34.5 kV WCSP 2 T1(80 MVA),,\VM-PF.IntUser\PDD 30-09-2025.IntPrj\Library.IntPrjfolder\Equipment Type Library.IntPrjfolder\Types Transformers\138/34.5 kV WCSP 2 T1(80 MVA).TypTr2,80.0,138.0,34.5,12.799993515014648,0.5157100558280945,412.56805419921875,0.0,0.0,YNd11,YN,D,0,1.0,0.0,0,-10,10,60.0
138/13. Trafo Los Mina 7 150 MVA,,\VM-PF.IntUser\PDD 30-09-2025.IntPrj\Library.IntPrjfolder\Equipment Type Library.IntPrjfolder\Types Transformers\138/13. Trafo Los Mina 7 150 MVA.TypTr2,150.0,138.0,13.800000190734863,16.950000762939453,0.3012533187866211,451.8800048828125,58.13999938964844,0.041999999433755875,YNd1,YN,D,0,2.5,0.0,0,-2,2,60.0
138/69 kV Autotr Metropolitano 125 MVA,,\VM-PF.IntUser\PDD 30-09-2025.IntPrj\Library.IntPrjfolder\Equipment Type Library.IntPrjfolder\Types Transformers\138/69 kV Autotr Metropolitano 125 MVA.TypTr2,125.0,138.0,69.0,12.399999618530273,0.5,625.0,0.0,0.0,YNyn0,YN,YN,0,1.0,0.0,12,1,23,60.0
138/34.5 kV La Victoria (80 MVA),,\VM-PF.IntUser\PDD 30-09-2025.IntPrj\Library.IntPrjfolder\Equipment Type Library.IntPrjfolder\Types Transformers\138/34.5 kV La Victoria (80 MVA).TypTr2,80.0,138.0,34.5,12.799993515014648,0.5157100558280945,412.56805419921875,0.0,0.0,YNd11,YN,D,0,1.0,0.0,0,-10,10,60.0
138/34.5 kV Trafo Mirasol 120 MVA,,\VM-PF.IntUser\PDD 30-09-2025.IntPrj\Library.IntPrjfolder\Equipment Type Library.IntPrjfolder\Types Transformers\138/34.5 kV Trafo Mirasol 120 MVA.TypTr2,120.0,138.0,34.5,11.987384796142578,0.2199999988079071,264.0,0.0,0.0,YNd11,YN,D,0,1.0,0.0,0,-10,10,60.0
138/13.8 kV Trafo SIBA 42 MVA,,\VM-PF.IntUser\PDD 30-09-2025.IntPrj\Library.IntPrjfolder\Equipment Type Library.IntPrjfolder\Types Transformers\138/13.8 kV Trafo SIBA 42 MVA.TypTr2,42.0,138.0,13.800000190734863,12.75,0.25733333826065063,108.08000183105469,26.554000854492188,0.10000000149011612,YNd1,YN,D,0,2.5,0.0,0,-2,2,60.0
145/13.8 kV Trafo SIBA 48 MVA,,\VM-PF.IntUser\PDD 30-09-2025.IntPrj\Library.IntPrjfolder\Equipment Type Library.IntPrjfolder\Types Transformers\145/13.8 kV Trafo SIBA 48 MVA.TypTr2,48.0,145.0,13.800000190734863,11.600000381469727,0.32913124561309814,157.98300170898438,36.76499938964844,0.17000000178813934,YNd1,YN,D,0,2.5,0.0,0,-2,2,60.0
138/13.8 kV Trafo SIBA 65 MVA,,\VM-PF.IntUser\PDD 30-09-2025.IntPrj\Library.IntPrjfolder\Equipment Type Library.IntPrjfolder\Types Transformers\138/13.8 kV Trafo SIBA 65 MVA.TypTr2,65.0,138.0,13.800000190734863,16.670000076293945,0.4307692348957062,280.0,0.0,0.0,YNd1,YN,D,0,2.5,0.0,0,-2,2,60.0
138/4.16 SA PE Los Mina T1(20MVA),,\VM-PF.IntUser\PDD 30-09-2025.IntPrj\Library.IntPrjfolder\Equipment Type Library.IntPrjfolder\Types Transformers\138/4.16 SA PE Los Mina T1(20MVA).TypTr2,20.0,138.0,4.159999847412109,8.299957275390625,0.41850000619888306,83.69999694824219,0.0,0.0,Dyn1,D,YN,0,2.5,0.0,0,-15,15,60.0
69/13.8 kV Trafo Pinalito 30.12 MVA,,\VM-PF.IntUser\PDD 30-09-2025.IntPrj\Library.IntPrjfolder\Equipment Type Library.IntPrjfolder\Types Transformers\69/13.8 kV Trafo Pinalito 30.12 MVA.TypTr2,30.1200008392334,69.0,13.800000190734863,10.0,0.5296414494514465,159.5279998779297,0.0,0.0,YNd1,YN,D,0,2.5,0.0,0,-2,2,60.0
69/13.8 kV Trafo Río Blanco 15 MVA,,\VM-PF.IntUser\PDD 30-09-2025.IntPrj\Library.IntPrjfolder\Equipment Type Library.IntPrjfolder\Types Transformers\69/13.8 kV Trafo Río Blanco 15 MVA.TypTr2,15.0,69.0,13.800000190734863,10.0,1.0635199546813965,159.5279998779297,0.0,0.0,YNd1,YN,D,0,2.0,0.0,0,-4,5,60.0
69/12.5 kV Trafo Rincón 10.1 MVA,,\VM-PF.IntUser\PDD 30-09-2025.IntPrj\Library.IntPrjfolder\Equipment Type Library.IntPrjfolder\Types Transformers\69/12.5 kV Trafo Rincón 10.1 MVA.TypTr2,10.100000381469727,69.0,12.5,8.037819862365723,1.1789108514785767,119.06999969482422,0.0,0.0,YNd1,YN,D,0,2.5,0.0,0,-2,2,60.0
69/4.16 kV Trafo Boba 1.25 MVA,,\VM-PF.IntUser\PDD 30-09-2025.IntPrj\Library.IntPrjfolder\Equipment Type Library.IntPrjfolder\Types Transformers\69/4.16 kV Trafo Boba 1.25 MVA.TypTr2,1.25,69.0,4.159999847412109,4.699999809265137,0.4000000059604645,5.0,0.0,0.0,YNd1,YN,D,0,2.5,0.0,0,-2,2,60.0
69/12.5 Trafo El Salto 14 MVA,,\VM-PF.IntUser\PDD 30-09-2025.IntPrj\Library.IntPrjfolder\Equipment Type Library.IntPrjfolder\Types Transformers\69/12.5 Trafo El Salto 14 MVA.TypTr2,14.0,69.0,12.5,10.0,0.5,70.0,0.0,0.0,YNd1,YN,D,0,2.5,0.0,0,-2,2,60.0
69/13.8 kV Trafo La Vega G1 69 MVA,,\VM-PF.IntUser\PDD 30-09-2025.IntPrj\Library.IntPrjfolder\Equipment Type Library.IntPrjfolder\Types Transformers\69/13.8 kV Trafo La Vega G1 69 MVA.TypTr2,69.0,69.0,13.800000190734863,13.166000366210938,0.695652186870575,480.0,0.0,0.0,YNd11,YN,D,0,1.25,0.0,0,-8,8,60.0
69/13.8 kV Trafo La Vega G2 69 MVA,,\VM-PF.IntUser\PDD 30-09-2025.IntPrj\Library.IntPrjfolder\Equipment Type Library.IntPrjfolder\Types Transformers\69/13.8 kV Trafo La Vega G2 69 MVA.TypTr2,69.0,69.0,13.800000190734863,13.050000190734863,0.695652186870575,480.0,0.0,0.0,YNd11,YN,D,0,1.25,0.0,0,-8,8,60.0
69/12.5 kV Trafo Aniana Vargas 0.8 MVA,,\VM-PF.IntUser\PDD 30-09-2025.IntPrj\Library.IntPrjfolder\Equipment Type Library.IntPrjfolder\Types Transformers\69/12.5 kV Trafo Aniana Vargas 0.8 MVA.TypTr2,0.800000011920929,69.0,12.5,10.0,0.5,4.0,0.0,0.0,YNd1,YN,D,0,2.5,0.0,0,-2,2,60.0
69/12.5 kV Trafo Hatillo 1 10.7 MVA,,\VM-PF.IntUser\PDD 30-09-2025.IntPrj\Library.IntPrjfolder\Equipment Type Library.IntPrjfolder\Types Transformers\69/12.5 kV Trafo Hatillo 1 10.7 MVA.TypTr2,10.699999809265137,69.0,12.5,8.262280464172363,0.4195420444011688,44.89099884033203,0.0,0.0,YNd1,YN,D,0,1.5,0.0,0,-4,4,60.0
69/12.5 kV Trafo Hatillo 2 14 MVA,,\VM-PF.IntUser\PDD 30-09-2025.IntPrj\Library.IntPrjfolder\Equipment Type Library.IntPrjfolder\Types Transformers\69/12.5 kV Trafo Hatillo 2 14 MVA.TypTr2,24.0,69.0,13.800000190734863,10.0,0.34166666865348816,82.0,13.5,0.4000000059604645,YNd11,YN,D,0,0.625,0.0,0,-16,16,60.0
69/13.8 kV Trafo Brazo Derecho 4 MVA,,\VM-PF.IntUser\PDD 30-09-2025.IntPrj\Library.IntPrjfolder\Equipment Type Library.IntPrjfolder\Types Transformers\69/13.8 kV Trafo Brazo Derecho 4 MVA.TypTr2,4.0,69.0,13.800000190734863,8.0,0.800000011920929,32.0,6.5,0.699999988079071,YNd1,YN,D,0,2.5,0.0,0,-2,2,60.0
