loc_name,for_name,ruta,barra(bus1),barra(bus1)_for,barra(bus1)_id,outserv,cpZone,cpArea,cpGrid,cCategory,cpSubstat,GPSlat,GPSlon,Inom,ngnum,sgn,cosn,pgini,qgini,usetp,av_mode,ip_ctrl,Pmax_uc,Pmin_uc,q_max,q_min,P_max,scale0,mode_inp,phtech,bustp,phiini
Monte Plata Solar,G3MPSOLA,\VM-PF.IntUser\PDD 30-09-2025.IntPrj\Network Model.IntPrjfolder\Network Data.IntPrjfolder\ESTE 69 kV.ElmNet\Monte Plata Solar.ElmSite\Monte Plata Solar.ElmGenstat,5,,\VM-PF.IntUser\PDD 30-09-2025.IntPrj\Network Model.IntPrjfolder\Network Data.IntPrjfolder\ESTE 69 kV.ElmNet\Monte Plata Solar.ElmSite\ZMPSOK.ElmSubstat\5.ElmTerm,1,ESTE CERCANO,ESTE,ESTE 69 kV,Photovoltaic,,0.0,0.0,1.7320507764816284,1,60.0,1.0,0.0,0.0,1.0499999523162842,constv,0,60.0,0.0,0.662857174873352,-0.662857174873352,60.0,1.0,DEF,0,PV,0.0
SA 1 EDM3,G7EMAR31,\VM-PF.IntUser\PDD 30-09-2025.IntPrj\Network Model.IntPrjfolder\Network Data.IntPrjfolder\CENTRAL 69 kV.ElmNet\EDM 3.ElmSite\SA 1 EDM3.ElmGenstat,Terminal EDM3 TG1,WEM31K,\VM-PF.IntUser\PDD 30-09-2025.IntPrj\Network Model.IntPrjfolder\Network Data.IntPrjfolder\CENTRAL 69 kV.ElmNet\EDM 3.ElmSite\Terminal EDM3 TG1.ElmTerm,1,DISTRITO NACIONAL,CENTRAL,CENTRAL 69 kV,Storage,,0.0,0.0,0.10459243506193161,1,2.5,1.0,1.000000013351432e-10,0.0,1.0,constq,0,2.5,0.0,1.0,-1.0,2.5,1.0,PC,0,PQ,0.0
SA 2 EDM3,G7EMAR32,\VM-PF.IntUser\PDD 30-09-2025.IntPrj\Network Model.IntPrjfolder\Network Data.IntPrjfolder\CENTRAL 69 kV.ElmNet\EDM 3.ElmSite\SA 2 EDM3.ElmGenstat,Terminal EDM3 TG2,WEM32K,\VM-PF.IntUser\PDD 30-09-2025.IntPrj\Network Model.IntPrjfolder\Network Data.IntPrjfolder\CENTRAL 69 kV.ElmNet\EDM 3.ElmSite\Terminal EDM3 TG2.ElmTerm,1,DISTRITO NACIONAL,CENTRAL,CENTRAL 69 kV,Storage,,0.0,0.0,0.10459243506193161,1,2.5,1.0,1.000000013351432e-10,0.0,1.0,constq,0,2.5,0.0,1.0,-1.0,2.5,1.0,PC,0,PQ,0.0
Mata de Palma Solar,G3PFMPAL,\VM-PF.IntUser\PDD 30-09-2025.IntPrj\Network Model.IntPrjfolder\Network Data.IntPrjfolder\CENTRAL 69 kV.ElmNet\Mata de Palma.ElmSite\Mata de Palma Solar.ElmGenstat,Terminal Mata de Palma,WMPALK,\VM-PF.IntUser\PDD 30-09-2025.IntPrj\Network Model.IntPrjfolder\Network Data.IntPrjfolder\CENTRAL 69 kV.ElmNet\Mata de Palma.ElmSite\Terminal Mata de Palma.ElmTerm,1,SANTO DOMINGO,CENTRAL,CENTRAL 69 kV,Photovoltaic,,0.0,0.0,0.8346476554870605,21,2.375,1.0,0.0,0.0,1.0,constq,0,2.375,0.0,2.0,-2.0,2.375,1.0,DEF,0,PQ,0.0
PF Martí,G3PFMART,\VM-PF.IntUser\PDD 30-09-2025.IntPrj\Network Model.IntPrjfolder\Network Data.IntPrjfolder\CENTRAL 69 kV.ElmNet\Martí.ElmSite\PF Martí.ElmGenstat,Terminal Martí,WMARTK,\VM-PF.IntUser\PDD 30-09-2025.IntPrj\Network Model.IntPrjfolder\Network Data.IntPrjfolder\CENTRAL 69 kV.ElmNet\Martí.ElmSite\Terminal Martí.ElmTerm,1,SANTO DOMINGO,CENTRAL,CENTRAL 69 kV,Photovoltaic,,0.0,0.0,0.7195959687232971,8,5.375,1.0,0.0,0.0,1.0,constq,0,5.375,0.0,0.662857174873352,-0.662857174873352,5.912499904632568,1.0,DEF,0,PQ,0.0
PF Maranatha,G3PFMARA,\VM-PF.IntUser\PDD 30-09-2025.IntPrj\Network Model.IntPrjfolder\Network Data.IntPrjfolder\CENTRAL 69 kV.ElmNet\Maranatha.ElmSite\PF Maranatha.ElmGenstat,Terminal Maranatha,WMARAK,\VM-PF.IntUser\PDD 30-09-2025.IntPrj\Network Model.IntPrjfolder\Network Data.IntPrjfolder\CENTRAL 69 kV.ElmNet\Maranatha.ElmSite\Terminal Maranatha.ElmTerm,1,SANTO DOMINGO,CENTRAL,CENTRAL 69 kV,Photovoltaic,,0.0,0.0,0.41836974024772644,2,5.0,1.0,0.0,0.0,1.0,constq,0,5.0,0.0,0.662857174873352,-0.662857174873352,5.5,1.0,DEF,0,PQ,0.0
PF Cumayasa 4,G4PFCUM4,\VM-PF.IntUser\PDD 30-09-2025.IntPrj\Network Model.IntPrjfolder\Network Data.IntPrjfolder\ESTE 138 kV.ElmNet\Cumayasa.ElmSite\PF Cumayasa 4.ElmGenstat,Terminal Cumayasa 4,WXCU4K,\VM-PF.IntUser\PDD 30-09-2025.IntPrj\Network Model.IntPrjfolder\Network Data.IntPrjfolder\ESTE 138 kV.ElmNet\Cumayasa.ElmSite\Terminal Cumayasa 4.ElmTerm,1,ESTE PROFUNDO,ESTE,ESTE 138 kV,Photovoltaic,,0.0,0.0,0.8367395401000977,8,6.25,1.0,0.0,0.0,1.0,constq,0,6.25,0.0,0.6600000262260437,-0.6600000262260437,6.25,1.0,DEF,0,PQ,0.0
PF Cumayasa 2,G3PFCUM2,\VM-PF.IntUser\PDD 30-09-2025.IntPrj\Network Model.IntPrjfolder\Network Data.IntPrjfolder\ESTE 138 kV.ElmNet\Cumayasa.ElmSite\PF Cumayasa 2.ElmGenstat,Terminal PF Cumayasa 2,WXCU2K,\VM-PF.IntUser\PDD 30-09-2025.IntPrj\Network Model.IntPrjfolder\Network Data.IntPrjfolder\ESTE 138 kV.ElmNet\Cumayasa.ElmSite\Terminal PF Cumayasa 2.ElmTerm,1,ESTE PROFUNDO,ESTE,ESTE 138 kV,Photovoltaic,,0.0,0.0,0.5020437240600586,5,6.0,1.0,0.0,0.0,1.0,constq,0,6.0,0.0,1.0,-1.0,6.0,1.0,PQ,0,PQ,0.0
PF Cumayasa 1,G3PFCUM1,\VM-PF.IntUser\PDD 30-09-2025.IntPrj\Network Model.IntPrjfolder\Network Data.IntPrjfolder\ESTE 138 kV.ElmNet\Cumayasa.ElmSite\PF Cumayasa 1.ElmGenstat,Terminal PF Cumayasa 1,WXCU1K,\VM-PF.IntUser\PDD 30-09-2025.IntPrj\Network Model.IntPrjfolder\Network Data.IntPrjfolder\ESTE 138 kV.ElmNet\Cumayasa.ElmSite\Terminal PF Cumayasa 1.ElmTerm,1,ESTE PROFUNDO,ESTE,ESTE 138 kV,Photovoltaic,,0.0,0.0,0.8374089002609253,9,5.559999942779541,1.0,0.0,0.0,1.0,constq,0,5.559999942779541,0.0,0.6666666865348816,-0.6666666865348816,5.559999942779541,1.0,DEF,0,PQ,0.0
El Soco,G3ESOCO,\VM-PF.IntUser\PDD 30-09-2025.IntPrj\Network Model.IntPrjfolder\Network Data.IntPrjfolder\ESTE 138 kV.ElmNet\El Soco.ElmSite\El Soco.ElmGenstat,Terminal Parque Solar El Soco,WXESOK,\VM-PF.IntUser\PDD 30-09-2025.IntPrj\Network Model.IntPrjfolder\Network Data.IntPrjfolder\ESTE 138 kV.ElmNet\El Soco.ElmSite\Terminal Parque Solar El Soco.ElmTerm,1,ESTE PROFUNDO,ESTE,ESTE 138 kV,Photovoltaic,,0.0,0.0,0.8780744671821594,11,4.769999980926514,1.0,0.0,0.0,1.0,constq,0,4.769999980926514,0.0,1.0,-1.0,4.769999980926514,1.0,DEF,0,PQ,0.0
PF Cotoperí 1,G3PFCOT1,\VM-PF.IntUser\PDD 30-09-2025.IntPrj\Network Model.IntPrjfolder\Network Data.IntPrjfolder\ESTE 138 kV.ElmNet\Cotoperí.ElmSite\PF Cotoperí 1.ElmGenstat,Terminal PF Cotoperí 1,WCSO1K,\VM-PF.IntUser\PDD 30-09-2025.IntPrj\Network Model.IntPrjfolder\Network Data.IntPrjfolder\ESTE 138 kV.ElmNet\Cotoperí.ElmSite\Terminal PF Cotoperí 1.ElmTerm,1,ESTE PROFUNDO,ESTE,ESTE 138 kV,Photovoltaic,,0.0,0.0,0.8042740225791931,8,6.007500171661377,1.0,0.0,0.0,1.0,constq,0,6.007500171661377,0.0,0.662857174873352,-0.662857174873352,6.007500171661377,1.0,DEF,0,PQ,0.0
PF Cotoperí 2,G3PFCOT2,\VM-PF.IntUser\PDD 30-09-2025.IntPrj\Network Model.IntPrjfolder\Network Data.IntPrjfolder\ESTE 138 kV.ElmNet\Cotoperí.ElmSite\PF Cotoperí 2.ElmGenstat,Terminal PF Cotoperí 2,WCSO2K,\VM-PF.IntUser\PDD 30-09-2025.IntPrj\Network Model.IntPrjfolder\Network Data.IntPrjfolder\ESTE 138 kV.ElmNet\Cotoperí.ElmSite\Terminal PF Cotoperí 2.ElmTerm,1,ESTE PROFUNDO,ESTE,ESTE 138 kV,Photovoltaic,,0.0,0.0,0.8042740225791931,8,6.007500171661377,1.0,0.0,0.0,1.0,constq,0,6.007500171661377,0.0,0.662857174873352,-0.662857174873352,6.007500171661377,1.0,DEF,0,PQ,0.0
PF Cotoperí 3,G3PFCOT3,\VM-PF.IntUser\PDD 30-09-2025.IntPrj\Network Model.IntPrjfolder\Network Data.IntPrjfolder\ESTE 138 kV.ElmNet\Cotoperí.ElmSite\PF Cotoperí 3.ElmGenstat,Terminal PF Cotoperí 3,WCSO3K,\VM-PF.IntUser\PDD 30-09-2025.IntPrj\Network Model.IntPrjfolder\Network Data.IntPrjfolder\ESTE 138 kV.ElmNet\Cotoperí.ElmSite\Terminal PF Cotoperí 3.ElmTerm,1,ESTE PROFUNDO,ESTE,ESTE 138 kV,Photovoltaic,,0.0,0.0,0.8042740225791931,8,6.007500171661377,1.0,0.0,0.0,1.0,constq,0,6.007500171661377,0.0,0.662857174873352,-0.662857174873352,6.007500171661377,1.0,DEF,0,PQ,0.0
PF Coastal G2,G4PFCOA2,\VM-PF.IntUser\PDD 30-09-2025.IntPrj\Network Model.IntPrjfolder\Network Data.IntPrjfolder\ESTE 138 kV.ElmNet\Coastal.ElmSite\PF Coastal G2.ElmGenstat,Terminal Coastal 2,WCOA2K,\VM-PF.IntUser\PDD 30-09-2025.IntPrj\Network Model.IntPrjfolder\Network Data.IntPrjfolder\ESTE 138 kV.ElmNet\Coastal.ElmSite\Terminal Coastal 2.ElmTerm,1,ESTE CERCANO,ESTE,ESTE 138 kV,Photovoltaic,,0.0,0.0,0.8496587872505188,6,8.461999893188477,1.0,0.0,0.0,1.0,constq,0,8.461999893188477,0.0,0.662857174873352,-0.662857174873352,8.461999893188477,1.0,DEF,0,PQ,0.0
PF Coastal G1,G4PFCOA1,\VM-PF.IntUser\PDD 30-09-2025.IntPrj\Network Model.IntPrjfolder\Network Data.IntPrjfolder\ESTE 138 kV.ElmNet\Coastal.ElmSite\PF Coastal G1.ElmGenstat,Terminal Coastal,WCOA1K,\VM-PF.IntUser\PDD 30-09-2025.IntPrj\Network Model.IntPrjfolder\Network Data.IntPrjfolder\ESTE 138 kV.ElmNet\Coastal.ElmSite\Terminal Coastal.ElmTerm,1,ESTE CERCANO,ESTE,ESTE 138 kV,Photovoltaic,,0.0,0.0,0.9912685751914978,7,8.461999893188477,1.0,0.0,0.0,1.0,constq,0,8.461999893188477,0.0,0.662857174873352,-0.662857174873352,8.461999893188477,1.0,DEF,0,PQ,0.0
Parque Fotovoltaico SAJOMA,G3PFSAJO,\VM-PF.IntUser\PDD 30-09-2025.IntPrj\Network Model.IntPrjfolder\Network Data.IntPrjfolder\NORTE 138 kV.ElmNet\SAJOMA.ElmSite\Parque Fotovoltaico SAJOMA.ElmGenstat,Terminal PF SAJOMA,WXPFSK,\VM-PF.IntUser\PDD 30-09-2025.IntPrj\Network Model.IntPrjfolder\Network Data.IntPrjfolder\NORTE 138 kV.ElmNet\SAJOMA.ElmSite\Terminal PF SAJOMA.ElmTerm,1,CIBAO NORTE,NORTE,NORTE 138 kV,Photovoltaic,,0.0,0.0,1.1446596384048462,9,7.599999904632568,1.0,0.0,0.0,1.0,constq,0,7.599999904632568,0.0,0.662857174873352,-0.662857174873352,7.600000381469727,1.0,DEF,0,PQ,0.0
Monte Cristi Solar Grupo 2,G4PFMSO2,\VM-PF.IntUser\PDD 30-09-2025.IntPrj\Network Model.IntPrjfolder\Network Data.IntPrjfolder\NORTE 138 kV.ElmNet\Monte Cristi Solar.ElmSite\Monte Cristi Solar Grupo 2.ElmGenstat,R3,,\VM-PF.IntUser\PDD 30-09-2025.IntPrj\Network Model.IntPrjfolder\Network Data.IntPrjfolder\NORTE 138 kV.ElmNet\Monte Cristi Solar.ElmSite\ZPFMSK.ElmSubstat\R3.ElmTerm,1,CIBAO NOROESTE,NORTE,NORTE 138 kV,Photovoltaic,,0.0,0.0,0.7621024250984192,12,2.200000047683716,1.0,0.0,0.0,1.0,constq,0,2.200000047683716,0.0,1.0,-1.0,2.200000047683716,1.0,DEF,0,PQ,0.0
Monte Cristi Solar Grupo 1,G4PFMSO1,\VM-PF.IntUser\PDD 30-09-2025.IntPrj\Network Model.IntPrjfolder\Network Data.IntPrjfolder\NORTE 138 kV.ElmNet\Monte Cristi Solar.ElmSite\Monte Cristi Solar Grupo 1.ElmGenstat,L3,,\VM-PF.IntUser\PDD 30-09-2025.IntPrj\Network Model.IntPrjfolder\Network Data.IntPrjfolder\NORTE 138 kV.ElmNet\Monte Cristi Solar.ElmSite\ZPFMSK.ElmSubstat\L3.ElmTerm,1,CIBAO NOROESTE,NORTE,NORTE 138 kV,Photovoltaic,,0.0,0.0,0.6985938549041748,11,2.200000047683716,1.0,0.0,0.0,1.0,constq,0,2.200000047683716,0.0,1.0,-1.0,2.200000047683716,1.0,DEF,0,PQ,0.0
Agua Clara,G3PEACLA,\VM-PF.IntUser\PDD 30-09-2025.IntPrj\Network Model.IntPrjfolder\Network Data.IntPrjfolder\NORTE 138 kV.ElmNet\Agua Clara.ElmSite\Agua Clara.ElmGenstat,Terminal Agua Clara,WACLAK,\VM-PF.IntUser\PDD 30-09-2025.IntPrj\Network Model.IntPrjfolder\Network Data.IntPrjfolder\NORTE 138 kV.ElmNet\Agua Clara.ElmSite\Terminal Agua Clara.ElmTerm,0,CIBAO NOROESTE,NORTE,NORTE 138 kV,Wind,,0.0,0.0,0.8785764575004578,25,2.0999999046325684,1.0,0.0560000017285347,0.0,1.0,constq,0,2.2100000381469727,0.0,1.0,-1.0,2.0999999046325684,1.0,PQ,0,PQ,0.0
Guanillo,G3PEGUAN,\VM-PF.IntUser\PDD 30-09-2025.IntPrj\Network Model.IntPrjfolder\Network Data.IntPrjfolder\NORTE 138 kV.ElmNet\Guanillo.ElmSite\Guanillo.ElmGenstat,Terminal Guanillo,WGNLLK,\VM-PF.IntUser\PDD 30-09-2025.IntPrj\Network Model.IntPrjfolder\Network Data.IntPrjfolder\NORTE 138 kV.ElmNet\Guanillo.ElmSite\Terminal Guanillo.ElmTerm,0,CIBAO NOROESTE,NORTE,NORTE 138 kV,Wind,,0.0,0.0,0.9245971441268921,25,2.2100000381469727,0.949999988079071,0.06080000102519989,0.0,1.0,constq,0,2.2100000381469727,0.0,1.0,-1.0,2.0994999408721924,1.0,DEF,0,PQ,0.0
Los Guzmancito,G3PELGUZ,\VM-PF.IntUser\PDD 30-09-2025.IntPrj\Network Model.IntPrjfolder\Network Data.IntPrjfolder\NORTE 138 kV.ElmNet\Los Guzmancito.ElmSite\Los Guzmancito.ElmGenstat,Terminal Los Guzmancito,WLGUZK,\VM-PF.IntUser\PDD 30-09-2025.IntPrj\Network Model.IntPrjfolder\Network Data.IntPrjfolder\NORTE 138 kV.ElmNet\Los Guzmancito.ElmSite\Terminal Los Guzmancito.ElmTerm,0,CIBAO NORTE,NORTE,NORTE 138 kV,Wind,,0.0,0.0,0.8534743189811707,17,3.0,1.0,0.060589998960494995,0.0,1.0,constq,0,3.5,0.0,1.0,-1.0,3.0,1.0,DEF,0,PQ,0.0
Los Guzmancito 2,G3PELGU2,\VM-PF.IntUser\PDD 30-09-2025.IntPrj\Network Model.IntPrjfolder\Network Data.IntPrjfolder\NORTE 138 kV.ElmNet\Los Guzmancito.ElmSite\Los Guzmancito 2.ElmGenstat,Terminal Los Guzmancito 2,WLGU2K,\VM-PF.IntUser\PDD 30-09-2025.IntPrj\Network Model.IntPrjfolder\Network Data.IntPrjfolder\NORTE 138 kV.ElmNet\Los Guzmancito.ElmSite\Terminal Los Guzmancito 2.ElmTerm,0,CIBAO NORTE,NORTE,NORTE 138 kV,Wind,,0.0,0.0,0.7831881642341614,13,3.5999999046325684,1.0,0.04385000094771385,0.0,1.0,constq,0,4.0,0.0,0.514285683631897,-0.514285683631897,3.5999999046325684,1.0,DEF,0,PQ,0.0
Parque Fotovoltaico MATRISOL,G3PFMATR,\VM-PF.IntUser\PDD 30-09-2025.IntPrj\Network Model.IntPrjfolder\Network Data.IntPrjfolder\NORTE 138 kV.ElmNet\Matrisol.ElmSite\Parque Fotovoltaico MATRISOL.ElmGenstat,Terminal MATRISOL,WXMATK,\VM-PF.IntUser\PDD 30-09-2025.IntPrj\Network Model.IntPrjfolder\Network Data.IntPrjfolder\NORTE 138 kV.ElmNet\Matrisol.ElmSite\Terminal MATRISOL.ElmTerm,1,CIBAO NOROESTE,NORTE,NORTE 138 kV,Photovoltaic,,0.0,0.0,0.8375763297080994,11,4.550000190734863,1.0,0.0,0.0,1.0,constq,0,4.550000190734863,0.0,1.0,-1.0,4.550000190734863,1.0,PQ,0,PQ,0.0
PS Esperanza,G3PSESPE,\VM-PF.IntUser\PDD 30-09-2025.IntPrj\Network Model.IntPrjfolder\Network Data.IntPrjfolder\NORTE 138 kV.ElmNet\Esperanza.ElmSite\PS Esperanza.ElmGenstat,Terminal 1 Parque Solar Esperanza,WXPS1K,\VM-PF.IntUser\PDD 30-09-2025.IntPrj\Network Model.IntPrjfolder\Network Data.IntPrjfolder\NORTE 138 kV.ElmNet\Esperanza.ElmSite\Terminal 1 Parque Solar Esperanza.ElmTerm,1,CIBAO NORTE,NORTE,NORTE 138 kV,Photovoltaic,,0.0,0.0,1.3223830461502075,18,4.389999866485596,0.9599999785423279,0.0,0.0,1.0,constq,0,4.389999866485596,0.0,1.837129831314087,-1.837129831314087,4.214399814605713,1.0,PQ,0,PQ,0.0
Solar Canoa,G3SCANOA,\VM-PF.IntUser\PDD 30-09-2025.IntPrj\Network Model.IntPrjfolder\Network Data.IntPrjfolder\SUR 69 kV.ElmNet\Canoa Solar.ElmSite\Solar Canoa.ElmGenstat,Terminal Canoa Solar,WSCANK,\VM-PF.IntUser\PDD 30-09-2025.IntPrj\Network Model.IntPrjfolder\Network Data.IntPrjfolder\SUR 69 kV.ElmNet\Canoa Solar.ElmSite\Terminal Canoa Solar.ElmTerm,1,SUR PROFUNDO,SUR,SUR 69 kV,Photovoltaic,,0.0,0.0,0.4859783351421356,8,3.630000114440918,1.0,0.0,0.0,1.0,constq,0,3.630000114440918,0.0,1.0,-1.0,3.630000114440918,1.0,PQ,0,PQ,0.0
PF Lucila,G3PFLUCI,\VM-PF.IntUser\PDD 30-09-2025.IntPrj\Network Model.IntPrjfolder\Network Data.IntPrjfolder\SUR 69 kV.ElmNet\Lucila.ElmSite\PF Lucila.ElmGenstat,Terminal Lucila,WXLUCK,\VM-PF.IntUser\PDD 30-09-2025.IntPrj\Network Model.IntPrjfolder\Network Data.IntPrjfolder\SUR 69 kV.ElmNet\Lucila.ElmSite\Terminal Lucila.ElmTerm,1,SUR CERCANO,SUR,SUR 69 kV,Photovoltaic,,0.0,0.0,0.1723683476448059,2,5.150000095367432,1.0,0.0,0.0,1.0,constq,0,5.150000095367432,0.0,0.6342857480049133,-0.6342857480049133,5.252999782562256,1.0,PQ,0,PQ,0.0
Los Cocos 2,G3LCOCO2,\VM-PF.IntUser\PDD 30-09-2025.IntPrj\Network Model.IntPrjfolder\Network Data.IntPrjfolder\SUR 138 kV.ElmNet\Los Cocos.ElmSite\Los Cocos 2.ElmGenstat,R2,,\VM-PF.IntUser\PDD 30-09-2025.IntPrj\Network Model.IntPrjfolder\Network Data.IntPrjfolder\SUR 138 kV.ElmNet\Los Cocos.ElmSite\ZLCOCK.ElmSubstat\R2.ElmTerm,0,SUR PROFUNDO,SUR,SUR 138 kV,Wind,,0.0,0.0,0.8702090978622437,26,2.0,1.0,0.030379999428987503,3.7975775302179215e-11,1.0,constq,0,2.0,0.0,1.0,-1.0,2.0,1.0,DEF,0,PQ,0.0
Quilvio Cabrera,G3QCABRE,\VM-PF.IntUser\PDD 30-09-2025.IntPrj\Network Model.IntPrjfolder\Network Data.IntPrjfolder\SUR 138 kV.ElmNet\Los Cocos.ElmSite\Quilvio Cabrera.ElmGenstat,L3,,\VM-PF.IntUser\PDD 30-09-2025.IntPrj\Network Model.IntPrjfolder\Network Data.IntPrjfolder\SUR 138 kV.ElmNet\Los Cocos.ElmSite\ZLCOCK.ElmSubstat\L3.ElmTerm,0,SUR PROFUNDO,SUR,SUR 138 kV,Wind,,0.0,0.0,0.1380620151758194,5,1.649999976158142,1.0,0.0820000022649765,5.007656442290731e-11,1.0,constq,0,1.649999976158142,0.0,1.0,-1.0,1.649999976158142,1.0,DEF,0,PQ,0.0
Juancho Los Cocos 1,G3JCOCO1,\VM-PF.IntUser\PDD 30-09-2025.IntPrj\Network Model.IntPrjfolder\Network Data.IntPrjfolder\SUR 138 kV.ElmNet\Los Cocos.ElmSite\Juancho Los Cocos 1.ElmGenstat,L4,,\VM-PF.IntUser\PDD 30-09-2025.IntPrj\Network Model.IntPrjfolder\Network Data.IntPrjfolder\SUR 138 kV.ElmNet\Los Cocos.ElmSite\ZLCOCK.ElmSubstat\L4.ElmTerm,0,SUR PROFUNDO,SUR,SUR 138 kV,Wind,,0.0,0.0,0.7831881642341614,26,1.7999999523162842,1.0,0.01768999919295311,7.080901143208251e-11,1.0,constq,0,2.0,0.0,1.0,-1.0,1.7999999523162842,1.0,DEF,0,PQ,0.0
Larimar,G3PELARI,\VM-PF.IntUser\PDD 30-09-2025.IntPrj\Network Model.IntPrjfolder\Network Data.IntPrjfolder\SUR 138 kV.ElmNet\Los Cocos.ElmSite\Larimar.ElmGenstat,L2,,\VM-PF.IntUser\PDD 30-09-2025.IntPrj\Network Model.IntPrjfolder\Network Data.IntPrjfolder\SUR 138 kV.ElmNet\Los Cocos.ElmSite\ZLARIK.ElmSubstat\L2.ElmTerm,0,SUR PROFUNDO,SUR,SUR 138 kV,Wind,,0.0,0.0,0.8283721208572388,15,3.299999952316284,1.0,0.29267001152038574,3.7975775302179215e-11,1.0,constq,0,3.299999952316284,0.0,1.0,-1.0,3.299999952316284,1.0,DEF,0,PQ,0.0
Larimar 2,G3PELAR2,\VM-PF.IntUser\PDD 30-09-2025.IntPrj\Network Model.IntPrjfolder\Network Data.IntPrjfolder\SUR 138 kV.ElmNet\Los Cocos.ElmSite\Larimar 2.ElmGenstat,R3,,\VM-PF.IntUser\PDD 30-09-2025.IntPrj\Network Model.IntPrjfolder\Network Data.IntPrjfolder\SUR 138 kV.ElmNet\Los Cocos.ElmSite\ZLARIK.ElmSubstat\R3.ElmTerm,0,SUR PROFUNDO,SUR,SUR 138 kV,Wind,,0.0,0.0,0.8082903623580933,14,3.450000047683716,1.0,0.1771399974822998,3.7975775302179215e-11,1.0,constq,0,3.450000047683716,0.0,1.0,-1.0,3.450000047683716,1.0,DEF,0,PQ,0.0
Parque Fotovoltaico Los Negros,G3PFLNEG,\VM-PF.IntUser\PDD 30-09-2025.IntPrj\Network Model.IntPrjfolder\Network Data.IntPrjfolder\SUR 138 kV.ElmNet\Parque Fotovoltaico Los Negros.ElmGenstat,Terminal Monte Río 2,WMRI2K,\VM-PF.IntUser\PDD 30-09-2025.IntPrj\Network Model.IntPrjfolder\Network Data.IntPrjfolder\SUR 138 kV.ElmNet\Monte Río.ElmSite\Terminal Monte Río 2.ElmTerm,1,SUR MEDIO,SUR,SUR 138 kV,Photovoltaic,,0.0,0.0,0.8158209919929504,3,6.5,1.0,0.0,0.0,1.0,constq,0,6.5,0.0,0.6342857480049133,-0.6342857480049133,6.62999963760376,1.0,PQ,0,PQ,0.0
Bayasol,G3PFBAYA,\VM-PF.IntUser\PDD 30-09-2025.IntPrj\Network Model.IntPrjfolder\Network Data.IntPrjfolder\SUR 138 kV.ElmNet\Bayasol.ElmSite\Bayasol.ElmGenstat,Terminal Bayasol,WBAYAK,\VM-PF.IntUser\PDD 30-09-2025.IntPrj\Network Model.IntPrjfolder\Network Data.IntPrjfolder\SUR 138 kV.ElmNet\Bayasol.ElmSite\Terminal Bayasol.ElmTerm,1,SUR CERCANO,SUR,SUR 138 kV,Photovoltaic,,0.0,0.0,0.861506998538971,13,3.9600000381469727,1.0,0.0,0.0,1.0,constq,0,3.9600000381469727,0.0,1.0,-1.0,3.9600000381469727,1.0,DEF,0,PQ,0.0
Girasol Grupo 1,G4PSGIR1,\VM-PF.IntUser\PDD 30-09-2025.IntPrj\Network Model.IntPrjfolder\Network Data.IntPrjfolder\SUR 138 kV.ElmNet\Girasol.ElmSite\Girasol Grupo 1.ElmGenstat,L2,,\VM-PF.IntUser\PDD 30-09-2025.IntPrj\Network Model.IntPrjfolder\Network Data.IntPrjfolder\SUR 138 kV.ElmNet\Girasol.ElmSite\ZGIRAK.ElmSubstat\L2.ElmTerm,1,SUR CERCANO,SUR,SUR 138 kV,Photovoltaic,,0.0,0.0,0.7631064057350159,12,3.799999952316284,0.949999988079071,0.0,0.0,1.0,constq,0,3.799999952316284,0.0,1.0,-1.0,3.609999895095825,1.0,PQ,0,PQ,0.0
Girasol Grupo 2,G4PSGIR2,\VM-PF.IntUser\PDD 30-09-2025.IntPrj\Network Model.IntPrjfolder\Network Data.IntPrjfolder\SUR 138 kV.ElmNet\Girasol.ElmSite\Girasol Grupo 2.ElmGenstat,R1,,\VM-PF.IntUser\PDD 30-09-2025.IntPrj\Network Model.IntPrjfolder\Network Data.IntPrjfolder\SUR 138 kV.ElmNet\Girasol.ElmSite\ZGIRAK.ElmSubstat\R1.ElmTerm,1,SUR CERCANO,SUR,SUR 138 kV,Photovoltaic,,0.0,0.0,1.0174752473831177,16,3.799999952316284,0.949999988079071,0.0,0.0,1.0,constq,0,3.799999952316284,0.0,1.0,-1.0,3.609999895095825,1.0,PQ,0,PQ,0.0
Santanasol,G3SANTAS,\VM-PF.IntUser\PDD 30-09-2025.IntPrj\Network Model.IntPrjfolder\Network Data.IntPrjfolder\SUR 138 kV.ElmNet\Santanasol.ElmSite\Santanasol.ElmGenstat,Terminal Santanasol,WSANTK,\VM-PF.IntUser\PDD 30-09-2025.IntPrj\Network Model.IntPrjfolder\Network Data.IntPrjfolder\SUR 138 kV.ElmNet\Santanasol.ElmSite\Terminal Santanasol.ElmTerm,1,SUR CERCANO,SUR,SUR 138 kV,Photovoltaic,,0.0,0.0,0.9538830518722534,15,3.799999952316284,1.0,0.0,0.0,1.0,constq,0,3.799999952316284,0.0,0.33000001311302185,-0.33000001311302185,3.799999952316284,1.0,PQ,0,PQ,0.0
PF Calabaza 1,G3PFCALA,\VM-PF.IntUser\PDD 30-09-2025.IntPrj\Network Model.IntPrjfolder\Network Data.IntPrjfolder\SUR 138 kV.ElmNet\Calabaza.ElmSite\PF Calabaza 1.ElmGenstat,Terminal PF Calabaza 1,WXCA1K,\VM-PF.IntUser\PDD 30-09-2025.IntPrj\Network Model.IntPrjfolder\Network Data.IntPrjfolder\SUR 138 kV.ElmNet\Calabaza.ElmSite\Terminal PF Calabaza 1.ElmTerm,1,SUR CERCANO,SUR,SUR 138 kV,Photovoltaic,,0.0,0.0,0.9934441447257996,17,3.492000102996826,0.8519999980926514,0.0,0.0,1.0,constq,0,3.492000102996826,0.0,0.43580129742622375,-0.43580129742622375,2.9751839637756348,1.0,PQ,0,PQ,0.0
PE Matafongo 2,G3PEMAT2,\VM-PF.IntUser\PDD 30-09-2025.IntPrj\Network Model.IntPrjfolder\Network Data.IntPrjfolder\SUR 138 kV.ElmNet\PE Matafongo 2.ElmGenstat,Terminal Matafongo,WMTFNK,\VM-PF.IntUser\PDD 30-09-2025.IntPrj\Network Model.IntPrjfolder\Network Data.IntPrjfolder\SUR 138 kV.ElmNet\Matafongo.ElmSite\Terminal Matafongo.ElmTerm,0,SUR CERCANO,SUR,SUR 138 kV,Wind,,0.0,0.0,0.26106271147727966,3,5.199999809265137,1.0,0.03779999911785126,0.0,1.0,constq,0,5.199999809265137,0.0,0.328000009059906,-0.328000009059906,5.199999809265137,1.0,PQ,0,PQ,0.0
PE Matafongo,G3PEMATA,\VM-PF.IntUser\PDD 30-09-2025.IntPrj\Network Model.IntPrjfolder\Network Data.IntPrjfolder\SUR 138 kV.ElmNet\PE Matafongo.ElmGenstat,Terminal Matafongo,WMTFNK,\VM-PF.IntUser\PDD 30-09-2025.IntPrj\Network Model.IntPrjfolder\Network Data.IntPrjfolder\SUR 138 kV.ElmNet\Matafongo.ElmSite\Terminal Matafongo.ElmTerm,0,SUR CERCANO,SUR,SUR 138 kV,Wind,,0.0,0.0,0.5689828991889954,17,2.0,1.0,0.014510000124573708,0.0,1.0,constq,0,2.0999999046325684,0.0,0.328000009059906,-0.328000009059906,2.0,1.0,PQ,0,PQ,0.0
PF Peravia I,G3PFPER1,\VM-PF.IntUser\PDD 30-09-2025.IntPrj\Network Model.IntPrjfolder\Network Data.IntPrjfolder\SUR 138 kV.ElmNet\PF Peravia I.ElmGenstat,Terminal Peravia Solar 1,WPES1K,\VM-PF.IntUser\PDD 30-09-2025.IntPrj\Network Model.IntPrjfolder\Network Data.IntPrjfolder\SUR 138 kV.ElmNet\Terminal Peravia Solar 1.ElmTerm,1,SUR MEDIO,SUR,SUR 138 kV,Photovoltaic,,0.0,0.0,1.1713684797286987,12,5.833000183105469,1.0,0.0,0.0,1.0,constq,0,5.833000183105469,0.0,0.6899999976158142,-0.6899999976158142,5.833000183105469,1.0,DEF,0,PQ,0.0
PF Peravia II,G3PFPER2,\VM-PF.IntUser\PDD 30-09-2025.IntPrj\Network Model.IntPrjfolder\Network Data.IntPrjfolder\SUR 138 kV.ElmNet\PF Peravia II.ElmGenstat,Terminal Peravia Solar 2,WPES2K,\VM-PF.IntUser\PDD 30-09-2025.IntPrj\Network Model.IntPrjfolder\Network Data.IntPrjfolder\SUR 138 kV.ElmNet\Terminal Peravia Solar 2.ElmTerm,1,SUR MEDIO,SUR,SUR 138 kV,Photovoltaic,,0.0,0.0,1.1713684797286987,12,5.833000183105469,1.0,0.0,0.0,1.0,constq,0,5.833000183105469,0.0,0.6899999976158142,-0.6899999976158142,5.833000183105469,1.0,DEF,0,PQ,0.0
SA PE Los Mina,G6PEMINA,\VM-PF.IntUser\PDD 30-09-2025.IntPrj\Network Model.IntPrjfolder\Network Data.IntPrjfolder\CENTRAL 138 kV.ElmNet\Los Mina 6.ElmSite\SA PE Los Mina.ElmGenstat,Terminal SA PE Los Mina,WXSALMK,\VM-PF.IntUser\PDD 30-09-2025.IntPrj\Network Model.IntPrjfolder\Network Data.IntPrjfolder\CENTRAL 138 kV.ElmNet\Terminal SA PE Los Mina.ElmTerm,0,SANTO DOMINGO,CENTRAL,CENTRAL 138 kV,Storage,,0.0,0.0,0.7633237242698669,1,5.5,1.0,1.000000013351432e-10,0.0,1.0,constq,0,5.5,0.0,1.0,-1.0,5.5,1.0,PC,0,PQ,0.0
Sistema Almacenamiento AES Andrés,G6AANDRE,\VM-PF.IntUser\PDD 30-09-2025.IntPrj\Network Model.IntPrjfolder\Network Data.IntPrjfolder\CENTRAL 138 kV.ElmNet\AES Andrés.ElmSite\Sistema Almacenamiento AES Andrés.ElmGenstat,Terminal BESS AES Andrés,WXBAAK,\VM-PF.IntUser\PDD 30-09-2025.IntPrj\Network Model.IntPrjfolder\Network Data.IntPrjfolder\CENTRAL 138 kV.ElmNet\AES Andrés.ElmSite\Terminal BESS AES Andrés.ElmTerm,0,,,CENTRAL 138 kV,Storage,,0.0,0.0,0.7633237242698669,1,5.5,1.0,1.000000013351432e-10,0.0,1.0,constq,0,5.5,0.0,1.0,-1.0,5.5,1.0,PC,0,PQ,0.0
PF Washington Capital 2,G3PFWCA2,\VM-PF.IntUser\PDD 30-09-2025.IntPrj\Network Model.IntPrjfolder\Network Data.IntPrjfolder\CENTRAL 138 kV.ElmNet\Mata de Palma 2.ElmSite\PF Washington Capital 2.ElmGenstat,Terminal Washington Capital Solar Park 2,WXWC2K,\VM-PF.IntUser\PDD 30-09-2025.IntPrj\Network Model.IntPrjfolder\Network Data.IntPrjfolder\CENTRAL 138 kV.ElmNet\Mata de Palma 2.ElmSite\Terminal Washington Capital Solar Park 2.ElmTerm,1,SANTO DOMINGO,CENTRAL,CENTRAL 138 kV,Photovoltaic,,0.0,0.0,0.8367395401000977,8,6.25,1.0,0.0,0.0,1.0,constq,0,6.25,0.0,0.6342857480049133,-0.6342857480049133,6.25,1.0,PQ,0,PQ,0.0
PF Washington Capital 3,G3PFWCA3,\VM-PF.IntUser\PDD 30-09-2025.IntPrj\Network Model.IntPrjfolder\Network Data.IntPrjfolder\CENTRAL 138 kV.ElmNet\Mata de Palma 2.ElmSite\PF Washington Capital 3.ElmGenstat,Terminal Washington Capital Solar Park 3,WXWC3K,\VM-PF.IntUser\PDD 30-09-2025.IntPrj\Network Model.IntPrjfolder\Network Data.IntPrjfolder\CENTRAL 138 kV.ElmNet\Mata de Palma 2.ElmSite\Terminal Washington Capital Solar Park 3.ElmTerm,1,SANTO DOMINGO,CENTRAL,CENTRAL 138 kV,Photovoltaic,,0.0,0.0,0.8367395401000977,8,6.25,1.0,0.0,0.0,1.0,constq,0,6.25,0.0,0.6342857480049133,-0.6342857480049133,6.25,1.0,PQ,0,PQ,0.0
PF La Victoria,G3PFVICT,\VM-PF.IntUser\PDD 30-09-2025.IntPrj\Network Model.IntPrjfolder\Network Data.IntPrjfolder\CENTRAL 138 kV.ElmNet\La Victoria.ElmSite\PF La Victoria.ElmGenstat,Terminal La Victoria,WLVICK,\VM-PF.IntUser\PDD 30-09-2025.IntPrj\Network Model.IntPrjfolder\Network Data.IntPrjfolder\CENTRAL 138 kV.ElmNet\La Victoria.ElmSite\Terminal La Victoria.ElmTerm,1,SANTO DOMINGO,CENTRAL,CENTRAL 138 kV,Photovoltaic,,0.0,0.0,0.8367395401000977,8,6.25,1.0,0.0,0.0,1.0,constq,0,6.25,0.0,0.6342857480049133,-0.6342857480049133,6.25,1.0,PQ,0,PQ,0.0
Mirasol,G3PFMIRA,\VM-PF.IntUser\PDD 30-09-2025.IntPrj\Network Model.IntPrjfolder\Network Data.IntPrjfolder\CENTRAL 138 kV.ElmNet\Mirasol(1).ElmSite\Mirasol.ElmGenstat,Terminal Mirasol,WMIRAK,\VM-PF.IntUser\PDD 30-09-2025.IntPrj\Network Model.IntPrjfolder\Network Data.IntPrjfolder\CENTRAL 138 kV.ElmNet\Mirasol(1).ElmSite\Terminal Mirasol.ElmTerm,1,SANTO DOMINGO,CENTRAL,CENTRAL 138 kV,Photovoltaic,,0.0,0.0,1.6733787059783936,17,5.881999969482422,1.0,0.0,0.0,1.0,constq,0,5.881999969482422,0.0,0.6899999976158142,-0.6899999976158142,6.76430082321167,1.0,DEF,0,PQ,0.0
