loc_name,for_name,ruta,outserv,cpZone,cpArea,cpGrid,cpSubstat,typ_id
Voltage Transformer,,\VM-PF.IntUser\PDD 30-09-2025.IntPrj\Network Model.IntPrjfolder\Network Data.IntPrjfolder\ESTE 69 kV.ElmNet\Planta_Monte Plata Solar.ElmComp\Voltage Transformer.StaVt,0,,,ESTE 69 kV,,
Voltage Transformer,,\VM-PF.IntUser\PDD 30-09-2025.IntPrj\Network Model.IntPrjfolder\Network Data.IntPrjfolder\CENTRAL 69 kV.ElmNet\ZEMARF.ElmSubstat\WEMARF(5).ElmTerm\WBEMARF(1).StaCubic\Voltage Transformer.StaVt,0,,CENTRAL,CENTRAL 69 kV,ZEMARF,Voltage Transformer Relé Frecuencia Line
Voltage Transformer,,\VM-PF.IntUser\PDD 30-09-2025.IntPrj\Network Model.IntPrjfolder\Network Data.IntPrjfolder\CENTRAL 69 kV.ElmNet\ZEMARF.ElmSubstat\WEMARF(4).ElmTerm\WBEMARF(1).StaCubic\Voltage Transformer.StaVt,0,,CENTRAL,CENTRAL 69 kV,ZEMARF,Voltage Transformer Relé Frecuencia Line
Voltage Transformer,,\VM-PF.IntUser\PDD 30-09-2025.IntPrj\Network Model.IntPrjfolder\Network Data.IntPrjfolder\CENTRAL 69 kV.ElmNet\Martí.ElmSite\Planta_PF Martí.ElmComp\Voltage Transformer.StaVt,0,,,CENTRAL 69 kV,,
Voltage Transformer,,\VM-PF.IntUser\PDD 30-09-2025.IntPrj\Network Model.IntPrjfolder\Network Data.IntPrjfolder\CENTRAL 69 kV.ElmNet\Maranatha.ElmSite\Plant_PF Maranatha.ElmComp\Voltage Transformer.StaVt,0,,,CENTRAL 69 kV,,
ZJSA2E_ZPAL1E-L1-VT,,\VM-PF.IntUser\PDD 30-09-2025.IntPrj\Network Model.IntPrjfolder\Network Data.IntPrjfolder\Expansión 345 kV.ElmNet\Julio Sauri.ElmSite\ZJSAUD.ElmSubstat\E7.ElmTerm\Cub_1.StaCubic\ZJSA2E_ZPAL1E-L1-VT.StaVt,0,SUR CERCANO,SUR,Expansión 345 kV,ZJSAUD,VT 138/0.115 kV
ZJSA2E_ZPAL1E-L2-VT,,\VM-PF.IntUser\PDD 30-09-2025.IntPrj\Network Model.IntPrjfolder\Network Data.IntPrjfolder\Expansión 345 kV.ElmNet\Julio Sauri.ElmSite\ZJSAUD.ElmSubstat\E8.ElmTerm\Cub_1.StaCubic\ZJSA2E_ZPAL1E-L2-VT.StaVt,0,SUR CERCANO,SUR,Expansión 345 kV,ZJSAUD,VT 138/0.115 kV
ZJSA1E_ZITAGE-L1-VT,,\VM-PF.IntUser\PDD 30-09-2025.IntPrj\Network Model.IntPrjfolder\Network Data.IntPrjfolder\Expansión 345 kV.ElmNet\Julio Sauri.ElmSite\ZJSAUD.ElmSubstat\E3.ElmTerm\Cub_1.StaCubic\ZJSA1E_ZITAGE-L1-VT.StaVt,0,SUR CERCANO,SUR,Expansión 345 kV,ZJSAUD,VT 138/0.115 kV
ZJSA1E_ZITAGE-L2-VT,,\VM-PF.IntUser\PDD 30-09-2025.IntPrj\Network Model.IntPrjfolder\Network Data.IntPrjfolder\Expansión 345 kV.ElmNet\Julio Sauri.ElmSite\ZJSAUD.ElmSubstat\E4.ElmTerm\Cub_1.StaCubic\ZJSA1E_ZITAGE-L2-VT.StaVt,0,SUR CERCANO,SUR,Expansión 345 kV,ZJSAUD,VT 138/0.115 kV
ZJSA1E_ZPARAE-L1-VT,,\VM-PF.IntUser\PDD 30-09-2025.IntPrj\Network Model.IntPrjfolder\Network Data.IntPrjfolder\Expansión 345 kV.ElmNet\Julio Sauri.ElmSite\ZJSAUD.ElmSubstat\E9.ElmTerm\Cub_1.StaCubic\ZJSA1E_ZPARAE-L1-VT.StaVt,0,SUR CERCANO,SUR,Expansión 345 kV,ZJSAUD,VT 138/0.115 kV
ZJSA1E_ZITAGE-L2-VT,,\VM-PF.IntUser\PDD 30-09-2025.IntPrj\Network Model.IntPrjfolder\Network Data.IntPrjfolder\Expansión 345 kV.ElmNet\Julio Sauri.ElmSite\ZJSAUD.ElmSubstat\E6(2).ElmTerm\Cub_1.StaCubic\ZJSA1E_ZITAGE-L2-VT.StaVt,0,SUR CERCANO,SUR,Expansión 345 kV,ZJSAUD,VT 138/0.115 kV
ZQU21D_ZPBLAD-L1-VT,,\VM-PF.IntUser\PDD 30-09-2025.IntPrj\Network Model.IntPrjfolder\Network Data.IntPrjfolder\Expansión 345 kV.ElmNet\Quisqueya.ElmSite\QUISQUEYA 2.ElmSubstat\7.ElmTerm\Cub_1.StaCubic\ZQU21D_ZPBLAD-L1-VT.StaVt,0,ESTE CERCANO,ESTE,Expansión 345 kV,QUISQUEYA 2,VT-230/350kV car-chimore
ZQU11D_ZPVDCD-L1-VT,,\VM-PF.IntUser\PDD 30-09-2025.IntPrj\Network Model.IntPrjfolder\Network Data.IntPrjfolder\Expansión 345 kV.ElmNet\Quisqueya.ElmSite\QUISQUEYA 1.ElmSubstat\4.ElmTerm\Cub_1.StaCubic\ZQU11D_ZPVDCD-L1-VT.StaVt,0,ESTE CERCANO,ESTE,Expansión 345 kV,QUISQUEYA 1,VT-230/350kV car-chimore
ZPVDCD_ZPBLAD-L1-VT,,\VM-PF.IntUser\PDD 30-09-2025.IntPrj\Network Model.IntPrjfolder\Network Data.IntPrjfolder\Expansión 345 kV.ElmNet\PVDC.ElmSite\ZPVDCD.ElmSubstat\L1.ElmTerm\Cub_1.StaCubic\ZPVDCD_ZPBLAD-L1-VT.StaVt,0,CIBAO SUR,NORTE,Expansión 345 kV,ZPVDCD,VT-230/350kV car-chimore
ZPVDCD_ZQU11D-L1-VT,,\VM-PF.IntUser\PDD 30-09-2025.IntPrj\Network Model.IntPrjfolder\Network Data.IntPrjfolder\Expansión 345 kV.ElmNet\PVDC.ElmSite\ZPVDCD.ElmSubstat\R1.ElmTerm\Cub_1.StaCubic\ZPVDCD_ZQU11D-L1-VT.StaVt,0,CIBAO SUR,NORTE,Expansión 345 kV,ZPVDCD,VT-230/350kV car-chimore
Voltage Transformer,,\VM-PF.IntUser\PDD 30-09-2025.IntPrj\Network Model.IntPrjfolder\Network Data.IntPrjfolder\ESTE 138 kV.ElmNet\Sultana del Este.ElmSite\ZSESTE.ElmSubstat\2.ElmTerm\Cub_1.StaCubic\Voltage Transformer.StaVt,0,ESTE CERCANO,ESTE,ESTE 138 kV,ZSESTE,Voltage Transformer Relé Frecuencia Line
Voltage Transformer,,\VM-PF.IntUser\PDD 30-09-2025.IntPrj\Network Model.IntPrjfolder\Network Data.IntPrjfolder\ESTE 138 kV.ElmNet\Sultana del Este.ElmSite\ZSESTE.ElmSubstat\4.ElmTerm\Cub_1.StaCubic\Voltage Transformer.StaVt,0,ESTE CERCANO,ESTE,ESTE 138 kV,ZSESTE,Voltage Transformer Relé Frecuencia Line
ZSESTE_ZSPBEE-L1-VT,,\VM-PF.IntUser\PDD 30-09-2025.IntPrj\Network Model.IntPrjfolder\Network Data.IntPrjfolder\ESTE 138 kV.ElmNet\Sultana del Este.ElmSite\ZSESTE.ElmSubstat\5.ElmTerm\Cub_1.StaCubic\ZSESTE_ZSPBEE-L1-VT.StaVt,0,ESTE CERCANO,ESTE,ESTE 138 kV,ZSESTE,VT 138/0.115 kV
ZLROME_ZHIGUE-L1-VT,,\VM-PF.IntUser\PDD 30-09-2025.IntPrj\Network Model.IntPrjfolder\Network Data.IntPrjfolder\ESTE 138 kV.ElmNet\La Romana.ElmSite\ZLROME.ElmSubstat\1.ElmTerm\Cub_1.StaCubic\ZLROME_ZHIGUE-L1-VT.StaVt,0,ESTE PROFUNDO,ESTE,ESTE 138 kV,ZLROME,VT 138/0.115 kV
ZLROME_ZSPMBE-L2-VT,,\VM-PF.IntUser\PDD 30-09-2025.IntPrj\Network Model.IntPrjfolder\Network Data.IntPrjfolder\ESTE 138 kV.ElmNet\La Romana.ElmSite\ZLROME.ElmSubstat\4.ElmTerm\Cub_1.StaCubic\ZLROME_ZSPMBE-L2-VT.StaVt,0,ESTE PROFUNDO,ESTE,ESTE 138 kV,ZLROME,VT 138/0.115 kV
ZLROME_ZSPMBE-L1-VT,,\VM-PF.IntUser\PDD 30-09-2025.IntPrj\Network Model.IntPrjfolder\Network Data.IntPrjfolder\ESTE 138 kV.ElmNet\La Romana.ElmSite\ZLROME.ElmSubstat\5.ElmTerm\Cub_1.StaCubic\ZLROME_ZSPMBE-L1-VT.StaVt,0,ESTE PROFUNDO,ESTE,ESTE 138 kV,ZLROME,VT 138/0.115 kV
ZLROME_ZSPMBE-L2-VT,,\VM-PF.IntUser\PDD 30-09-2025.IntPrj\Network Model.IntPrjfolder\Network Data.IntPrjfolder\ESTE 138 kV.ElmNet\La Romana.ElmSite\ZLROME.ElmSubstat\6(1).ElmTerm\Cub_1.StaCubic\ZLROME_ZSPMBE-L2-VT.StaVt,0,ESTE PROFUNDO,ESTE,ESTE 138 kV,ZLROME,VT 138/0.115 kV
Voltage Transformer,,\VM-PF.IntUser\PDD 30-09-2025.IntPrj\Network Model.IntPrjfolder\Network Data.IntPrjfolder\ESTE 138 kV.ElmNet\La Romana.ElmSite\ZLROMF.ElmSubstat\2.ElmTerm\Cub_1.StaCubic\Voltage Transformer.StaVt,0,ESTE PROFUNDO,ESTE,ESTE 138 kV,ZLROMF,Voltage Transformer Relé Frecuencia Line
Voltage Transformer,,\VM-PF.IntUser\PDD 30-09-2025.IntPrj\Network Model.IntPrjfolder\Network Data.IntPrjfolder\ESTE 138 kV.ElmNet\La Romana.ElmSite\ZLROMF.ElmSubstat\3.ElmTerm\Cub_1.StaCubic\Voltage Transformer.StaVt,0,ESTE PROFUNDO,ESTE,ESTE 138 kV,ZLROMF,Voltage Transformer Relé Frecuencia Line
ZCES3K_ZSPM2E-VT,,\VM-PF.IntUser\PDD 30-09-2025.IntPrj\Network Model.IntPrjfolder\Network Data.IntPrjfolder\ESTE 138 kV.ElmNet\SPM 2.ElmSite\Terminal CESPM 3.ElmTerm\WCES3K(2).StaCubic\ZCES3K_ZSPM2E-VT.StaVt,0,ESTE CERCANO,ESTE,ESTE 138 kV,,VT 138/0.115 kV
ZCES2K_ZSPM2E-VT,,\VM-PF.IntUser\PDD 30-09-2025.IntPrj\Network Model.IntPrjfolder\Network Data.IntPrjfolder\ESTE 138 kV.ElmNet\SPM 2.ElmSite\Terminal CESPM 2.ElmTerm\WCES2K(2).StaCubic\ZCES2K_ZSPM2E-VT.StaVt,0,ESTE CERCANO,ESTE,ESTE 138 kV,,VT 138/0.115 kV
ZCES1K_ZSPM2E-VT,,\VM-PF.IntUser\PDD 30-09-2025.IntPrj\Network Model.IntPrjfolder\Network Data.IntPrjfolder\ESTE 138 kV.ElmNet\SPM 2.ElmSite\Terminal CESPM 1.ElmTerm\WCES1K(2).StaCubic\ZCES1K_ZSPM2E-VT.StaVt,0,ESTE CERCANO,ESTE,ESTE 138 kV,,VT 138/0.115 kV
ZCEMEE_ZSPM2E-L1-VT,,\VM-PF.IntUser\PDD 30-09-2025.IntPrj\Network Model.IntPrjfolder\Network Data.IntPrjfolder\ESTE 138 kV.ElmNet\CEMEX.ElmSite\ZCEMEE.ElmSubstat\WCEMEE(2).ElmTerm\WBCEMEE(2).StaCubic\ZCEMEE_ZSPM2E-L1-VT.StaVt,0,ESTE CERCANO,ESTE,ESTE 138 kV,ZCEMEE,VT 138/0.115 kV
ZLORIE_ZSPM2E-L1-VT,,\VM-PF.IntUser\PDD 30-09-2025.IntPrj\Network Model.IntPrjfolder\Network Data.IntPrjfolder\ESTE 138 kV.ElmNet\Los Orígenes.ElmSite\ZLORIE.ElmSubstat\1.ElmTerm\Cub_1.StaCubic\ZLORIE_ZSPM2E-L1-VT.StaVt,0,ESTE CERCANO,ESTE,ESTE 138 kV,ZLORIE,VT 138/0.115 kV
ZLORIE_ZXLO1E-L1-VT,,\VM-PF.IntUser\PDD 30-09-2025.IntPrj\Network Model.IntPrjfolder\Network Data.IntPrjfolder\ESTE 138 kV.ElmNet\Los Orígenes.ElmSite\ZLORIE.ElmSubstat\2.ElmTerm\Cub_1.StaCubic\ZLORIE_ZXLO1E-L1-VT.StaVt,0,ESTE CERCANO,ESTE,ESTE 138 kV,ZLORIE,VT 138/0.115 kV
VT,,\VM-PF.IntUser\PDD 30-09-2025.IntPrj\Network Model.IntPrjfolder\Network Data.IntPrjfolder\ESTE 138 kV.ElmNet\Los Orígenes.ElmSite\Terminal Los Orígenes.ElmTerm\Cub_2.StaCubic\VT.StaVt,0,ESTE CERCANO,ESTE,ESTE 138 kV,,VT_12.47kV a 110 V
ZLORIE_ZSPMAE-L1-VT,,\VM-PF.IntUser\PDD 30-09-2025.IntPrj\Network Model.IntPrjfolder\Network Data.IntPrjfolder\ESTE 138 kV.ElmNet\Tap 1 Los Orígenes.ElmTerm\Cub_3.StaCubic\ZLORIE_ZSPMAE-L1-VT.StaVt,0,ESTE CERCANO,ESTE,ESTE 138 kV,,VT 138/0.115 kV
ZCLUIE_ZAAINE-L1-VT,,\VM-PF.IntUser\PDD 30-09-2025.IntPrj\Network Model.IntPrjfolder\Network Data.IntPrjfolder\ESTE 138 kV.ElmNet\ZCLUIE.ElmSubstat\E1.ElmTerm\Cub_1.StaCubic\ZCLUIE_ZAAINE-L1-VT.StaVt,0,ESTE CERCANO,ESTE,ESTE 138 kV,ZCLUIE,VT 138/0.115 kV
ZCLUIE_ZSPM2E-L1-VT,,\VM-PF.IntUser\PDD 30-09-2025.IntPrj\Network Model.IntPrjfolder\Network Data.IntPrjfolder\ESTE 138 kV.ElmNet\ZCLUIE.ElmSubstat\E2.ElmTerm\Cub_1.StaCubic\ZCLUIE_ZSPM2E-L1-VT.StaVt,0,ESTE CERCANO,ESTE,ESTE 138 kV,ZCLUIE,VT 138/0.115 kV
ZCLUIE_ZSPM2E-L1-VT,,\VM-PF.IntUser\PDD 30-09-2025.IntPrj\Network Model.IntPrjfolder\Network Data.IntPrjfolder\ESTE 138 kV.ElmNet\ZCLUIE.ElmSubstat\E5.ElmTerm\Cub_1.StaCubic\ZCLUIE_ZSPM2E-L1-VT.StaVt,0,ESTE CERCANO,ESTE,ESTE 138 kV,ZCLUIE,VT 138/0.115 kV
ZCLUIE_ZSPM2E-L1-VT,,\VM-PF.IntUser\PDD 30-09-2025.IntPrj\Network Model.IntPrjfolder\Network Data.IntPrjfolder\ESTE 138 kV.ElmNet\ZCLUIE.ElmSubstat\E6.ElmTerm\Cub_1.StaCubic\ZCLUIE_ZSPM2E-L1-VT.StaVt,0,ESTE CERCANO,ESTE,ESTE 138 kV,ZCLUIE,VT 138/0.115 kV
ZSPBEE_ZSESTE-L1-VT,,\VM-PF.IntUser\PDD 30-09-2025.IntPrj\Network Model.IntPrjfolder\Network Data.IntPrjfolder\ESTE 138 kV.ElmNet\San Pedro Bio-Energy.ElmSite\ZSPBEE.ElmSubstat\3.ElmTerm\Cub_1.StaCubic\ZSPBEE_ZSESTE-L1-VT.StaVt,0,ESTE CERCANO,ESTE,ESTE 138 kV,ZSPBEE,VT 138/0.110 kV
ZSPBEE_ZQUISE-L1-VT,,\VM-PF.IntUser\PDD 30-09-2025.IntPrj\Network Model.IntPrjfolder\Network Data.IntPrjfolder\ESTE 138 kV.ElmNet\San Pedro Bio-Energy.ElmSite\ZSPBEE.ElmSubstat\5.ElmTerm\Cub_1.StaCubic\ZSPBEE_ZQUISE-L1-VT.StaVt,0,ESTE CERCANO,ESTE,ESTE 138 kV,ZSPBEE,VT 138/0.110 kV
ZSPMBE_ZSPM2E-L1-VT,,\VM-PF.IntUser\PDD 30-09-2025.IntPrj\Network Model.IntPrjfolder\Network Data.IntPrjfolder\ESTE 138 kV.ElmNet\San Pedro.ElmSite\ZSPMAE.ElmSubstat\L2.ElmTerm\Cub_2.StaCubic\ZSPMBE_ZSPM2E-L1-VT.StaVt,0,ESTE CERCANO,ESTE,ESTE 138 kV,ZSPMAE,VT 138/0.115 kV
ZSPMBE_ZLROME-L1-VT,,\VM-PF.IntUser\PDD 30-09-2025.IntPrj\Network Model.IntPrjfolder\Network Data.IntPrjfolder\ESTE 138 kV.ElmNet\San Pedro.ElmSite\ZSPMAE.ElmSubstat\R1.ElmTerm\Cub_2.StaCubic\ZSPMBE_ZLROME-L1-VT.StaVt,0,ESTE CERCANO,ESTE,ESTE 138 kV,ZSPMAE,VT 138/0.115 kV
ZSPMBE_ZLROME-L2-VT,,\VM-PF.IntUser\PDD 30-09-2025.IntPrj\Network Model.IntPrjfolder\Network Data.IntPrjfolder\ESTE 138 kV.ElmNet\San Pedro.ElmSite\ZSPMAE.ElmSubstat\R2.ElmTerm\Cub_2.StaCubic\ZSPMBE_ZLROME-L2-VT.StaVt,0,ESTE CERCANO,ESTE,ESTE 138 kV,ZSPMAE,VT 138/0.115 kV
ZSPMAE_ZLORIE-L1-VT,,\VM-PF.IntUser\PDD 30-09-2025.IntPrj\Network Model.IntPrjfolder\Network Data.IntPrjfolder\ESTE 138 kV.ElmNet\San Pedro.ElmSite\ZSPMAE.ElmSubstat\R3.ElmTerm\Cub_2.StaCubic\ZSPMAE_ZLORIE-L1-VT.StaVt,0,ESTE CERCANO,ESTE,ESTE 138 kV,ZSPMAE,VT 138/0.115 kV
ZESEIE_ZHIGUE-L1-VT,,\VM-PF.IntUser\PDD 30-09-2025.IntPrj\Network Model.IntPrjfolder\Network Data.IntPrjfolder\ESTE 138 kV.ElmNet\ZESEIE.ElmSubstat\1.ElmTerm\Cub_1.StaCubic\ZESEIE_ZHIGUE-L1-VT.StaVt,0,ESTE PROFUNDO,ESTE,ESTE 138 kV,ZESEIE,VT 138/0.115 kV
ZHIGUE_ZLROME-L1-VT,,\VM-PF.IntUser\PDD 30-09-2025.IntPrj\Network Model.IntPrjfolder\Network Data.IntPrjfolder\ESTE 138 kV.ElmNet\ZHIGUE.ElmSubstat\1.ElmTerm\Cub_1.StaCubic\ZHIGUE_ZLROME-L1-VT.StaVt,0,ESTE PROFUNDO,ESTE,ESTE 138 kV,ZHIGUE,VT 138/0.115 kV
ZHIGUE_ZESEIE-L1-VT,,\VM-PF.IntUser\PDD 30-09-2025.IntPrj\Network Model.IntPrjfolder\Network Data.IntPrjfolder\ESTE 138 kV.ElmNet\ZHIGUE.ElmSubstat\2.ElmTerm\Cub_1.StaCubic\ZHIGUE_ZESEIE-L1-VT.StaVt,0,ESTE PROFUNDO,ESTE,ESTE 138 kV,ZHIGUE,VT 138/0.115 kV
ZHIGUE_ZESEIE-L1-VT,,\VM-PF.IntUser\PDD 30-09-2025.IntPrj\Network Model.IntPrjfolder\Network Data.IntPrjfolder\ESTE 138 kV.ElmNet\ZHIGUE.ElmSubstat\5.ElmTerm\Cub_1.StaCubic\ZHIGUE_ZESEIE-L1-VT.StaVt,0,ESTE PROFUNDO,ESTE,ESTE 138 kV,ZHIGUE,VT 138/0.115 kV
ZHIGUE_ZESEIE-L1-VT,,\VM-PF.IntUser\PDD 30-09-2025.IntPrj\Network Model.IntPrjfolder\Network Data.IntPrjfolder\ESTE 138 kV.ElmNet\ZHIGUE.ElmSubstat\6.ElmTerm\Cub_1.StaCubic\ZHIGUE_ZESEIE-L1-VT.StaVt,0,ESTE PROFUNDO,ESTE,ESTE 138 kV,ZHIGUE,VT 138/0.115 kV
ZHIGUE_ZLROME-L1-VT,,\VM-PF.IntUser\PDD 30-09-2025.IntPrj\Network Model.IntPrjfolder\Network Data.IntPrjfolder\ESTE 138 kV.ElmNet\ZHIGUE.ElmSubstat\5(1).ElmTerm\Cub_1.StaCubic\ZHIGUE_ZLROME-L1-VT.StaVt,0,ESTE PROFUNDO,ESTE,ESTE 138 kV,ZHIGUE,VT 138/0.115 kV
ZJDOLE_ZHNSAE-L1-VT,,\VM-PF.IntUser\PDD 30-09-2025.IntPrj\Network Model.IntPrjfolder\Network Data.IntPrjfolder\ESTE 138 kV.ElmNet\ZJDOLE.ElmSubstat\1.ElmTerm\Cub_1.StaCubic\ZJDOLE_ZHNSAE-L1-VT.StaVt,0,ESTE CERCANO,ESTE,ESTE 138 kV,ZJDOLE,VT 138/0.115 kV
ZJDOLE_ZSPM2E-L1-VT,,\VM-PF.IntUser\PDD 30-09-2025.IntPrj\Network Model.IntPrjfolder\Network Data.IntPrjfolder\ESTE 138 kV.ElmNet\ZJDOLE.ElmSubstat\2.ElmTerm\Cub_1.StaCubic\ZJDOLE_ZSPM2E-L1-VT.StaVt,0,ESTE CERCANO,ESTE,ESTE 138 kV,ZJDOLE,VT 138/0.115 kV
Voltage Transformer,,\VM-PF.IntUser\PDD 30-09-2025.IntPrj\Network Model.IntPrjfolder\Network Data.IntPrjfolder\ESTE 138 kV.ElmNet\Cotoperí.ElmSite\Plant_PF Cotoperí 1.ElmComp\Voltage Transformer.StaVt,0,,,ESTE 138 kV,,
Voltage Transformer,,\VM-PF.IntUser\PDD 30-09-2025.IntPrj\Network Model.IntPrjfolder\Network Data.IntPrjfolder\ESTE 138 kV.ElmNet\Cotoperí.ElmSite\Plant_PF Cotoperí 2.ElmComp\Voltage Transformer.StaVt,0,,,ESTE 138 kV,,
Voltage Transformer,,\VM-PF.IntUser\PDD 30-09-2025.IntPrj\Network Model.IntPrjfolder\Network Data.IntPrjfolder\ESTE 138 kV.ElmNet\Cotoperí.ElmSite\Plant_PF Cotoperí 3.ElmComp\Voltage Transformer.StaVt,0,,,ESTE 138 kV,,
Voltage Transformer,,\VM-PF.IntUser\PDD 30-09-2025.IntPrj\Network Model.IntPrjfolder\Network Data.IntPrjfolder\ESTE 138 kV.ElmNet\Coastal.ElmSite\Planta_PF Coastal G2.ElmComp\Voltage Transformer.StaVt,0,,,ESTE 138 kV,,
Voltage Transformer,,\VM-PF.IntUser\PDD 30-09-2025.IntPrj\Network Model.IntPrjfolder\Network Data.IntPrjfolder\ESTE 138 kV.ElmNet\Coastal.ElmSite\Planta_PF Coastal G1.ElmComp\Voltage Transformer.StaVt,0,,,ESTE 138 kV,,
Voltage Transformer,,\VM-PF.IntUser\PDD 30-09-2025.IntPrj\Network Model.IntPrjfolder\Network Data.IntPrjfolder\NORTE 138 kV.ElmNet\Monción.ElmSite\13.8 kV Zona Monción.ElmTerm\Cub_2.StaCubic\Voltage Transformer.StaVt,0,CIBAO NOROESTE,NORTE,NORTE 138 kV,,Voltage Transformer Generadores
Voltage Transformer,,\VM-PF.IntUser\PDD 30-09-2025.IntPrj\Network Model.IntPrjfolder\Network Data.IntPrjfolder\NORTE 138 kV.ElmNet\Falcondo.ElmSite\ZFALCF.ElmSubstat\WFALCF(1).ElmTerm\WBFALC69(1).StaCubic\Voltage Transformer.StaVt,0,CIBAO SUR,NORTE,NORTE 138 kV,ZFALCF,Voltage Transformer Relé Frecuencia Line
Voltage Transformer,,\VM-PF.IntUser\PDD 30-09-2025.IntPrj\Network Model.IntPrjfolder\Network Data.IntPrjfolder\NORTE 138 kV.ElmNet\Falcondo.ElmSite\ZFALCF.ElmSubstat\1(1).ElmTerm\WBFALC69(1).StaCubic\Voltage Transformer.StaVt,0,CIBAO SUR,NORTE,NORTE 138 kV,ZFALCF,Voltage Transformer Relé Frecuencia Line
Voltage Transformer,,\VM-PF.IntUser\PDD 30-09-2025.IntPrj\Network Model.IntPrjfolder\Network Data.IntPrjfolder\NORTE 138 kV.ElmNet\Falcondo.ElmSite\ZFALCE.ElmSubstat\WFALCE(2).ElmTerm\WBFALC38(2).StaCubic\Voltage Transformer.StaVt,0,CIBAO SUR,NORTE,NORTE 138 kV,ZFALCE,Voltage Transformer Relé Frecuencia Line
Voltage Transformer,,\VM-PF.IntUser\PDD 30-09-2025.IntPrj\Network Model.IntPrjfolder\Network Data.IntPrjfolder\NORTE 138 kV.ElmNet\Falcondo.ElmSite\ZFALCE.ElmSubstat\2(1).ElmTerm\WBFALC38(2).StaCubic\Voltage Transformer.StaVt,0,CIBAO SUR,NORTE,NORTE 138 kV,ZFALCE,Voltage Transformer Relé Frecuencia Line
Voltage Transformer,,\VM-PF.IntUser\PDD 30-09-2025.IntPrj\Network Model.IntPrjfolder\Network Data.IntPrjfolder\NORTE 138 kV.ElmNet\Falcondo.ElmSite\ZFALCE.ElmSubstat\3.ElmTerm\WBFALC38(2).StaCubic\Voltage Transformer.StaVt,0,CIBAO SUR,NORTE,NORTE 138 kV,ZFALCE,Voltage Transformer Relé Frecuencia Line
Voltage Transformer,,\VM-PF.IntUser\PDD 30-09-2025.IntPrj\Network Model.IntPrjfolder\Network Data.IntPrjfolder\NORTE 138 kV.ElmNet\Falcondo.ElmSite\ZFALCE.ElmSubstat\4.ElmTerm\WBFALC38(2).StaCubic\Voltage Transformer.StaVt,0,CIBAO SUR,NORTE,NORTE 138 kV,ZFALCE,Voltage Transformer Relé Frecuencia Line
Voltage Transformer,,\VM-PF.IntUser\PDD 30-09-2025.IntPrj\Network Model.IntPrjfolder\Network Data.IntPrjfolder\NORTE 138 kV.ElmNet\ZSFELE(1).ElmSubstat\WSFELE(2).ElmTerm\WBSFELE(2).StaCubic\Voltage Transformer.StaVt,0,,NORTE,NORTE 138 kV,ZSFELE(1),Voltage Transformer Relé Frecuencia Line
Voltage Transformer,,\VM-PF.IntUser\PDD 30-09-2025.IntPrj\Network Model.IntPrjfolder\Network Data.IntPrjfolder\NORTE 138 kV.ElmNet\SAJOMA.ElmSite\Planta_SAJOMA.ElmComp\Voltage Transformer.StaVt,0,,,NORTE 138 kV,,
Voltage Transformer,,\VM-PF.IntUser\PDD 30-09-2025.IntPrj\Network Model.IntPrjfolder\Network Data.IntPrjfolder\NORTE 138 kV.ElmNet\ZSFELE.ElmSubstat\138 kV San Felipe B1.ElmTerm\Cub_2.StaCubic\Voltage Transformer.StaVt,0,CIBAO NORTE,NORTE,NORTE 138 kV,ZSFELE,Voltage Transformer Relé Frecuencia Line
Voltage Transformer,,\VM-PF.IntUser\PDD 30-09-2025.IntPrj\Network Model.IntPrjfolder\Network Data.IntPrjfolder\NORTE 138 kV.ElmNet\Matrisol.ElmSite\Planta_MATRISOL.ElmComp\Voltage Transformer.StaVt,0,,,NORTE 138 kV,,Voltage Transformer Type
VT-PS Esperanza,,\VM-PF.IntUser\PDD 30-09-2025.IntPrj\Network Model.IntPrjfolder\Network Data.IntPrjfolder\NORTE 138 kV.ElmNet\Esperanza.ElmSite\Planta_Parque Solar Esperanza.ElmComp\VT-PS Esperanza.StaVt,0,,,NORTE 138 kV,,
Voltage Transformer,,\VM-PF.IntUser\PDD 30-09-2025.IntPrj\Network Model.IntPrjfolder\Network Data.IntPrjfolder\SUR 69 kV.ElmNet\Sabaneta.ElmSite\ZSABAF.ElmSubstat\WSABAF(1).ElmTerm\WBSABAF(1).StaCubic\Voltage Transformer.StaVt,0,SUR MEDIO,SUR,SUR 69 kV,ZSABAF,Voltage Transformer Relé Frecuencia Line
Voltage Transformer,,\VM-PF.IntUser\PDD 30-09-2025.IntPrj\Network Model.IntPrjfolder\Network Data.IntPrjfolder\SUR 69 kV.ElmNet\ZBARAF.ElmSubstat\1.ElmTerm\Cub_1.StaCubic\Voltage Transformer.StaVt,0,SUR PROFUNDO,SUR,SUR 69 kV,ZBARAF,Voltage Transformer Relé Frecuencia Line
Voltage Transformer,,\VM-PF.IntUser\PDD 30-09-2025.IntPrj\Network Model.IntPrjfolder\Network Data.IntPrjfolder\SUR 69 kV.ElmNet\Lucila.ElmSite\Planta_Lucila.ElmComp\Voltage Transformer.StaVt,0,,,SUR 69 kV,,
Voltage Transformer,,\VM-PF.IntUser\PDD 30-09-2025.IntPrj\Network Model.IntPrjfolder\Network Data.IntPrjfolder\SUR 138 kV.ElmNet\Haina.ElmSite\ZHAINE.ElmSubstat\1.ElmTerm\Cub_1.StaCubic\Voltage Transformer.StaVt,0,SUR CERCANO,SUR,SUR 138 kV,ZHAINE,Voltage Transformer Relé Frecuencia Line
ZHAINE_ZITABE-L1-VT,,\VM-PF.IntUser\PDD 30-09-2025.IntPrj\Network Model.IntPrjfolder\Network Data.IntPrjfolder\SUR 138 kV.ElmNet\Haina.ElmSite\ZHAINE.ElmSubstat\3.ElmTerm\Cub_1.StaCubic\ZHAINE_ZITABE-L1-VT.StaVt,0,SUR CERCANO,SUR,SUR 138 kV,ZHAINE,VT 138/0.115 kV
ZHAINE_ZITABE-L2-VT,,\VM-PF.IntUser\PDD 30-09-2025.IntPrj\Network Model.IntPrjfolder\Network Data.IntPrjfolder\SUR 138 kV.ElmNet\Haina.ElmSite\ZHAINE.ElmSubstat\4.ElmTerm\Cub_1.StaCubic\ZHAINE_ZITABE-L2-VT.StaVt,0,SUR CERCANO,SUR,SUR 138 kV,ZHAINE,VT 138/0.115 kV
ZHAINE_ZMATAE-L2-VT,,\VM-PF.IntUser\PDD 30-09-2025.IntPrj\Network Model.IntPrjfolder\Network Data.IntPrjfolder\SUR 138 kV.ElmNet\Haina.ElmSite\ZHAINE.ElmSubstat\6.ElmTerm\Cub_1.StaCubic\ZHAINE_ZMATAE-L2-VT.StaVt,0,SUR CERCANO,SUR,SUR 138 kV,ZHAINE,VT 138/0.115 kV
ZHAINE_ZMATBE-L1-VT,,\VM-PF.IntUser\PDD 30-09-2025.IntPrj\Network Model.IntPrjfolder\Network Data.IntPrjfolder\SUR 138 kV.ElmNet\Haina.ElmSite\ZHAINE.ElmSubstat\5.ElmTerm\Cub_1.StaCubic\ZHAINE_ZMATBE-L1-VT.StaVt,0,SUR CERCANO,SUR,SUR 138 kV,ZHAINE,VT 138/0.115 kV
Voltage Transformer,,\VM-PF.IntUser\PDD 30-09-2025.IntPrj\Network Model.IntPrjfolder\Network Data.IntPrjfolder\SUR 138 kV.ElmNet\Haina.ElmSite\ZHAINF.ElmSubstat\R2.ElmTerm\Cub_2.StaCubic\Voltage Transformer.StaVt,0,SUR CERCANO,SUR,SUR 138 kV,ZHAINF,Voltage Transformer Relé Frecuencia Line
Voltage Transformer,,\VM-PF.IntUser\PDD 30-09-2025.IntPrj\Network Model.IntPrjfolder\Network Data.IntPrjfolder\SUR 138 kV.ElmNet\Barahona Carbón.ElmSite\ZBCARE.ElmSubstat\2.ElmTerm\Cub_1.StaCubic\Voltage Transformer.StaVt,0,SUR PROFUNDO,SUR,SUR 138 kV,ZBCARE,Voltage Transformer Relé Frecuencia Line
Voltage Transformer,,\VM-PF.IntUser\PDD 30-09-2025.IntPrj\Network Model.IntPrjfolder\Network Data.IntPrjfolder\SUR 138 kV.ElmNet\Barahona Carbón.ElmSite\ZBCARE.ElmSubstat\4.ElmTerm\Cub_1.StaCubic\Voltage Transformer.StaVt,0,SUR PROFUNDO,SUR,SUR 138 kV,ZBCARE,Voltage Transformer Relé Frecuencia Line
ZITABE_ZITAGE-L1-VT,,\VM-PF.IntUser\PDD 30-09-2025.IntPrj\Network Model.IntPrjfolder\Network Data.IntPrjfolder\SUR 138 kV.ElmNet\Itabo.ElmSite\ZITABE.ElmSubstat\1.ElmTerm\Cub_1.StaCubic\ZITABE_ZITAGE-L1-VT.StaVt,0,SUR CERCANO,SUR,SUR 138 kV,ZITABE,VT 138/0.115 kV
ZITABE_ZPALAE-L1-VT,,\VM-PF.IntUser\PDD 30-09-2025.IntPrj\Network Model.IntPrjfolder\Network Data.IntPrjfolder\SUR 138 kV.ElmNet\Itabo.ElmSite\ZITABE.ElmSubstat\2.ElmTerm\Cub_1.StaCubic\ZITABE_ZPALAE-L1-VT.StaVt,0,SUR CERCANO,SUR,SUR 138 kV,ZITABE,VT 138/0.115 kV
ZITABE_ZHERRE-L1-VT,,\VM-PF.IntUser\PDD 30-09-2025.IntPrj\Network Model.IntPrjfolder\Network Data.IntPrjfolder\SUR 138 kV.ElmNet\Itabo.ElmSite\ZITABE.ElmSubstat\6.ElmTerm\Cub_1.StaCubic\ZITABE_ZHERRE-L1-VT.StaVt,0,SUR CERCANO,SUR,SUR 138 kV,ZITABE,VT 138/0.115 kV
ZITABE_ZLPRAE-L1-VT,,\VM-PF.IntUser\PDD 30-09-2025.IntPrj\Network Model.IntPrjfolder\Network Data.IntPrjfolder\SUR 138 kV.ElmNet\Itabo.ElmSite\ZITABE.ElmSubstat\7.ElmTerm\Cub_1.StaCubic\ZITABE_ZLPRAE-L1-VT.StaVt,0,SUR CERCANO,SUR,SUR 138 kV,ZITABE,VT 138/0.115 kV
ZITABE_ZHAINE-L1-VT,,\VM-PF.IntUser\PDD 30-09-2025.IntPrj\Network Model.IntPrjfolder\Network Data.IntPrjfolder\SUR 138 kV.ElmNet\Itabo.ElmSite\ZITABE.ElmSubstat\8.ElmTerm\Cub_1.StaCubic\ZITABE_ZHAINE-L1-VT.StaVt,0,SUR CERCANO,SUR,SUR 138 kV,ZITABE,VT 138/0.115 kV
ZITABE_ZHAINE-L2-VT,,\VM-PF.IntUser\PDD 30-09-2025.IntPrj\Network Model.IntPrjfolder\Network Data.IntPrjfolder\SUR 138 kV.ElmNet\Itabo.ElmSite\ZITABE.ElmSubstat\9.ElmTerm\Cub_1.StaCubic\ZITABE_ZHAINE-L2-VT.StaVt,0,SUR CERCANO,SUR,SUR 138 kV,ZITABE,VT 138/0.115 kV
ZITAGE_ZITABE-L1-VT,,\VM-PF.IntUser\PDD 30-09-2025.IntPrj\Network Model.IntPrjfolder\Network Data.IntPrjfolder\SUR 138 kV.ElmNet\Itabo TG.ElmSite\ZITAGE.ElmSubstat\1.ElmTerm\Cub_1.StaCubic\ZITAGE_ZITABE-L1-VT.StaVt,0,SUR CERCANO,SUR,SUR 138 kV,ZITAGE,VT 138/0.115 kV
ZITAGE_ZJSA1E-L1-VT,,\VM-PF.IntUser\PDD 30-09-2025.IntPrj\Network Model.IntPrjfolder\Network Data.IntPrjfolder\SUR 138 kV.ElmNet\Itabo TG.ElmSite\ZITAGE.ElmSubstat\4.ElmTerm\Cub_1.StaCubic\ZITAGE_ZJSA1E-L1-VT.StaVt,0,SUR CERCANO,SUR,SUR 138 kV,ZITAGE,VT 138/0.115 kV
ZITAGE_ZJSA1E-L2-VT,,\VM-PF.IntUser\PDD 30-09-2025.IntPrj\Network Model.IntPrjfolder\Network Data.IntPrjfolder\SUR 138 kV.ElmNet\Itabo TG.ElmSite\ZITAGE.ElmSubstat\3.ElmTerm\Cub_1.StaCubic\ZITAGE_ZJSA1E-L2-VT.StaVt,0,SUR CERCANO,SUR,SUR 138 kV,ZITAGE,VT 138/0.115 kV
ZITAGE_ZUASDE-L1-VT,,\VM-PF.IntUser\PDD 30-09-2025.IntPrj\Network Model.IntPrjfolder\Network Data.IntPrjfolder\SUR 138 kV.ElmNet\Itabo TG.ElmSite\ZITAGE.ElmSubstat\2.ElmTerm\Cub_1.StaCubic\ZITAGE_ZUASDE-L1-VT.StaVt,0,SUR CERCANO,SUR,SUR 138 kV,ZITAGE,VT 138/0.115 kV
VT-Santanasol,,\VM-PF.IntUser\PDD 30-09-2025.IntPrj\Network Model.IntPrjfolder\Network Data.IntPrjfolder\SUR 138 kV.ElmNet\Santanasol.ElmSite\Planta_Santanasol.ElmComp\VT-Santanasol.StaVt,0,,,SUR 138 kV,,
Voltage Transformer,,\VM-PF.IntUser\PDD 30-09-2025.IntPrj\Network Model.IntPrjfolder\Network Data.IntPrjfolder\SUR 138 kV.ElmNet\Calabaza.ElmSite\Planta_Calabaza 1.ElmComp\Voltage Transformer.StaVt,0,,,SUR 138 kV,,Voltage Transformer Type
Voltage Transformer,,\VM-PF.IntUser\PDD 30-09-2025.IntPrj\Network Model.IntPrjfolder\Network Data.IntPrjfolder\SUR 138 kV.ElmNet\Planta_PS Los Negros.ElmComp\Voltage Transformer.StaVt,0,,,SUR 138 kV,,
ZAHO1E_ZPAL2E-L1-VT,,\VM-PF.IntUser\PDD 30-09-2025.IntPrj\Network Model.IntPrjfolder\Network Data.IntPrjfolder\CENTRAL 138 kV.ElmNet\Arroyo Hondo.ElmSite\ZAHONE.ElmSubstat\E02.ElmTerm\Cub_1.StaCubic\ZAHO1E_ZPAL2E-L1-VT.StaVt,0,DISTRITO NACIONAL,CENTRAL,CENTRAL 138 kV,ZAHONE,VT 138/0.115 kV
ZAHO1E_ZLISAE-L1-VT,,\VM-PF.IntUser\PDD 30-09-2025.IntPrj\Network Model.IntPrjfolder\Network Data.IntPrjfolder\CENTRAL 138 kV.ElmNet\Arroyo Hondo.ElmSite\ZAHONE.ElmSubstat\E08.ElmTerm\Cub_1.StaCubic\ZAHO1E_ZLISAE-L1-VT.StaVt,0,DISTRITO NACIONAL,CENTRAL,CENTRAL 138 kV,ZAHONE,VT 138/0.115 kV
ZHERRE_ZITABE-L1-VT,,\VM-PF.IntUser\PDD 30-09-2025.IntPrj\Network Model.IntPrjfolder\Network Data.IntPrjfolder\CENTRAL 138 kV.ElmNet\Herrera.ElmSite\ZHERRE.ElmSubstat\WHERRE(8).ElmTerm\WBHE38E(2).StaCubic\ZHERRE_ZITABE-L1-VT.StaVt,0,SANTO DOMINGO,CENTRAL,CENTRAL 138 kV,ZHERRE,VT 138/0.110 kV
ZHERRE_ZLPRAE-L1-VT,,\VM-PF.IntUser\PDD 30-09-2025.IntPrj\Network Model.IntPrjfolder\Network Data.IntPrjfolder\CENTRAL 138 kV.ElmNet\Herrera.ElmSite\ZHERRE.ElmSubstat\WHERRE(7).ElmTerm\WBHE38E(1).StaCubic\ZHERRE_ZLPRAE-L1-VT.StaVt,0,SANTO DOMINGO,CENTRAL,CENTRAL 138 kV,ZHERRE,VT 138/0.110 kV
ZBCHIE_ZHNSAE-L1-VT,,\VM-PF.IntUser\PDD 30-09-2025.IntPrj\Network Model.IntPrjfolder\Network Data.IntPrjfolder\CENTRAL 138 kV.ElmNet\Boca Chica.ElmSite\ZBCHIE.ElmSubstat\1.ElmTerm\Cub_1.StaCubic\ZBCHIE_ZHNSAE-L1-VT.StaVt,0,SANTO DOMINGO,CENTRAL,CENTRAL 138 kV,ZBCHIE,VT 138/0.115 kV
ZBCHIE_ZSPM2E-L1-VT,,\VM-PF.IntUser\PDD 30-09-2025.IntPrj\Network Model.IntPrjfolder\Network Data.IntPrjfolder\CENTRAL 138 kV.ElmNet\Boca Chica.ElmSite\ZBCHIE.ElmSubstat\2.ElmTerm\Cub_1.StaCubic\ZBCHIE_ZSPM2E-L1-VT.StaVt,0,SANTO DOMINGO,CENTRAL,CENTRAL 138 kV,ZBCHIE,VT 138/0.115 kV
ZEMBAE_ZLPRAE-L1-VT,,\VM-PF.IntUser\PDD 30-09-2025.IntPrj\Network Model.IntPrjfolder\Network Data.IntPrjfolder\CENTRAL 138 kV.ElmNet\ZEMBAE.ElmSubstat\WEMBAE(2).ElmTerm\WBEMBAE(2).StaCubic\ZEMBAE_ZLPRAE-L1-VT.StaVt,0,DISTRITO NACIONAL,CENTRAL,CENTRAL 138 kV,ZEMBAE,VT 138/0.115 kV
ZEMBAE_ZMATAE-L1-VT,,\VM-PF.IntUser\PDD 30-09-2025.IntPrj\Network Model.IntPrjfolder\Network Data.IntPrjfolder\CENTRAL 138 kV.ElmNet\ZEMBAE.ElmSubstat\WEMBAE(1).ElmTerm\WBEMBAE(1).StaCubic\ZEMBAE_ZMATAE-L1-VT.StaVt,0,DISTRITO NACIONAL,CENTRAL,CENTRAL 138 kV,ZEMBAE,VT 138/0.115 kV
ZHNS2E_ZLM11E-L1-VT,,\VM-PF.IntUser\PDD 30-09-2025.IntPrj\Network Model.IntPrjfolder\Network Data.IntPrjfolder\CENTRAL 138 kV.ElmNet\Hainamosa.ElmSite\ZHNSAE.ElmSubstat\E11.ElmTerm\Cub_1.StaCubic\ZHNS2E_ZLM11E-L1-VT.StaVt,0,SANTO DOMINGO,CENTRAL,CENTRAL 138 kV,ZHNSAE,VT 138/0.115 kV
ZHNSAE_ZLMINE-L2-VT,,\VM-PF.IntUser\PDD 30-09-2025.IntPrj\Network Model.IntPrjfolder\Network Data.IntPrjfolder\CENTRAL 138 kV.ElmNet\Hainamosa.ElmSite\ZHNSAE.ElmSubstat\E12.ElmTerm\Cub_1.StaCubic\ZHNSAE_ZLMINE-L2-VT.StaVt,0,SANTO DOMINGO,CENTRAL,CENTRAL 138 kV,ZHNSAE,VT 138/0.115 kV
ZHNSAE_ZVMELE-L1-VT,,\VM-PF.IntUser\PDD 30-09-2025.IntPrj\Network Model.IntPrjfolder\Network Data.IntPrjfolder\CENTRAL 138 kV.ElmNet\Hainamosa.ElmSite\ZHNSAE.ElmSubstat\E16.ElmTerm\Cub_1.StaCubic\ZHNSAE_ZVMELE-L1-VT.StaVt,0,SANTO DOMINGO,CENTRAL,CENTRAL 138 kV,ZHNSAE,VT 138/0.115 kV
ZHNSAE_ZEBRIE-L1-VT,,\VM-PF.IntUser\PDD 30-09-2025.IntPrj\Network Model.IntPrjfolder\Network Data.IntPrjfolder\CENTRAL 138 kV.ElmNet\Hainamosa.ElmSite\ZHNSAE.ElmSubstat\E15.ElmTerm\Cub_1.StaCubic\ZHNSAE_ZEBRIE-L1-VT.StaVt,0,SANTO DOMINGO,CENTRAL,CENTRAL 138 kV,ZHNSAE,VT 138/0.115 kV
ZHNSAE_ZVDU1E-L1-VT,,\VM-PF.IntUser\PDD 30-09-2025.IntPrj\Network Model.IntPrjfolder\Network Data.IntPrjfolder\CENTRAL 138 kV.ElmNet\Hainamosa.ElmSite\ZHNSAE.ElmSubstat\E17.ElmTerm\Cub_1.StaCubic\ZHNSAE_ZVDU1E-L1-VT.StaVt,0,SANTO DOMINGO,CENTRAL,CENTRAL 138 kV,ZHNSAE,VT 138/0.115 kV
ZHNSAE_ZBCHIE-L1-VT,,\VM-PF.IntUser\PDD 30-09-2025.IntPrj\Network Model.IntPrjfolder\Network Data.IntPrjfolder\CENTRAL 138 kV.ElmNet\Hainamosa.ElmSite\ZHNSAE.ElmSubstat\E5.ElmTerm\Cub_1.StaCubic\ZHNSAE_ZBCHIE-L1-VT.StaVt,0,SANTO DOMINGO,CENTRAL,CENTRAL 138 kV,ZHNSAE,VT 138/0.115 kV
ZHNSAE_ZJDOLE-L1-VT,,\VM-PF.IntUser\PDD 30-09-2025.IntPrj\Network Model.IntPrjfolder\Network Data.IntPrjfolder\CENTRAL 138 kV.ElmNet\Hainamosa.ElmSite\ZHNSAE.ElmSubstat\E4.ElmTerm\Cub_1.StaCubic\ZHNSAE_ZJDOLE-L1-VT.StaVt,0,SANTO DOMINGO,CENTRAL,CENTRAL 138 kV,ZHNSAE,VT 138/0.115 kV
ZHNSAE_ZPAL2E-L1-VT,,\VM-PF.IntUser\PDD 30-09-2025.IntPrj\Network Model.IntPrjfolder\Network Data.IntPrjfolder\CENTRAL 138 kV.ElmNet\Hainamosa.ElmSite\ZHNSAE.ElmSubstat\E14.ElmTerm\Cub_1.StaCubic\ZHNSAE_ZPAL2E-L1-VT.StaVt,0,SANTO DOMINGO,CENTRAL,CENTRAL 138 kV,ZHNSAE,VT 138/0.115 kV
ZHNSAE_ZAAINE-L1-VT,,\VM-PF.IntUser\PDD 30-09-2025.IntPrj\Network Model.IntPrjfolder\Network Data.IntPrjfolder\CENTRAL 138 kV.ElmNet\Hainamosa.ElmSite\ZHNSAE.ElmSubstat\E1.ElmTerm\Cub_1.StaCubic\ZHNSAE_ZAAINE-L1-VT.StaVt,0,SANTO DOMINGO,CENTRAL,CENTRAL 138 kV,ZHNSAE,VT 138/0.115 kV
ZHNSAE_ZAAINE-L2-VT,,\VM-PF.IntUser\PDD 30-09-2025.IntPrj\Network Model.IntPrjfolder\Network Data.IntPrjfolder\CENTRAL 138 kV.ElmNet\Hainamosa.ElmSite\ZHNSAE.ElmSubstat\E2.ElmTerm\Cub_1.StaCubic\ZHNSAE_ZAAINE-L2-VT.StaVt,0,SANTO DOMINGO,CENTRAL,CENTRAL 138 kV,ZHNSAE,VT 138/0.115 kV
ZHNSAE_ZLMINE-L3-VT,,\VM-PF.IntUser\PDD 30-09-2025.IntPrj\Network Model.IntPrjfolder\Network Data.IntPrjfolder\CENTRAL 138 kV.ElmNet\Hainamosa.ElmSite\ZHNSAE.ElmSubstat\E7.ElmTerm\Cub_1.StaCubic\ZHNSAE_ZLMINE-L3-VT.StaVt,0,SANTO DOMINGO,CENTRAL,CENTRAL 138 kV,ZHNSAE,VT 138/0.115 kV
Voltage Transformer,,\VM-PF.IntUser\PDD 30-09-2025.IntPrj\Network Model.IntPrjfolder\Network Data.IntPrjfolder\CENTRAL 138 kV.ElmNet\Hainamosa.ElmSite\ZHNSAE.ElmSubstat\F3.ElmTerm\Cub_2.StaCubic\Voltage Transformer.StaVt,0,SANTO DOMINGO,CENTRAL,CENTRAL 138 kV,ZHNSAE,Voltage Transformer Relé Frecuencia Line
ZHNSAE_ZLMINE-L3-VT,,\VM-PF.IntUser\PDD 30-09-2025.IntPrj\Network Model.IntPrjfolder\Network Data.IntPrjfolder\CENTRAL 138 kV.ElmNet\Hainamosa.ElmSite\ZHNSAE.ElmSubstat\E9.ElmTerm\Cub_1.StaCubic\ZHNSAE_ZLMINE-L3-VT.StaVt,0,SANTO DOMINGO,CENTRAL,CENTRAL 138 kV,ZHNSAE,VT 138/0.115 kV
ZVDUAE_ZTIM2E-L1-VT,,\VM-PF.IntUser\PDD 30-09-2025.IntPrj\Network Model.IntPrjfolder\Network Data.IntPrjfolder\CENTRAL 138 kV.ElmNet\Villa Duarte.ElmSite\ZVDUAE.ElmSubstat\E4.ElmTerm\Cub_1.StaCubic\ZVDUAE_ZTIM2E-L1-VT.StaVt,0,SANTO DOMINGO,CENTRAL,CENTRAL 138 kV,ZVDUAE,VT 138/0.115 kV
ZVDUAE_ZLMINE-L1-VT,,\VM-PF.IntUser\PDD 30-09-2025.IntPrj\Network Model.IntPrjfolder\Network Data.IntPrjfolder\CENTRAL 138 kV.ElmNet\Villa Duarte.ElmSite\ZVDUAE.ElmSubstat\E1.ElmTerm\Cub_1.StaCubic\ZVDUAE_ZLMINE-L1-VT.StaVt,0,SANTO DOMINGO,CENTRAL,CENTRAL 138 kV,ZVDUAE,VT 138/0.115 kV
ZVDUAE_ZEBRIE-L1-VT,,\VM-PF.IntUser\PDD 30-09-2025.IntPrj\Network Model.IntPrjfolder\Network Data.IntPrjfolder\CENTRAL 138 kV.ElmNet\Villa Duarte.ElmSite\ZVDUAE.ElmSubstat\E5.ElmTerm\Cub_1.StaCubic\ZVDUAE_ZEBRIE-L1-VT.StaVt,0,SANTO DOMINGO,CENTRAL,CENTRAL 138 kV,ZVDUAE,VT 138/0.115 kV
ZVDUAE_ZHNSAE-L1-VT,,\VM-PF.IntUser\PDD 30-09-2025.IntPrj\Network Model.IntPrjfolder\Network Data.IntPrjfolder\CENTRAL 138 kV.ElmNet\Villa Duarte.ElmSite\ZVDUAE.ElmSubstat\E3.ElmTerm\Cub_1.StaCubic\ZVDUAE_ZHNSAE-L1-VT.StaVt,0,SANTO DOMINGO,CENTRAL,CENTRAL 138 kV,ZVDUAE,VT 138/0.115 kV
ZMATBE_ZHAINE-L1-VT,,\VM-PF.IntUser\PDD 30-09-2025.IntPrj\Network Model.IntPrjfolder\Network Data.IntPrjfolder\CENTRAL 138 kV.ElmNet\ZMATAE.ElmSubstat\L1.ElmTerm\Cub_1.StaCubic\ZMATBE_ZHAINE-L1-VT.StaVt,0,DISTRITO NACIONAL,CENTRAL,CENTRAL 138 kV,ZMATAE,VT 138/0.115 kV
ZMATBE_ZUASDE-L1-VT,,\VM-PF.IntUser\PDD 30-09-2025.IntPrj\Network Model.IntPrjfolder\Network Data.IntPrjfolder\CENTRAL 138 kV.ElmNet\ZMATAE.ElmSubstat\L2.ElmTerm\Cub_1.StaCubic\ZMATBE_ZUASDE-L1-VT.StaVt,0,DISTRITO NACIONAL,CENTRAL,CENTRAL 138 kV,ZMATAE,VT 138/0.120 kV
ZMATBE_ZMETAE-L1-VT,,\VM-PF.IntUser\PDD 30-09-2025.IntPrj\Network Model.IntPrjfolder\Network Data.IntPrjfolder\CENTRAL 138 kV.ElmNet\ZMATAE.ElmSubstat\L3.ElmTerm\Cub_1.StaCubic\ZMATBE_ZMETAE-L1-VT.StaVt,0,DISTRITO NACIONAL,CENTRAL,CENTRAL 138 kV,ZMATAE,VT 138/0.115 kV
ZMATBE_ZHAINE-L2-VT,,\VM-PF.IntUser\PDD 30-09-2025.IntPrj\Network Model.IntPrjfolder\Network Data.IntPrjfolder\CENTRAL 138 kV.ElmNet\ZMATAE.ElmSubstat\R1.ElmTerm\Cub_1.StaCubic\ZMATBE_ZHAINE-L2-VT.StaVt,0,DISTRITO NACIONAL,CENTRAL,CENTRAL 138 kV,ZMATAE,VT 138/0.115 kV
ZMATAE_ZEMBAE-L1-VT,,\VM-PF.IntUser\PDD 30-09-2025.IntPrj\Network Model.IntPrjfolder\Network Data.IntPrjfolder\CENTRAL 138 kV.ElmNet\ZMATAE.ElmSubstat\R2.ElmTerm\Cub_1.StaCubic\ZMATAE_ZEMBAE-L1-VT.StaVt,0,DISTRITO NACIONAL,CENTRAL,CENTRAL 138 kV,ZMATAE,VT 138/0.115 kV
Voltage Transformer,,\VM-PF.IntUser\PDD 30-09-2025.IntPrj\Network Model.IntPrjfolder\Network Data.IntPrjfolder\CENTRAL 138 kV.ElmNet\Los Mina 6.ElmSite\ZLMI6E.ElmSubstat\2.ElmTerm\Cub_1.StaCubic\Voltage Transformer.StaVt,0,SANTO DOMINGO,CENTRAL,CENTRAL 138 kV,ZLMI6E,Voltage Transformer Relé Frecuencia Line
ZAANDE_ZAAINE-L1-VT,,\VM-PF.IntUser\PDD 30-09-2025.IntPrj\Network Model.IntPrjfolder\Network Data.IntPrjfolder\CENTRAL 138 kV.ElmNet\AES Andrés.ElmSite\ZAANDE.ElmSubstat\1.ElmTerm\Cub_1.StaCubic\ZAANDE_ZAAINE-L1-VT.StaVt,0,SANTO DOMINGO,CENTRAL,CENTRAL 138 kV,ZAANDE,VT 138/0.115 kV
Voltage Transformer,,\VM-PF.IntUser\PDD 30-09-2025.IntPrj\Network Model.IntPrjfolder\Network Data.IntPrjfolder\CENTRAL 138 kV.ElmNet\AES Andrés.ElmSite\ZAANDE.ElmSubstat\3.ElmTerm\Cub_1.StaCubic\Voltage Transformer.StaVt,0,SANTO DOMINGO,CENTRAL,CENTRAL 138 kV,ZAANDE,Voltage Transformer Relé Frecuencia Line
Voltage Transformer,,\VM-PF.IntUser\PDD 30-09-2025.IntPrj\Network Model.IntPrjfolder\Network Data.IntPrjfolder\CENTRAL 138 kV.ElmNet\AES Andrés.ElmSite\ZAANDE.ElmSubstat\4.ElmTerm\Cub_1.StaCubic\Voltage Transformer.StaVt,0,SANTO DOMINGO,CENTRAL,CENTRAL 138 kV,ZAANDE,Voltage Transformer Relé Frecuencia Line
ZMETAE_ZMATBE-L1-VT,,\VM-PF.IntUser\PDD 30-09-2025.IntPrj\Network Model.IntPrjfolder\Network Data.IntPrjfolder\CENTRAL 138 kV.ElmNet\METALDOM.ElmSite\ZMETAE.ElmSubstat\WMETAE(1).ElmTerm\WBMETAE(1).StaCubic\ZMETAE_ZMATBE-L1-VT.StaVt,0,DISTRITO NACIONAL,CENTRAL,CENTRAL 138 kV,ZMETAE,VT 138/0.115 kV
ZPARAE_ZMETRE-L1-VT,,\VM-PF.IntUser\PDD 30-09-2025.IntPrj\Network Model.IntPrjfolder\Network Data.IntPrjfolder\CENTRAL 138 kV.ElmNet\ZPARAE.ElmSubstat\WPARAE(6).ElmTerm\WBPARA(1).StaCubic\ZPARAE_ZMETRE-L1-VT.StaVt,0,DISTRITO NACIONAL,CENTRAL,CENTRAL 138 kV,ZPARAE,VT 138/0.115 kV
ZPARAE_ZJSA2E-L1-VT,,\VM-PF.IntUser\PDD 30-09-2025.IntPrj\Network Model.IntPrjfolder\Network Data.IntPrjfolder\CENTRAL 138 kV.ElmNet\ZPARAE.ElmSubstat\1.ElmTerm\Cub_1.StaCubic\ZPARAE_ZJSA2E-L1-VT.StaVt,0,DISTRITO NACIONAL,CENTRAL,CENTRAL 138 kV,ZPARAE,VT 138/0.115 kV
ZPARAE_ZMETRE-L1-VT,,\VM-PF.IntUser\PDD 30-09-2025.IntPrj\Network Model.IntPrjfolder\Network Data.IntPrjfolder\CENTRAL 138 kV.ElmNet\ZPARAE.ElmSubstat\2.ElmTerm\WBPARA(1).StaCubic\ZPARAE_ZMETRE-L1-VT.StaVt,0,DISTRITO NACIONAL,CENTRAL,CENTRAL 138 kV,ZPARAE,VT 138/0.115 kV
ZTIM2E_ZLMINE-L1-VT,,\VM-PF.IntUser\PDD 30-09-2025.IntPrj\Network Model.IntPrjfolder\Network Data.IntPrjfolder\CENTRAL 138 kV.ElmNet\Timbeque 2.ElmSite\ZTIM2E.ElmSubstat\L2.ElmTerm\Cub_1.StaCubic\ZTIM2E_ZLMINE-L1-VT.StaVt,0,DISTRITO NACIONAL,CENTRAL,CENTRAL 138 kV,ZTIM2E,VT 138/0.115 kV
ZTIM2E_ZVDUAE-L1-VT,,\VM-PF.IntUser\PDD 30-09-2025.IntPrj\Network Model.IntPrjfolder\Network Data.IntPrjfolder\CENTRAL 138 kV.ElmNet\Timbeque 2.ElmSite\ZTIM2E.ElmSubstat\R1.ElmTerm\Cub_1.StaCubic\ZTIM2E_ZVDUAE-L1-VT.StaVt,0,DISTRITO NACIONAL,CENTRAL,CENTRAL 138 kV,ZTIM2E,VT 138/0.115 kV
ZTIM2E_ZCNPEE-L1-VT,,\VM-PF.IntUser\PDD 30-09-2025.IntPrj\Network Model.IntPrjfolder\Network Data.IntPrjfolder\CENTRAL 138 kV.ElmNet\Timbeque 2.ElmSite\ZTIM2E.ElmSubstat\R2.ElmTerm\Cub_1.StaCubic\ZTIM2E_ZCNPEE-L1-VT.StaVt,0,DISTRITO NACIONAL,CENTRAL,CENTRAL 138 kV,ZTIM2E,VT 138/0.115 kV
Voltage Transformer,,\VM-PF.IntUser\PDD 30-09-2025.IntPrj\Network Model.IntPrjfolder\Network Data.IntPrjfolder\CENTRAL 138 kV.ElmNet\Los Mina 5.ElmSite\ZLMI5E.ElmSubstat\2.ElmTerm\Cub_1.StaCubic\Voltage Transformer.StaVt,0,SANTO DOMINGO,CENTRAL,CENTRAL 138 kV,ZLMI5E,Voltage Transformer Relé Frecuencia Line
ZPALAE_ZBON2E-L1-VT,,\VM-PF.IntUser\PDD 30-09-2025.IntPrj\Network Model.IntPrjfolder\Network Data.IntPrjfolder\CENTRAL 138 kV.ElmNet\Palamara.ElmSite\ZPALAE.ElmSubstat\1.ElmTerm\Cub_1.StaCubic\ZPALAE_ZBON2E-L1-VT.StaVt,0,SANTO DOMINGO,CENTRAL,CENTRAL 138 kV,ZPALAE,VT 138/0.115 kV
ZPALAE_ZBON2E-L2-VT,,\VM-PF.IntUser\PDD 30-09-2025.IntPrj\Network Model.IntPrjfolder\Network Data.IntPrjfolder\CENTRAL 138 kV.ElmNet\Palamara.ElmSite\ZPALAE.ElmSubstat\2.ElmTerm\Cub_1.StaCubic\ZPALAE_ZBON2E-L2-VT.StaVt,0,SANTO DOMINGO,CENTRAL,CENTRAL 138 kV,ZPALAE,VT 138/0.115 kV
ZPAL1E_ZJSA2E-L2-VT,,\VM-PF.IntUser\PDD 30-09-2025.IntPrj\Network Model.IntPrjfolder\Network Data.IntPrjfolder\CENTRAL 138 kV.ElmNet\Palamara.ElmSite\ZPALAE.ElmSubstat\3.ElmTerm\Cub_1.StaCubic\ZPAL1E_ZJSA2E-L2-VT.StaVt,0,SANTO DOMINGO,CENTRAL,CENTRAL 138 kV,ZPALAE,VT 138/0.115 kV
ZPAL1E_ZJSA2E-L1-VT,,\VM-PF.IntUser\PDD 30-09-2025.IntPrj\Network Model.IntPrjfolder\Network Data.IntPrjfolder\CENTRAL 138 kV.ElmNet\Palamara.ElmSite\ZPALAE.ElmSubstat\4.ElmTerm\Cub_1.StaCubic\ZPAL1E_ZJSA2E-L1-VT.StaVt,0,SANTO DOMINGO,CENTRAL,CENTRAL 138 kV,ZPALAE,VT 138/0.115 kV
ZPALAE_ZVMELE-L1-VT,,\VM-PF.IntUser\PDD 30-09-2025.IntPrj\Network Model.IntPrjfolder\Network Data.IntPrjfolder\CENTRAL 138 kV.ElmNet\Palamara.ElmSite\ZPALAE.ElmSubstat\5.ElmTerm\Cub_1.StaCubic\ZPALAE_ZVMELE-L1-VT.StaVt,0,SANTO DOMINGO,CENTRAL,CENTRAL 138 kV,ZPALAE,VT 138/0.115 kV
ZPALAE_ZHNS2E-L1-VT,,\VM-PF.IntUser\PDD 30-09-2025.IntPrj\Network Model.IntPrjfolder\Network Data.IntPrjfolder\CENTRAL 138 kV.ElmNet\Palamara.ElmSite\ZPALAE.ElmSubstat\6.ElmTerm\Cub_1.StaCubic\ZPALAE_ZHNS2E-L1-VT.StaVt,0,SANTO DOMINGO,CENTRAL,CENTRAL 138 kV,ZPALAE,VT 138/0.115 kV
ZPALAE_ZAHO1E-L1-VT,,\VM-PF.IntUser\PDD 30-09-2025.IntPrj\Network Model.IntPrjfolder\Network Data.IntPrjfolder\CENTRAL 138 kV.ElmNet\Palamara.ElmSite\ZPALAE.ElmSubstat\7.ElmTerm\Cub_1.StaCubic\ZPALAE_ZAHO1E-L1-VT.StaVt,0,SANTO DOMINGO,CENTRAL,CENTRAL 138 kV,ZPALAE,VT 138/0.115 kV
ZPALAE_ZITABE-L1-VT,,\VM-PF.IntUser\PDD 30-09-2025.IntPrj\Network Model.IntPrjfolder\Network Data.IntPrjfolder\CENTRAL 138 kV.ElmNet\Palamara.ElmSite\ZPALAE.ElmSubstat\8.ElmTerm\Cub_1.StaCubic\ZPALAE_ZITABE-L1-VT.StaVt,0,SANTO DOMINGO,CENTRAL,CENTRAL 138 kV,ZPALAE,VT 138/0.115 kV
ZPALAE_ZSCNOE-L1-VT,,\VM-PF.IntUser\PDD 30-09-2025.IntPrj\Network Model.IntPrjfolder\Network Data.IntPrjfolder\CENTRAL 138 kV.ElmNet\Palamara.ElmSite\ZPALAE.ElmSubstat\11.ElmTerm\Cub_1.StaCubic\ZPALAE_ZSCNOE-L1-VT.StaVt,0,SANTO DOMINGO,CENTRAL,CENTRAL 138 kV,ZPALAE,VT 138/0.115 kV
ZPALAE_ZVALDE-L1-VT,,\VM-PF.IntUser\PDD 30-09-2025.IntPrj\Network Model.IntPrjfolder\Network Data.IntPrjfolder\CENTRAL 138 kV.ElmNet\Palamara.ElmSite\ZPALAE.ElmSubstat\12.ElmTerm\Cub_1.StaCubic\ZPALAE_ZVALDE-L1-VT.StaVt,0,SANTO DOMINGO,CENTRAL,CENTRAL 138 kV,ZPALAE,VT 138/0.115 kV
Voltage Transformer,,\VM-PF.IntUser\PDD 30-09-2025.IntPrj\Network Model.IntPrjfolder\Network Data.IntPrjfolder\CENTRAL 138 kV.ElmNet\Mata de Palma 2.ElmSite\PF Washington Capital 2(1).ElmComp\Voltage Transformer.StaVt,0,,,CENTRAL 138 kV,,
Voltage Transformer,,\VM-PF.IntUser\PDD 30-09-2025.IntPrj\Network Model.IntPrjfolder\Network Data.IntPrjfolder\CENTRAL 138 kV.ElmNet\Mata de Palma 2.ElmSite\Planta_PF Washington Capital 3.ElmComp\Voltage Transformer.StaVt,0,,,CENTRAL 138 kV,,
ZLMINE_ZVDUAE-L1-VT,,\VM-PF.IntUser\PDD 30-09-2025.IntPrj\Network Model.IntPrjfolder\Network Data.IntPrjfolder\CENTRAL 138 kV.ElmNet\ZLMINE.ElmSubstat\R2.ElmTerm\Cub_1.StaCubic\ZLMINE_ZVDUAE-L1-VT.StaVt,0,SANTO DOMINGO,CENTRAL,CENTRAL 138 kV,ZLMINE,VT 138/0.115 kV
ZLMINE_ZHNSAE-L3-VT,,\VM-PF.IntUser\PDD 30-09-2025.IntPrj\Network Model.IntPrjfolder\Network Data.IntPrjfolder\CENTRAL 138 kV.ElmNet\ZLMINE.ElmSubstat\L1.ElmTerm\Cub_1.StaCubic\ZLMINE_ZHNSAE-L3-VT.StaVt,0,SANTO DOMINGO,CENTRAL,CENTRAL 138 kV,ZLMINE,VT 138/0.115 kV
ZLMINE_ZLMI5E-L1-VT,,\VM-PF.IntUser\PDD 30-09-2025.IntPrj\Network Model.IntPrjfolder\Network Data.IntPrjfolder\CENTRAL 138 kV.ElmNet\ZLMINE.ElmSubstat\L2.ElmTerm\Cub_1.StaCubic\ZLMINE_ZLMI5E-L1-VT.StaVt,0,SANTO DOMINGO,CENTRAL,CENTRAL 138 kV,ZLMINE,VT 138/0.115 kV
ZLMINE_ZHNSAE-L2-VT,,\VM-PF.IntUser\PDD 30-09-2025.IntPrj\Network Model.IntPrjfolder\Network Data.IntPrjfolder\CENTRAL 138 kV.ElmNet\ZLMINE.ElmSubstat\R1.ElmTerm\Cub_1.StaCubic\ZLMINE_ZHNSAE-L2-VT.StaVt,0,SANTO DOMINGO,CENTRAL,CENTRAL 138 kV,ZLMINE,VT 138/0.115 kV
ZLMINE_ZLMI6E-L1-VT,,\VM-PF.IntUser\PDD 30-09-2025.IntPrj\Network Model.IntPrjfolder\Network Data.IntPrjfolder\CENTRAL 138 kV.ElmNet\ZLMINE.ElmSubstat\R3.ElmTerm\Cub_1.StaCubic\ZLMINE_ZLMI6E-L1-VT.StaVt,0,SANTO DOMINGO,CENTRAL,CENTRAL 138 kV,ZLMINE,VT 138/0.115 kV
ZLM11E_ZLISAE-L1-VT,,\VM-PF.IntUser\PDD 30-09-2025.IntPrj\Network Model.IntPrjfolder\Network Data.IntPrjfolder\CENTRAL 138 kV.ElmNet\ZLMINE.ElmSubstat\L5.ElmTerm\Cub_1.StaCubic\ZLM11E_ZLISAE-L1-VT.StaVt,0,SANTO DOMINGO,CENTRAL,CENTRAL 138 kV,ZLMINE,VT 138/0.115 kV
ZLM11E_ZHNS2E-L1-VT,,\VM-PF.IntUser\PDD 30-09-2025.IntPrj\Network Model.IntPrjfolder\Network Data.IntPrjfolder\CENTRAL 138 kV.ElmNet\ZLMINE.ElmSubstat\L6.ElmTerm\Cub_1.StaCubic\ZLM11E_ZHNS2E-L1-VT.StaVt,0,SANTO DOMINGO,CENTRAL,CENTRAL 138 kV,ZLMINE,VT 138/0.115 kV
ZLMINE_ZLMI7E-L1-VT,,\VM-PF.IntUser\PDD 30-09-2025.IntPrj\Network Model.IntPrjfolder\Network Data.IntPrjfolder\CENTRAL 138 kV.ElmNet\ZLMINE.ElmSubstat\L8.ElmTerm\Cub_1.StaCubic\ZLMINE_ZLMI7E-L1-VT.StaVt,0,SANTO DOMINGO,CENTRAL,CENTRAL 138 kV,ZLMINE,VT 138/0.115 kV
ZLMINE_ZTIM2E-L1-VT,,\VM-PF.IntUser\PDD 30-09-2025.IntPrj\Network Model.IntPrjfolder\Network Data.IntPrjfolder\CENTRAL 138 kV.ElmNet\ZLMINE.ElmSubstat\R5.ElmTerm\Cub_1.StaCubic\ZLMINE_ZTIM2E-L1-VT.StaVt,0,SANTO DOMINGO,CENTRAL,CENTRAL 138 kV,ZLMINE,VT 138/0.115 kV
ZLISAE_ZAHO1E-L1-VT,,\VM-PF.IntUser\PDD 30-09-2025.IntPrj\Network Model.IntPrjfolder\Network Data.IntPrjfolder\CENTRAL 138 kV.ElmNet\ZLISAE.ElmSubstat\1.ElmTerm\Cub_1.StaCubic\ZLISAE_ZAHO1E-L1-VT.StaVt,0,DISTRITO NACIONAL,CENTRAL,CENTRAL 138 kV,ZLISAE,VT 138/0.115 kV
ZLISAE_ZLM11E-L1-VT,,\VM-PF.IntUser\PDD 30-09-2025.IntPrj\Network Model.IntPrjfolder\Network Data.IntPrjfolder\CENTRAL 138 kV.ElmNet\ZLISAE.ElmSubstat\4.ElmTerm\Cub_1.StaCubic\ZLISAE_ZLM11E-L1-VT.StaVt,0,DISTRITO NACIONAL,CENTRAL,CENTRAL 138 kV,ZLISAE,VT 138/0.115 kV
ZAAINE_ZAANDE-L1-VT,,\VM-PF.IntUser\PDD 30-09-2025.IntPrj\Network Model.IntPrjfolder\Network Data.IntPrjfolder\CENTRAL 138 kV.ElmNet\ZIAANE.ElmSubstat\1.ElmTerm\Cub_1.StaCubic\ZAAINE_ZAANDE-L1-VT.StaVt,0,SANTO DOMINGO,CENTRAL,CENTRAL 138 kV,ZIAANE,VT 138/0.115 kV
ZAAINE_ZHNSAE-L2-VT,,\VM-PF.IntUser\PDD 30-09-2025.IntPrj\Network Model.IntPrjfolder\Network Data.IntPrjfolder\CENTRAL 138 kV.ElmNet\ZIAANE.ElmSubstat\2.ElmTerm\Cub_1.StaCubic\ZAAINE_ZHNSAE-L2-VT.StaVt,0,SANTO DOMINGO,CENTRAL,CENTRAL 138 kV,ZIAANE,VT 138/0.115 kV
ZAAINE_ZHNSAE-L1-VT,,\VM-PF.IntUser\PDD 30-09-2025.IntPrj\Network Model.IntPrjfolder\Network Data.IntPrjfolder\CENTRAL 138 kV.ElmNet\ZIAANE.ElmSubstat\3.ElmTerm\Cub_1.StaCubic\ZAAINE_ZHNSAE-L1-VT.StaVt,0,SANTO DOMINGO,CENTRAL,CENTRAL 138 kV,ZIAANE,VT 138/0.115 kV
ZAAINE_ZHNSAE-L1-VT,,\VM-PF.IntUser\PDD 30-09-2025.IntPrj\Network Model.IntPrjfolder\Network Data.IntPrjfolder\CENTRAL 138 kV.ElmNet\ZIAANE.ElmSubstat\4.ElmTerm\Cub_1.StaCubic\ZAAINE_ZHNSAE-L1-VT.StaVt,0,SANTO DOMINGO,CENTRAL,CENTRAL 138 kV,ZIAANE,VT 138/0.115 kV
ZAAINE_ZCLUIE-L1-VT,,\VM-PF.IntUser\PDD 30-09-2025.IntPrj\Network Model.IntPrjfolder\Network Data.IntPrjfolder\CENTRAL 138 kV.ElmNet\ZIAANE.ElmSubstat\5.ElmTerm\Cub_1.StaCubic\ZAAINE_ZCLUIE-L1-VT.StaVt,0,SANTO DOMINGO,CENTRAL,CENTRAL 138 kV,ZIAANE,VT 138/0.115 kV
ZLPRAE_ZEMBAE-L1-VT,,\VM-PF.IntUser\PDD 30-09-2025.IntPrj\Network Model.IntPrjfolder\Network Data.IntPrjfolder\CENTRAL 138 kV.ElmNet\ZLPRAE.ElmSubstat\1.ElmTerm\Cub_1.StaCubic\ZLPRAE_ZEMBAE-L1-VT.StaVt,0,DISTRITO NACIONAL,CENTRAL,CENTRAL 138 kV,ZLPRAE,VT 138/0.115 kV
ZLPRAE_ZHERRE-L1-VT,,\VM-PF.IntUser\PDD 30-09-2025.IntPrj\Network Model.IntPrjfolder\Network Data.IntPrjfolder\CENTRAL 138 kV.ElmNet\ZLPRAE.ElmSubstat\3.ElmTerm\Cub_1.StaCubic\ZLPRAE_ZHERRE-L1-VT.StaVt,0,DISTRITO NACIONAL,CENTRAL,CENTRAL 138 kV,ZLPRAE,VT 138/0.115 kV
ZLPRAE_WITA2E-L1-VT,,\VM-PF.IntUser\PDD 30-09-2025.IntPrj\Network Model.IntPrjfolder\Network Data.IntPrjfolder\CENTRAL 138 kV.ElmNet\ZLPRAE.ElmSubstat\2.ElmTerm\Cub_1.StaCubic\ZLPRAE_WITA2E-L1-VT.StaVt,0,DISTRITO NACIONAL,CENTRAL,CENTRAL 138 kV,ZLPRAE,VT 138/0.115 kV
ZUASDE_ZCNPEE-L1-VT,,\VM-PF.IntUser\PDD 30-09-2025.IntPrj\Network Model.IntPrjfolder\Network Data.IntPrjfolder\CENTRAL 138 kV.ElmNet\ZUASDE.ElmSubstat\L1.ElmTerm\Cub_1.StaCubic\ZUASDE_ZCNPEE-L1-VT.StaVt,0,DISTRITO NACIONAL,CENTRAL,CENTRAL 138 kV,ZUASDE,VT 138/0.115 kV
ZUASDE_ZMATBE-L1-VT,,\VM-PF.IntUser\PDD 30-09-2025.IntPrj\Network Model.IntPrjfolder\Network Data.IntPrjfolder\CENTRAL 138 kV.ElmNet\ZUASDE.ElmSubstat\R1.ElmTerm\Cub_1.StaCubic\ZUASDE_ZMATBE-L1-VT.StaVt,0,DISTRITO NACIONAL,CENTRAL,CENTRAL 138 kV,ZUASDE,VT 138/0.115 kV
ZUASDE_ZITAGE-L1-VT,,\VM-PF.IntUser\PDD 30-09-2025.IntPrj\Network Model.IntPrjfolder\Network Data.IntPrjfolder\CENTRAL 138 kV.ElmNet\ZUASDE.ElmSubstat\L2.ElmTerm\Cub_1.StaCubic\ZUASDE_ZITAGE-L1-VT.StaVt,0,DISTRITO NACIONAL,CENTRAL,CENTRAL 138 kV,ZUASDE,VT 138/0.115 kV
ZEBRIE_ZHNSAE-L1-VT,,\VM-PF.IntUser\PDD 30-09-2025.IntPrj\Network Model.IntPrjfolder\Network Data.IntPrjfolder\CENTRAL 138 kV.ElmNet\ZEBRIE.ElmSubstat\2.ElmTerm\Cub_1.StaCubic\ZEBRIE_ZHNSAE-L1-VT.StaVt,0,SANTO DOMINGO,CENTRAL,CENTRAL 138 kV,ZEBRIE,VT 144/0.120 kV
ZEBRIE_VDU1E-L1-VT,,\VM-PF.IntUser\PDD 30-09-2025.IntPrj\Network Model.IntPrjfolder\Network Data.IntPrjfolder\CENTRAL 138 kV.ElmNet\ZEBRIE.ElmSubstat\1.ElmTerm\Cub_1.StaCubic\ZEBRIE_VDU1E-L1-VT.StaVt,0,SANTO DOMINGO,CENTRAL,CENTRAL 138 kV,ZEBRIE,VT 144/0.120 kV
ZMETRE_ZCNPEE-L1-VT,,\VM-PF.IntUser\PDD 30-09-2025.IntPrj\Network Model.IntPrjfolder\Network Data.IntPrjfolder\CENTRAL 138 kV.ElmNet\Metropolitano.ElmSite\ZMETRE.ElmSubstat\1.ElmTerm\Cub_1.StaCubic\ZMETRE_ZCNPEE-L1-VT.StaVt,0,DISTRITO NACIONAL,CENTRAL,CENTRAL 138 kV,ZMETRE,VT 138/0.115 kV
ZMETRE_ZPARAE-L1-VT,,\VM-PF.IntUser\PDD 30-09-2025.IntPrj\Network Model.IntPrjfolder\Network Data.IntPrjfolder\CENTRAL 138 kV.ElmNet\Metropolitano.ElmSite\ZMETRE.ElmSubstat\2.ElmTerm\Cub_1.StaCubic\ZMETRE_ZPARAE-L1-VT.StaVt,0,DISTRITO NACIONAL,CENTRAL,CENTRAL 138 kV,ZMETRE,VT 138/0.115 kV
ZVMELE_ZPAL2E-L1-VT,,\VM-PF.IntUser\PDD 30-09-2025.IntPrj\Network Model.IntPrjfolder\Network Data.IntPrjfolder\CENTRAL 138 kV.ElmNet\ZVMELE.ElmSubstat\1.ElmTerm\Cub_1.StaCubic\ZVMELE_ZPAL2E-L1-VT.StaVt,0,SANTO DOMINGO,CENTRAL,CENTRAL 138 kV,ZVMELE,VT 144/0.120 kV
ZVMELE_ZHNSAE-L1-VT,,\VM-PF.IntUser\PDD 30-09-2025.IntPrj\Network Model.IntPrjfolder\Network Data.IntPrjfolder\CENTRAL 138 kV.ElmNet\ZVMELE.ElmSubstat\2.ElmTerm\Cub_1.StaCubic\ZVMELE_ZHNSAE-L1-VT.StaVt,0,SANTO DOMINGO,CENTRAL,CENTRAL 138 kV,ZVMELE,VT 144/0.120 kV
ZVMELE_ZPAL2E-L1-VT,,\VM-PF.IntUser\PDD 30-09-2025.IntPrj\Network Model.IntPrjfolder\Network Data.IntPrjfolder\CENTRAL 138 kV.ElmNet\ZVMELE.ElmSubstat\5.ElmTerm\Cub_1.StaCubic\ZVMELE_ZPAL2E-L1-VT.StaVt,0,SANTO DOMINGO,CENTRAL,CENTRAL 138 kV,ZVMELE,VT 144/0.120 kV
Voltage Transformer,,\VM-PF.IntUser\PDD 30-09-2025.IntPrj\Network Model.IntPrjfolder\Network Data.IntPrjfolder\CENTRAL 138 kV.ElmNet\Planta Martí.ElmComp\Voltage Transformer.StaVt,0,,,CENTRAL 138 kV,,
Voltage Transformer,,\VM-PF.IntUser\PDD 30-09-2025.IntPrj\Network Model.IntPrjfolder\Network Data.IntPrjfolder\CENTRAL 138 kV.ElmNet\La Victoria.ElmSite\Planta_PF La Victoria.ElmComp\Voltage Transformer.StaVt,0,,,CENTRAL 138 kV,,
Voltage Transformer,,\VM-PF.IntUser\PDD 30-09-2025.IntPrj\Network Model.IntPrjfolder\Network Data.IntPrjfolder\NORTE 69 kV.ElmNet\Rincón.ElmSite\Terminal Rincón.ElmTerm\WRINCK.StaCubic\Voltage Transformer.StaVt,0,CIBAO SUR,NORTE,NORTE 69 kV,,Voltage Transformer Generadores
Voltage Transformer,,\VM-PF.IntUser\PDD 30-09-2025.IntPrj\Network Model.IntPrjfolder\Network Data.IntPrjfolder\NORTE 69 kV.ElmNet\Diésel La Vega.ElmSite\ZGVEGF.ElmSubstat\R2.ElmTerm\Cub_1.StaCubic\Voltage Transformer.StaVt,0,CIBAO SUR,NORTE,NORTE 69 kV,ZGVEGF,Voltage Transformer Relé Frecuencia Line
Voltage Transformer,,\VM-PF.IntUser\PDD 30-09-2025.IntPrj\Network Model.IntPrjfolder\Network Data.IntPrjfolder\NORTE 69 kV.ElmNet\Diésel La Vega.ElmSite\ZGVEGF.ElmSubstat\L2.ElmTerm\Cub_1.StaCubic\Voltage Transformer.StaVt,0,CIBAO SUR,NORTE,NORTE 69 kV,ZGVEGF,Voltage Transformer Relé Frecuencia Line
Voltage Transformer,,\VM-PF.IntUser\PDD 30-09-2025.IntPrj\Network Model.IntPrjfolder\Network Data.IntPrjfolder\NORTE 69 kV.ElmNet\ZPPLAF.ElmSubstat\4.ElmTerm\Cub_1.StaCubic\Voltage Transformer.StaVt,0,CIBAO NORTE,NORTE,NORTE 69 kV,ZPPLAF,Voltage Transformer Relé Frecuencia Line
