load_id_raw,resolved_bus_id,resolution_method,bus_candidate_count,bus_candidates,active_bus_candidates,metadata_bus_candidates,smc_row_count,smc_load_id_examples,load_name_examples,load_type_examples
ZABCOF-D1,WABCOF,unique_bus_in_demanda_smc,1,['WABCOF'],['WABCOF'],['WABCOF'],1,['3303-ABCOF-T01'],['ABCO'],['Declarado']
ZABISF-D1,WABISF,unique_bus_in_demanda_smc,1,['WABISF'],['WABISF'],['WABISF'],1,['2625-ABISF-T01'],['ARROZ BISONO'],['Declarado']
ZABRUF-D1,WABRUF,unique_bus_in_demanda_smc,1,['WABRUF'],['WABRUF'],['WABRUF'],1,['1295-ABRUF-T01'],['ACUEDUCTO BRUJUELA'],['Declarado']
ZACIBF-D1,WACIBF,unique_bus_in_demanda_smc,1,['WACIBF'],['WACIBF'],['WACIBF'],1,['2734-ACIBF-T01'],['ACERO CIBAO'],['Proyectado']
ZCCOLF-D1,WADMIF,unique_bus_in_demanda_smc,1,['WADMIF'],['WADMIF'],['WADMIF'],1,['3085-ADMIF-T01'],['ARGOS DOMINICANA (CEMENTO COLÓN)'],['Declarado']
ZADOMF-D1,WADOMF,unique_bus_in_demanda_smc,1,['WADOMF'],['WADOMF'],['WADOMF'],1,['1101-ADOMF-T01'],['ALUMINIO DOMINICANO'],['Declarado']
ZAHMIF-D1,WAHMIF,unique_bus_in_demanda_smc,1,['WAHMIF'],['WAHMIF'],['WAHMIF'],1,['2165-AHMIF-T01'],['ACUADUCTO HERMANAS MIRABAL'],['Declarado']
ZAHOBF-D1,WAHOBF,unique_bus_in_demanda_smc,1,['WAHOBF'],['WAHOBF'],['WAHOBF'],1,['1241-AHONF-T02'],['ARROYO HONDO B'],['Declarado']
ZAHONF-D1,WAHONF,unique_bus_in_demanda_smc,1,['WAHONF'],['WAHONF'],['WAHONF'],1,['1240-AHONF-T01'],['ARROYO HONDO'],['Declarado']
ZAAMEF-D1,WAIAMF,unique_bus_in_demanda_smc,1,['WAIAMF'],['WAIAMF'],['WAIAMF'],1,['1321-AAMEF-T01'],['AEROPUERTO INTERNACIONAL LAS AMÉRICAS'],['Declarado']
ZAIAZF-D1,WAIAZF,unique_bus_in_demanda_smc,1,['WAIAZF'],['WAIAZF'],['WAIAZF'],1,['3301-AIAZF-T01'],['ACUEDUCTO INAPA AZUA'],['Proyectado']
ZABARF-D1,WAIBAF,unique_bus_in_demanda_smc,1,['WAIBAF'],['WAIBAF'],['WAIBAF'],1,['3284-AIBAF-T01'],['AEROPUERTO INTERNACIONAL BARAHONA'],['Declarado']
ZAHIGF-D1,WAIISF,unique_bus_in_demanda_smc,1,['WAIISF'],['WAIISF'],['WAIISF'],1,['1239-AHIGF-T01'],['AEROPUERTO INTERNACIONAL LA ISABELA'],['Declarado']
ZALISF-D1,WAISAF,unique_bus_in_demanda_smc,1,['WAISAF'],['WAISAF'],['WAISAF'],1,['1539-AISAF-T01'],['ACUEDUCTO LA ISABELA'],['Declarado']
ZAISCF-D1,WAISCF,unique_bus_in_demanda_smc,1,['WAISCF'],['WAISCF'],['WAISCF'],1,['3287-AISCF-T01'],['ACUEDUCTO INAPA SAN CRISTOBAL'],['Declarado']
ZAISOF-D1,WAISOF,unique_bus_in_demanda_smc,1,['WAISOF'],['WAISOF'],['WAISOF'],1,['2642-AISOF-T01'],['ACUEDUCTO INAPA SOSUA'],['Declarado']
ZAPPLF-D1,WAIUNF,unique_bus_in_demanda_smc,1,['WAIUNF'],['WAIUNF'],['WAIUNF'],4,"['2641-APPLF-F01', '2641-APPLF-T01', '2641-APPLK-C01', '2641-APPLK-F01']",['AEROPUERTO INTERNACIONAL LA UNIÓN'],['Declarado']
ZZSPMF-D1,WAIZSF,unique_bus_in_demanda_smc,1,['WAIZSF'],['WAIZSF'],['WAIZSF'],1,['4190-ZSPMF-T01'],['ASOCIACIÓN INDUSUSTRIAS ZONA FRANCA SAN PEDRO DE MACORIS'],['Proyectado']
ZAORIF-D1,WAORIF,unique_bus_in_demanda_smc,1,['WAORIF'],['WAORIF'],['WAORIF'],1,['1345-AORIF-T01'],['ACUEDUCTO ORIENTAL'],['Declarado']
ZAPERF-D1,WAPERF,unique_bus_in_demanda_smc,1,['WAPERF'],['WAPERF'],['WAPERF'],1,['2080-APERF-T01'],['ABANICO PER'],['Declarado']
ZAPFAF-D1,WAPFAF,unique_bus_in_demanda_smc,1,['WAPFAF'],['WAPFAF'],['WAPFAF'],1,['2321-APFAF-T01'],['ARTÍCULOS PIEL FAVORITOS'],['Proyectado']
ZAQUIF-D1,WAQUIF,unique_bus_in_demanda_smc,1,['WAQUIF'],['WAQUIF'],['WAQUIF'],1,['2590-AQUIF-T01'],['ACUEDUCTO QUINIGUA'],['Declarado']
ZASOEF-D1,WASOEF,unique_bus_in_demanda_smc,1,['WASOEF'],['WASOEF'],['WASOEF'],1,['3295-ASOEF-T01'],['ACUEDUCTO SUR-OESTE'],['Declarado']
ZAZUAF-D1,WAZUAF,unique_bus_in_demanda_smc,1,['WAZUAF'],['WAZUAF'],['WAZUAF'],1,['3160-AZUAF-T01'],['AZUA'],['Declarado']
ZBALDF-D1,WBALDF,unique_bus_in_demanda_smc,1,['WBALDF'],['WBALDF'],['WBALDF'],1,['2322-BDOMF-T01'],['BALDOM'],['Declarado']
ZBANIF-D2,WBANIF,unique_bus_in_demanda_smc,1,['WBANIF'],['WBANIF'],['WBANIF'],2,"['3100-BANIF-T01', '3100-BANIF-T02']",['BANÍ'],"['Declarado', 'Proyectado']"
ZBAPEF-D1,WBAPEF,unique_bus_in_demanda_smc,1,['WBAPEF'],['WBAPEF'],['WBAPEF'],1,['3120-BAPEF-T01'],['BANÍ PER'],['Declarado']
ZBARAF-D2,WBARAF,unique_bus_in_demanda_smc,1,['WBARAF'],['WBARAF'],['WBARAF'],1,['3220-BARAF-T01'],['BARAHONA 69'],['Declarado']
ZBASIF-D1,WBASIF,unique_bus_in_demanda_smc,1,['WBASIF'],['WBASIF'],['WBASIF'],1,['1331-BASIF-T01'],['BASE AÉREA SAN ISIDRO'],['Declarado']
ZBAYOF-D1,WBAYOF,unique_bus_in_demanda_smc,1,['WBAYOF'],['WBAYOF'],['WBAYOF'],1,['1300-BAYOF-T01'],['BAYONA'],['Declarado']
ZBCHIE-D1,WBCHIE,unique_bus_in_demanda_smc,1,['WBCHIE'],['WBCHIE'],['WBCHIE'],8,"['1700-BCHIE-F02', '1700-BCHIE-T01', '1700-HHAMK-C01', '1700-HHAMK-F01', '1700-LLAMK-C01']",['BOCA CHICA 138'],"['Declarado', 'Proyectado']"
ZBCHIF-D1,WBCHIF,unique_bus_in_demanda_smc,1,['WBCHIF'],['WBCHIF'],[],4,"['1700-BCHIE-F02', '1700-BCHIE-T01']",['BOCA CHICA 69'],"['Declarado', 'Proyectado']"
ZBCHIF-D2,WBCHIF,unique_bus_in_demanda_smc,1,['WBCHIF'],[],[],2,['1700-HHAMK-F01'],['BOCA CHICA 69'],['Declarado']
ZBENEF-D1,WBENEF,unique_bus_in_demanda_smc,1,['WBENEF'],['WBENEF'],['WBENEF'],1,['4201-BENEK-C01'],['BENEDICTO'],['Declarado']
ZBLECF-D1,WBLECF,unique_bus_in_demanda_smc,1,['WBLECF'],['WBLECF'],['WBLECF'],1,['4100-BLECK-T01'],['BATEY LECHUGA'],['Declarado']
ZBMATF-D1,WBMATF,unique_bus_in_demanda_smc,1,['WBMATF'],['WBMATF'],['WBMATF'],1,['3101-BMATF-T01'],['BANÍ MATADERO'],['Declarado']
ZBMATF-D2,WBMATF,unique_bus_in_demanda_smc,1,['WBMATF'],['WBMATF'],['WBMATF'],1,['3101-BMATF-T02'],['BANÍ MATADERO'],['Declarado']
ZBNVIF-D1,WBNVFF,unique_bus_in_demanda_smc,1,['WBNVFF'],['WBNVFF'],['WBNVFF'],1,['1238-BNVIF-T01'],['BANCO NACIONAL DE LA VIVIENDA FACIL'],['Declarado']
ZBONAF-D1,WBONAF,unique_bus_in_demanda_smc,1,['WBONAF'],['WBONAF'],['WBONAF'],1,['2140-BONAF-T01'],['BONAO'],['Declarado']
ZBPERF-D1,WBOPEF,unique_bus_in_demanda_smc,1,['WBOPEF'],['WBOPEF'],['WBOPEF'],1,['2231-BPERF-T01'],['BONAO PER'],['Declarado']
ZBPERF-D2,WBOPEF,unique_bus_in_demanda_smc,1,['WBOPEF'],['WBOPEF'],['WBOPEF'],1,['2231-BPERF-T02'],['BONAO PER'],['Declarado']
ZBPOPF-D1,WBPOPF,unique_bus_in_demanda_smc,1,['WBPOPF'],['WBPOPF'],['WBPOPF'],1,['1124-BPOPF-T01'],['BANCO POPULAR'],['Proyectado']
ZBVISF-D1,WBVISF,unique_bus_in_demanda_smc,1,['WBVISF'],['WBVISF'],['WBVISF'],3,"['4505-ZRBVF-F01', '4505-ZRBVF-T01', '4505-ZRO1K-C01']",['BUENA VISTA'],"['Declarado', 'Proyectado']"
ZBVISF-D2,WBVISF,unique_bus_in_demanda_smc,1,['WBVISF'],[],['WBVISF'],1,['4505-ZRO1K-F01'],['BUENA VISTA'],['Proyectado']
ZCABAF-D1,WCABAF,unique_bus_in_demanda_smc,1,['WCABAF'],['WCABAF'],['WCABAF'],1,['2647-CABAF-T01'],['CABARETE'],['Declarado']
ZCANAE-D1,WCANAE,unique_bus_in_demanda_smc,1,['WCANAE'],['WCANAE'],['WCANAE'],1,['2400-CANAE-T01'],['CANABACOA 138'],['Declarado']
ZCAPOF-D1,WCAPOF,unique_bus_in_demanda_smc,1,['WCAPOF'],['WCAPOF'],['WCAPOF'],1,['1530-CAPOF-T01'],['CAPOTILLO'],['Declarado']
ZCAPOF-D2,WCAPOF,unique_bus_in_demanda_smc,1,['WCAPOF'],['WCAPOF'],['WCAPOF'],1,['1530-CAPOF-T02'],['CAPOTILLO'],['Declarado']
ZCATAF-D1,WCATAF,unique_bus_in_demanda_smc,1,['WCATAF'],['WCATAF'],['WCATAF'],1,['1290-CATAF-T01'],['CATALINA'],['Declarado']
ZCAYAF-D1,WCAYAF,unique_bus_in_demanda_smc,1,['WCAYAF'],['WCAYAF'],['WCAYAF'],1,['4660-CAYAF-T01'],['CAYACOA'],['Declarado']
ZCBOHF-D1,WCBOHF,unique_bus_in_demanda_smc,1,['WCBOHF'],['WCBOHF'],['WCBOHF'],4,"['1151-CBOHF-F02', '1151-CBOHF-T01', '1151-FERSK-C01', '1151-FERSK-F01']",['CERVECERÍA BOHEMIA'],['Declarado']
ZCBYNF-D1,WCBYNF,unique_bus_in_demanda_smc,1,['WCBYNF'],['WCBYNF'],['WCBYNF'],2,"['1301-CBYNF-T01', '1301-THNUK-C01']",['CABAYONA'],['Declarado']
ZCCARF-D1,WCCARF,unique_bus_in_demanda_smc,1,['WCCARF'],['WCCARF'],['WCCARF'],1,['1338-CCARF-T01'],['CARTONES DEL CARIBE'],['Proyectado']
ZCCIBF-D1,WCCIBF,unique_bus_in_demanda_smc,1,['WCCIBF'],['WCCIBF'],['WCCIBF'],1,['2240-CCIBF-T01'],['CEMENTOS CIBAO'],['Proyectado']
ZCDAGF-D1,WCDAGF,unique_bus_in_demanda_smc,1,['WCDAGF'],['WCDAGF'],['WCDAGF'],1,['1960-C16AF-T01'],['CAMPAMENTO DIECISEIS DE AGO'],['Declarado']
ZCEMEE-D1,WCEMEE,unique_bus_in_demanda_smc,1,['WCEMEE'],['WCEMEE'],['WCEMEE'],3,"['4805-CEMEE-T01', '4805-CEMEE-T02', '4805-CEMEK-F01']",['CEMEX 138'],['Declarado']
ZCENOF-D1,WCENOF,unique_bus_in_demanda_smc,1,['WCENOF'],['WCENOF'],['WCENOF'],1,['2160-CENOF-T01'],['CENOVÍ'],['Declarado']
ZCESPF-D1,WCESPF,unique_bus_in_demanda_smc,1,['WCESPF'],['WCESPF'],['WCESPF'],1,['2340-CESPF-T01'],['CRUCE DE ESPERANZA'],['Declarado']
ZCIPAF-D1,WCINDF,unique_bus_in_demanda_smc,1,['WCINDF'],['WCINDF'],['WCINDF'],1,['2241-CIPAF-T01'],['CARIBBEAN INDUSTRIAL'],['Proyectado']
ZCLUIE-D1,WCLUIE,unique_bus_in_demanda_smc,1,['WCLUIE'],['WCLUIE'],['WCLUIE'],1,['4620-CLUIE-T01'],['CIP LA LUISA'],['Proyectado']
ZCLUIE-D2,WCLUIE,unique_bus_in_demanda_smc,1,['WCLUIE'],['WCLUIE'],['WCLUIE'],1,['4620-CLUIE-T02'],['CIP LA LUISA'],['Proyectado']
WCLUIE-D3,WCLUIE,unique_bus_in_demanda_smc,1,['WCLUIE'],['WCLUIE'],['WCLUIE'],1,['4620-ECOAE-T03'],['CIP LA LUISA'],['Proyectado']
WCLUIE-D4,WCLUIE,unique_bus_in_demanda_smc,1,['WCLUIE'],['WCLUIE'],['WCLUIE'],1,['4620-ECOAE-T04'],['CIP LA LUISA'],['Proyectado']
ZCINAF-D1,WCNACF,unique_bus_in_demanda_smc,1,['WCNACF'],['WCNACF'],['WCNACF'],1,['1964-CNACF-T01'],['CÍTRICOS NACIONALES'],['Declarado']
ZCINAF-D2,WCNACF,unique_bus_in_demanda_smc,1,['WCNACF'],['WCNACF'],['WCNACF'],1,['1964-CNACF-T02'],['CÍTRICOS NACIONALES'],['Declarado']
ZCNPEE-D1,WCNPEE,unique_bus_in_demanda_smc,1,['WCNPEE'],['WCNPEE'],['WCNPEE'],9,"['1135-C30MK-C03', '1135-CNPEE-F04', '1135-CNPEE-T01', '1135-HJARK-C04', '1135-HJARK-F02', '1135-INVEK-C05', '1135-INVEK-F03', '1135-UIBEK-C04', '1135-UIBEK-F06']",['CÉSAR NICOLÁS PÉNSON'],['Declarado']
ZCNPEE-D3,WCNPEE,unique_bus_in_demanda_smc,1,['WCNPEE'],[],['WCNPEE'],1,['1135-C30MK-F01'],['CÉSAR NICOLÁS PÉNSON'],['Declarado']
ZCNPEE-D2,WCNPEE,unique_bus_in_demanda_smc,1,['WCNPEE'],['WCNPEE'],['WCNPEE'],1,['1135-CNPEE-T02'],['CÉSAR NICOLÁS PÉNSON'],['Declarado']
ZCSULF-D1,WCNSLF,unique_bus_in_demanda_smc,1,['WCNSLF'],['WCNSLF'],['WCNSLF'],1,['4020-CNSLF-T01'],['CONSUELO'],['Declarado']
ZCOCOF-D1,WCOCOF,unique_bus_in_demanda_smc,1,['WCOCOF'],['WCOCOF'],['WCOCOF'],1,['3070-COCOF-T01'],['CRUCE DE OCOA'],['Declarado']
ZCODAF-D1,WCODAF,unique_bus_in_demanda_smc,1,['WCODAF'],[],['WCODAF'],1,['2063-CODAF-T01'],['CODAL'],['Declarado']
ZCODAF-D2,WCODAF,unique_bus_in_demanda_smc,1,['WCODAF'],['WCODAF'],['WCODAF'],1,['2063-NESTF-T01'],['CODAL'],['Proyectado']
ZCOHEF-D1,WCOHEF,unique_bus_in_demanda_smc,1,['WCOHEF'],['WCOHEF'],['WCOHEF'],3,"['1610-CARIK-C04', '1610-COPEF-T01', '1610-SDCCK-C01']",['CENTRO OPERACIONES HERRERA'],"['Declarado', 'Proyectado']"
ZCONSF-D1,WCONSF,unique_bus_in_demanda_smc,1,['WCONSF'],['WCONSF'],['WCONSF'],1,['2480-CONSF-T01'],['CONSTANZA'],['Declarado']
ZCORMF-D1,WCORMF,unique_bus_in_demanda_smc,1,['WCORMF'],['WCORMF'],['WCORMF'],1,['2103-CORMF-T01'],['CORMIDOM'],['Proyectado']
ZCOTUF-D1,WCOTUF,unique_bus_in_demanda_smc,1,['WCOTUF'],['WCOTUF'],['WCOTUF'],4,"['2090-COTUF-F02', '2090-COTUF-T01', '2090-PALIK-C06', '2090-PALIK-F01']",['COTUÍ'],"['Declarado', 'Proyectado']"
ZCPVCF-D1,WCPVCF,unique_bus_in_demanda_smc,1,['WCPVCF'],['WCPVCF'],['WCPVCF'],1,['1954-CPVCF-T01'],['CORVI PVC'],['Declarado']
ZCSATF-D1,WCSATF,unique_bus_in_demanda_smc,1,['WCSATF'],['WCSATF'],['WCSATF'],6,"['1950-CIRCK-C03', '1950-CIRCK-F03', '1950-CSATF-F04', '1950-CSATF-T01', '1950-EBELK-C01', '1950-EBELK-F01']",['CIUDAD SATÉLITE'],['Declarado']
ZCVEGF-D1,WCVEGF,unique_bus_in_demanda_smc,1,['WCVEGF'],['WCVEGF'],['WCVEGF'],1,['2245-CVEGF-T01'],['CERVECERÍA VEGANA'],['Declarado']
ZCZFSF-D1,WCZFSF,unique_bus_in_demanda_smc,1,['WCZFSF'],['WCZFSF'],['WCZFSF'],1,['2733-CZFSF-T01'],['69 kV CORPORACIÓN ZONA FRANCA INDUSTRIAL SANTIAGO'],['Declarado']
ZCZFSF-D2,WCZFSF,unique_bus_in_demanda_smc,1,['WCZFSF'],['WCZFSF'],['WCZFSF'],1,['2733-CZFSF-T02'],['69 kV CORPORACIÓN ZONA FRANCA INDUSTRIAL SANTIAGO'],['Declarado']
ZDAJAE-D1,WDAJAE,unique_bus_in_demanda_smc,1,['WDAJAE'],['WDAJAE'],['WDAJAE'],1,['2770-DAJAE-T01'],['DAJABÓN 138'],['Declarado']
ZDJAOF-D1,WDAJAF,unique_bus_in_demanda_smc,1,['WDAJAF'],['WDAJAF'],['WDAJAF'],1,['1310-DJAOF-T01'],['DAJAO'],['Declarado']
ZDESPF-D1,WDESPF,unique_bus_in_demanda_smc,1,['WDESPF'],['WDESPF'],['WDESPF'],3,"['1270-DESPF-T01', '1270-GRSMK-C03', '1270-GRSMK-F01']",['DESPACHO'],['Declarado']
ZDESPF-D2,WDESPF,unique_bus_in_demanda_smc,1,['WDESPF'],['WDESPF'],['WDESPF'],1,['1270-DESPF-T02'],['DESPACHO'],['Declarado']
ZDISDF-D1,WDISDF,unique_bus_in_demanda_smc,1,['WDISDF'],['WDISDF'],['WDISDF'],2,"['1308-CNDHK-C01', '1308-DISDF-T01']",['69 kV DISDO'],"['Declarado', 'Proyectado']"
ZDJAOE-D1,WDJAOE,unique_bus_in_demanda_smc,1,['WDJAOE'],['WDJAOE'],['WDJAOE'],2,"['1311-DJAOE-T01', '1311-DJAOE-T03']",['DAJAO 138 kV'],['Declarado']
ZPALBE-D1,WDOMIE,unique_bus_in_demanda_smc,1,['WDOMIE'],[],[],2,['3340-DOMIE-F01'],['DOMICEN'],['Declarado']
ZDPEDF-D1,WDPEDF,unique_bus_in_demanda_smc,1,['WDPEDF'],['WDPEDF'],['WDPEDF'],1,['2431-DPEDF-T01'],['DON PEDRO'],['Declarado']
ZDURAF-D1,WDURAF,unique_bus_in_demanda_smc,1,['WDURAF'],[],[],1,['1105DURA'],['DURALÓN'],['Declarado']
ZEABAF-D1,WEABAF,unique_bus_in_demanda_smc,1,['WEABAF'],[],[],1,['2420ABAN'],['EL ABANICO'],['Declarado']
ZEBRIE-D1,WEBRIE,unique_bus_in_demanda_smc,1,['WEBRIE'],['WEBRIE'],['WEBRIE'],1,['1560-EBRIE-T01'],['EL BRISAL'],['Declarado']
ZEBRIE-D2,WEBRIE,unique_bus_in_demanda_smc,1,['WEBRIE'],['WEBRIE'],['WEBRIE'],1,['1560-EBRIE-T02'],['EL BRISAL'],['Declarado']
ZECHIF-D1,WECHIF,unique_bus_in_demanda_smc,1,['WECHIF'],['WECHIF'],['WECHIF'],1,['2062-ECHIF-T01'],['EL CHIVO'],['Declarado']
ZECHIF-D2,WECHIF,unique_bus_in_demanda_smc,1,['WECHIF'],['WECHIF'],['WECHIF'],1,['2062-ECHIF-T02'],['EL CHIVO'],['Declarado']
ZELJIF-D1,WELJIF,unique_bus_in_demanda_smc,1,['WELJIF'],['WELJIF'],['WELJIF'],1,['2302-ELJIF-T01'],['E LEÓN JIMÉNEZ'],['Declarado']
ZEMBAE-D1,WEMBAE,unique_bus_in_demanda_smc,1,['WEMBAE'],['WEMBAE'],['WEMBAE'],3,"['1220-AUSAK-C01', '1220-EMBAE-F01', '1220-EMBAE-T01']",['EMBAJADOR'],['Declarado']
ZEMBAE-D2,WEMBAE,unique_bus_in_demanda_smc,1,['WEMBAE'],['WEMBAE'],['WEMBAE'],3,"['1220-BMBLK-C01', '1220-DCENK-C01', '1220-EMBAE-T02']",['EMBAJADOR'],"['Declarado', 'Proyectado']"
ZENADE-D1,WENADE,unique_bus_in_demanda_smc,1,['WENADE'],['WENADE'],['WENADE'],1,['1759-ENADE-L01'],['138 kV ENADOM'],['Proyectado']
ZEPINF-D1,WEPINF,unique_bus_in_demanda_smc,1,['WEPINF'],['WEPINF'],['WEPINF'],1,['3140-EPINF-T01'],['ELÍAS PIÑA'],['Declarado']
ZERIOF-D1,WERIOF,unique_bus_in_demanda_smc,1,['WERIOF'],['WERIOF'],['WERIOF'],1,['2500-LRIOF-T01'],['EL RÍO'],['Declarado']
ZESEIE-D1,WESEIE,unique_bus_in_demanda_smc,1,['WESEIE'],['WESEIE'],['WESEIE'],1,['4640-ESEIE-T01'],['EL SEIBO'],['Declarado']
ZFALCK-D1,WFALCM,unique_bus_in_demanda_smc,1,['WFALCM'],['WFALCM'],['WFALCM'],1,['2190-FALCE-T01'],['FALCONDO'],['Proyectado']
ZPFALK-D1,WFALCM,unique_bus_in_demanda_smc,1,['WFALCM'],['WFALCM'],['WFALCM'],1,['2260-FALCF-T01'],['FALCONDO'],['Proyectado']
ZFANTF-D1,WFANTF,unique_bus_in_demanda_smc,1,['WFANTF'],['WFANTF'],['WFANTF'],1,['2156-FANTF-T01'],['FANTINO'],['Declarado']
ZFNEGF-D1,WFNEGF,unique_bus_in_demanda_smc,1,['WFNEGF'],['WFNEGF'],['WFNEGF'],1,['3230-FNEGF-T01'],['FONDO NEGRO'],['Proyectado']
ZFOCHF-D1,WFOCHF,unique_bus_in_demanda_smc,1,['WFOCHF'],['WFOCHF'],['WFOCHF'],1,['2324-FOCHF-T01'],['FERRETERÍA OCHOA'],['Declarado']
ZFOLVF-D1,WFOLAF,unique_bus_in_demanda_smc,1,['WFOLAF'],['WFOLAF'],['WFOLAF'],1,['2352-FODLF-T01'],['FERRETERÍA OCHOA LAS LAVAS'],['Proyectado']
ZGALAF-D1,WGALAF,unique_bus_in_demanda_smc,1,['WGALAF'],['WGALAF'],['WGALAF'],2,['1792-GALAF-T01'],['69 kV GRUPO ALASKA'],['Declarado']
ZGBOJF-D1,WGBOJF,unique_bus_in_demanda_smc,1,['WGBOJF'],['WGBOJF'],['WGBOJF'],2,"['1670-GBOJF-T01', '1670-PHAIK-C01']",['GRANITOS BOJOS'],['Declarado']
ZGHACF-D1,WGHACF,unique_bus_in_demanda_smc,1,['WGHACF'],['WGHACF'],['WGHACF'],3,"['1125-BLEOK-C02', '1125-GHACF-F02', '1125-GHACF-T01']",['GRUPO HACHE'],['Declarado']
ZGHACF-D2,WGHACF,unique_bus_in_demanda_smc,1,['WGHACF'],[],['WGHACF'],1,['1125-BLEOK-F01'],['GRUPO HACHE'],['Declarado']
ZGMALF-D1,WGMALF,unique_bus_in_demanda_smc,1,['WGMALF'],['WGMALF'],['WGMALF'],1,['1243-GMALF-T01'],['GRUPO MALLA'],['Proyectado']
ZGOYAF-D1,WGOYAF,unique_bus_in_demanda_smc,1,['WGOYAF'],['WGOYAF'],['WGOYAF'],1,['3130-GOYAF-T01'],['GOYA'],['Proyectado']
ZGPETF-D1,WGPETF,unique_bus_in_demanda_smc,1,['WGPETF'],['WGPETF'],['WGPETF'],4,"['1531-PETRK-C01', '1531-PETRK-F01', '1531-POLYK-C02', '1531-TERMK-C03']",['GRUPO PETROQUÍMICA'],['Declarado']
ZGPETF-D3,WGPETF,unique_bus_in_demanda_smc,1,['WGPETF'],[],['WGPETF'],1,['1531-POLYK-F02'],['GRUPO PETROQUÍMICA'],['Declarado']
ZGPETF-D2,WGPETF,unique_bus_in_demanda_smc,1,['WGPETF'],[],['WGPETF'],1,['1531-TERMK-F03'],['GRUPO PETROQUÍMICA'],['Declarado']
ZGPLAF-D1,WGPLAF,unique_bus_in_demanda_smc,1,['WGPLAF'],['WGPLAF'],['WGPLAF'],3,"['1791-CLNAK-C01', '1791-GPLAF-F02', '1791-GPLAF-T01']",['GOMAS Y PLÁSTICOS'],"['Declarado', 'Proyectado']"
ZGRCHF-D1,WGRCHF,unique_bus_in_demanda_smc,1,['WGRCHF'],['WGRCHF'],['WGRCHF'],1,['1342-GRCHF-T01'],['GRUPO RAMOS CHARLES'],['Declarado']
ZGRSFF-D1,WGRSFF,unique_bus_in_demanda_smc,1,['WGRSFF'],['WGRSFF'],['WGRSFF'],1,['2064-GRSFF-T01'],['GRUPO RAMOS SAN FRANCISCO DE MACORIS'],['Declarado']
ZGUA2F-D1,WGUA2F,unique_bus_in_demanda_smc,1,['WGUA2F'],['WGUA2F'],['WGUA2F'],1,['3396-GUA2F-T01'],['GUANITO 2'],['Declarado']
ZGUAVF-D1,WGUAVF,unique_bus_in_demanda_smc,1,['WGUAVF'],['WGUAVF'],['WGUAVF'],1,['4033-GUAVF-T01'],['GUAVABERRY'],['Declarado']
ZGUAYF-D1,WGUAYF,unique_bus_in_demanda_smc,1,['WGUAYF'],['WGUAYF'],['WGUAYF'],1,['4110-GUAYF-T01'],['GUAYMATE'],['Declarado']
ZGUERF-D1,WGUERF,unique_bus_in_demanda_smc,1,['WGUERF'],['WGUERF'],['WGUERF'],1,['1328-GUERF-T01'],['GUERRA'],['Declarado']
WHALAF-D1,WHALAF,unique_bus_in_demanda_smc,1,['WHALAF'],['WHALAF'],[],2,['1792-GALAF-T01'],['HIELO ALASKA'],['Declarado']
ZHNVAF-D1,WHENUF,unique_bus_in_demanda_smc,1,['WHENUF'],['WHENUF'],['WHENUF'],3,"['1100-CCNLK-C01', '1100-HENUF-T01', '1100-MSALK-C02']",['HERRERA NUEVA'],['Declarado']
ZHERRE-D1,WHERRE,unique_bus_in_demanda_smc,1,['WHERRE'],['WHERRE'],['WHERRE'],2,"['1320-HERRE-T01', '1320-NESPK-C01']",['HERRERA 138'],['Declarado']
ZHIGUE-D2,WHGUEE,unique_bus_in_demanda_smc,1,['WHGUEE'],['WHGUEE'],['WHGUEE'],3,"['4560-GRSHK-C05', '4560-GRSHK-F01', '4560-HIGUE-T02']",['HIGUEY 138'],['Declarado']
ZHIGUE-D1,WHGUEE,unique_bus_in_demanda_smc,1,['WHGUEE'],['WHGUEE'],['WHGUEE'],1,['4560-HIGUE-T01'],['HIGUEY 138'],['Declarado']
ZHIGUE-D3,WHGUEE,unique_bus_in_demanda_smc,1,['WHGUEE'],['WHGUEE'],['WHGUEE'],1,['4560-HIGUE-T03'],['HIGUEY 138'],['Declarado']
ZHIGUF-D1,WHIGUF,unique_bus_in_demanda_smc,1,['WHIGUF'],['WHIGUF'],['WHIGUF'],1,['4600-HIGUF-T01'],['HIGUEY 69'],['Declarado']
ZHJBOF-D1,WHJBOF,unique_bus_in_demanda_smc,1,['WHJBOF'],['WHJBOF'],['WHJBOF'],3,"['2010-HTRAF-T01', '2292-HMSAF-T01']",['HOSPITAL JUAN BOSCH'],"['Declarado', 'Proyectado']"
ZHLINF-D1,WHLINF,unique_bus_in_demanda_smc,1,['WHLINF'],[],[],1,['2735-HLINF-T01'],['HOYO LIMA INDUSTRIAL'],['Proyectado']
ZHMAYF-D1,WHMAYF,unique_bus_in_demanda_smc,1,['WHMAYF'],['WHMAYF'],['WHMAYF'],1,['4400-HMAYF-T01'],['HATO MAYOR'],['Declarado']
ZHMSAF-D1,WHMSAF,unique_bus_in_demanda_smc,1,['WHMSAF'],['WHMSAF'],['WHMSAF'],3,"['2290HMSA', '2292-HMSAF-T01']",['HOSPITAL METROPOLITANO SANTIAGO'],"['Declarado', 'Proyectado']"
ZHNACF-D1,WHNACF,unique_bus_in_demanda_smc,1,['WHNACF'],[],[],1,['1792-HNACF-T01'],['HIELOS NACIONALES'],['Proyectado']
ZHNS1E-D1,WHNS1E,unique_bus_in_demanda_smc,1,['WHNS1E'],['WHNS1E'],['WHNS1E'],1,['1190-HAINE-T01'],['HAINAMOSA 138 - BARRA 1'],['Declarado']
ZHNS2E-D1,WHNS1E,unique_bus_in_demanda_smc,1,['WHNS1E'],['WHNS1E'],['WHNS1E'],1,['1190-HAINE-T02'],['HAINAMOSA 138 - BARRA 1'],['Declarado']
ZHNUEF-D1,WHNUEF,unique_bus_in_demanda_smc,1,['WHNUEF'],['WHNUEF'],['WHNUEF'],1,['1325-HNUEF-T01'],['HATO NUEVO'],['Declarado']
ZIBARF-D1,WIBARF,unique_bus_in_demanda_smc,1,['WIBARF'],['WIBARF'],['WIBARF'],1,['3362-IBARF-T01'],['INGENIO BARAHONA'],['Declarado']
ZICAEF-D1,WICAEF,unique_bus_in_demanda_smc,1,['WICAEF'],['WICAEF'],['WICAEF'],1,['3282-ICAEF-T01'],['INGENIO CAEI'],['Declarado']
ZICNAF-D1,WICNAF,unique_bus_in_demanda_smc,1,['WICNAF'],['WICNAF'],[],2,['2105-INCAF-T01'],['69 kV INCARNA'],['Declarado']
ZIDALF-D1,WIDALF,unique_bus_in_demanda_smc,1,['WIDALF'],['WIDALF'],['WIDALF'],2,['2105-INCAF-T01'],['69 kV INDAL'],['Declarado']
ZIISAF-D1,WIISAF,unique_bus_in_demanda_smc,1,['WIISAF'],['WIISAF'],['WIISAF'],1,['1537-IISAF-T01'],['INCA ISABELA'],['Declarado']
ZIMBEF-D1,WIMBEF,unique_bus_in_demanda_smc,1,['WIMBEF'],['WIMBEF'],['WIMBEF'],1,['2360-IMBEF-T01'],['IMBERT'],['Declarado']
ZINCAF-D1,WINCAF,unique_bus_in_demanda_smc,1,['WINCAF'],['WINCAF'],['WINCAF'],2,"['1952-IK22F-F02', '1952-IK22F-T01']",['INCA'],['Declarado']
ZINVBF-D1,WINVBF,unique_bus_in_demanda_smc,1,['WINVBF'],['WINVBF'],['WINVBF'],1,['1373-INVIF-T01'],['INVIVIENDA T1'],['Declarado']
ZINVIF-D1,WINVIF,unique_bus_in_demanda_smc,1,['WINVIF'],['WINVIF'],['WINVIF'],1,['1373-INVIF-T02'],['INVIVIENDA T2'],['Declarado']
ZIPSIF-D1,WIPSIF,unique_bus_in_demanda_smc,1,['WIPSIF'],['WIPSIF'],['WIPSIF'],1,['1951-IPSIF-T01'],['INDUSTRIA PAPEL SIDO'],['Proyectado']
ZJARAF-D1,WJARAF,unique_bus_in_demanda_smc,1,['WJARAF'],['WJARAF'],['WJARAF'],1,['2445-JARAF-T01'],['JARABACOA'],['Declarado']
ZJDOLE-D1,WJDOLE,unique_bus_in_demanda_smc,1,['WJDOLE'],['WJDOLE'],['WJDOLE'],3,"['4750-ICCAK-C02', '4750-JDOLE-F01', '4750-JDOLE-T01']",['JUAN DOLIO'],['Declarado']
ZJDOLE-D2,WJDOLE,unique_bus_in_demanda_smc,1,['WJDOLE'],[],['WJDOLE'],1,['4750-ICCAK-F02'],['JUAN DOLIO'],['Declarado']
ZJDOLE-D4,WJDOLE,unique_bus_in_demanda_smc,1,['WJDOLE'],[],['WJDOLE'],1,['4750JDOL(1)'],['JUAN DOLIO'],['Declarado']
WJIBPE-D1,WJIBPE,unique_bus_in_demanda_smc,1,['WJIBPE'],['WJIBPE'],['WJIBPE'],1,['3206-JIMAF-T01'],['138 kV JIMANÍ BP'],['Declarado']
ZKDMBF-D1,WKDMBF,unique_bus_in_demanda_smc,1,['WKDMBF'],['WKDMBF'],['WKDMBF'],3,"['1150-KDMEF-T01', '1150KM10']",['KILOMETRO DIEZ Y MEDIO B'],['Declarado']
ZKDMEF-D2,WKDMEF,unique_bus_in_demanda_smc,1,['WKDMEF'],['WKDMEF'],['WKDMEF'],6,"['1150-CALAK-C08', '1150-CALAK-F02', '1150-EPADK-C04', '1150-EPADK-F01', '1150-KDMEF-T03', '1150EPAD03']",['KILOMETRO DIEZ Y MEDIO'],['Declarado']
ZKDMEF-D1,WKDMEF,unique_bus_in_demanda_smc,1,['WKDMEF'],['WKDMEF'],['WKDMEF'],4,"['1150-KDMEF-F03', '1150-KDMEF-T02', '1150KM10']",['KILOMETRO DIEZ Y MEDIO'],['Declarado']
ZKINDF-D1,WKINDF,unique_bus_in_demanda_smc,1,['WKINDF'],['WKINDF'],['WKINDF'],2,"['3212-KINDF-T01', '3212-KINDK-C01']",['BARRA 69 KV KHOURY INDUSTRIAL'],['Declarado']
ZKQA1F-D1,WKQA1F,unique_bus_in_demanda_smc,1,['WKQA1F'],['WKQA1F'],['WKQA1F'],1,['3300-K15AF-T01'],['KILOMETRO QUINCE DE AZUA 69'],['Declarado']
ZKVENF-D1,WKVEIF,unique_bus_in_demanda_smc,1,['WKVEIF'],['WKVEIF'],['WKVEIF'],1,['1330-KM24F-T01'],['KILOMETRO VEINTICUATRO'],['Declarado']
ZLADOF-D1,WLADOF,unique_bus_in_demanda_smc,1,['WLADOF'],[],[],1,['1346LADO'],['LADOM'],['Declarado']
WLALFF-D1,WLALFF,unique_bus_in_demanda_smc,1,['WLALFF'],['WLALFF'],['WLALFF'],1,['1251-LALFF-T01'],['69 kV LABORATORIOS ALFA'],['Declarado']
ZLCALF-D1,WLCALF,unique_bus_in_demanda_smc,1,['WLCALF'],['WLCALF'],['WLCALF'],1,['1332-LCALF-T02'],['LA CALETA'],['Declarado']
ZLCALF-D2,WLCALF,unique_bus_in_demanda_smc,1,['WLCALF'],['WLCALF'],['WLCALF'],2,"['1333-BCDEK-C01', '1333-LCALF-T03']",['LA CALETA'],['Declarado']
ZLCBOF-D1,WLCBOF,unique_bus_in_demanda_smc,1,['WLCBOF'],['WLCBOF'],['WLCBOF'],1,['1965-LCUMF-T01'],['LA CUMBRE BONAO'],['Declarado']
ZLCUAF-D1,WLCUAF,unique_bus_in_demanda_smc,1,['WLCUAF'],['WLCUAF'],['WLCUAF'],3,"['1160-LA40F-F01', '1160-LA40F-T01', '1160-MAPRK-C02']",['LA CUARENTA'],['Declarado']
ZLDAMK-D2,WLDAMK,unique_bus_in_demanda_smc,1,['WLDAMK'],['WLDAMK'],['WLDAMK'],2,"['3060-CDAMK-C02', '3060-CDAMK-F01']",['LAS DAMAS'],['Declarado']
ZLDIAF-D1,WLDIAF,unique_bus_in_demanda_smc,1,['WLDIAF'],['WLDIAF'],['WLDIAF'],1,['1126-LDIAF-T01'],['LISTÍN DIARIO'],['Proyectado']
ZLGALE-D1,WLGALE,unique_bus_in_demanda_smc,1,['WLGALE'],['WLGALE'],['WLGALE'],2,"['2311-LGALE-F01', '2311-LGALE-T01']",['LA GALLERA'],"['Declarado', 'Proyectado']"
ZLGALE-D2,WLGALE,unique_bus_in_demanda_smc,1,['WLGALE'],['WLGALE'],['WLGALE'],3,"['2311-LGALE-T02', '2311-PSANK-C01', '2311-PSANK-F01']",['LA GALLERA'],"['Declarado', 'Proyectado']"
ZLISAE-D1,WLISAE,unique_bus_in_demanda_smc,1,['WLISAE'],['WLISAE'],['WLISAE'],1,['1910-LISAE-T01'],['LA ISABELA 138'],['Declarado']
ZLISAF-D1,WLISAF,unique_bus_in_demanda_smc,1,['WLISAF'],[],[],1,['1820ISAB'],['LA ISABELA'],['Declarado']
ZLLAGF-D1,WLLAGF,unique_bus_in_demanda_smc,1,['WLLAGF'],[],[],1,['2102-LLAGF-T01'],['LAS LAGUNAS'],['Declarado']
ZLMFAF-D1,WLMFAF,unique_bus_in_demanda_smc,1,['WLMFAF'],['WLMFAF'],['WLMFAF'],1,['3150-LMFAF-T01'],['LAS MATAS DE FARFÁN'],['Declarado']
ZLMINE-D1,WLMINE,unique_bus_in_demanda_smc,1,['WLMINE'],['WLMINE'],['WLMINE'],3,"['1180-GRSSK-C01', '1180-LMINE-T01', '1180-LMINE-T02']",['LOS MINA 138'],['Declarado']
ZLM21E-D1,WLMINE,unique_bus_in_demanda_smc,1,['WLMINE'],['WLMINE'],['WLMINE'],2,"['1180-GRSVK-C06', '1180-GRSVK-F01']",['LOS MINA 138'],['Declarado']
ZLMINF-D1,WLMINF,unique_bus_in_demanda_smc,1,['WLMINF'],['WLMINF'],['WLMINF'],1,['1170-LMINF-T01'],['LOS MINA 69'],['Declarado']
WLPARF-D1,WLPARF,unique_bus_in_demanda_smc,1,['WLPARF'],['WLPARF'],['WLPARF'],1,['1366-LPARF-T01'],['69 kV LAS PARRAS'],['Declarado']
ZLPENF-D1,WLPENF,unique_bus_in_demanda_smc,1,['WLPENF'],['WLPENF'],['WLPENF'],1,['2172-LPENF-T01'],['BARRA LA PENDA'],['Declarado']
ZLPRAE-D2,WLPRAE,unique_bus_in_demanda_smc,1,['WLPRAE'],['WLPRAE'],['WLPRAE'],2,"['1400-GRCHK-C21', '1400-GRCHK-F01']",['LOS PRADOS'],['Declarado']
ZLPRAE-D1,WLPRAE,unique_bus_in_demanda_smc,1,['WLPRAE'],['WLPRAE'],['WLPRAE'],3,"['1400-LPRAE-F02', '1400-LPRAE-T01', '1400-LPRAE-T02']",['LOS PRADOS'],['Declarado']
ZLPRAE-D3,WLPRAE,unique_bus_in_demanda_smc,1,['WLPRAE'],['WLPRAE'],['WLPRAE'],1,['1400-LPRAE-T03'],['LOS PRADOS'],['Declarado']
ZLROME-D1,WLROME,unique_bus_in_demanda_smc,1,['WLROME'],['WLROME'],['WLROME'],5,"['4520-GRSRK-C04', '4520-GRSRK-F03', '4520-LROME-F01', '4520-LROME-T01', '4520-ZRO2K-C01']",['LA ROMANA 138'],"['Declarado', 'Proyectado']"
WLROME-D2,WLROME,unique_bus_in_demanda_smc,1,['WLROME'],['WLROME'],['WLROME'],1,['4520-LROME-T02'],['LA ROMANA 138'],['Declarado']
ZLROME-D2,WLROME,unique_bus_in_demanda_smc,1,['WLROME'],[],['WLROME'],1,['4520-ZRO2K-F01'],['LA ROMANA 138'],['Proyectado']
ZLRMAF-D1,WLRPUF,unique_bus_in_demanda_smc,1,['WLRPUF'],['WLRPUF'],['WLRPUF'],1,['4510-LRMNF-T01'],['LA ROMANA PUEBLO'],['Declarado']
ZLRMAF-D2,WLRPUF,unique_bus_in_demanda_smc,1,['WLRPUF'],['WLRPUF'],['WLRPUF'],1,['4510-LRMNF-T02'],['LA ROMANA PUEBLO'],['Declarado']
ZLRMAF-D3,WLRPUF,unique_bus_in_demanda_smc,1,['WLRPUF'],['WLRPUF'],['WLRPUF'],1,['4510-LRMNF-T03'],['LA ROMANA PUEBLO'],['Declarado']
ZLUPEF-D1,WLUPEF,unique_bus_in_demanda_smc,1,['WLUPEF'],['WLUPEF'],['WLUPEF'],1,['2365-LUPEF-T01'],['LUPERÓN'],['Declarado']
ZLVEGF-D1,WLVEGF,unique_bus_in_demanda_smc,1,['WLVEGF'],['WLVEGF'],['WLVEGF'],1,['2220-LVEGF-T02'],['LA VEGA'],['Declarado']
ZLVPEF-D1,WLVPEF,unique_bus_in_demanda_smc,1,['WLVPEF'],['WLVPEF'],['WLVPEF'],2,"['2050-FGAMK-C06', '2050-LVPEF-T01']",['LA VEGA PER'],['Declarado']
ZMAIMF-D1,WMAIMF,unique_bus_in_demanda_smc,1,['WMAIMF'],['WMAIMF'],['WMAIMF'],1,['2100-MAIMF-T01'],['MAIMÓN'],['Declarado']
ZMATAE-D2,WMATAE,unique_bus_in_demanda_smc,1,['WMATAE'],['WMATAE'],['WMATAE'],4,"['1430-CNDOK-C06', '1430-CNDOK-F01', '1431-BEPEK-C04', '1431-CNDTK-C05']",['MATADERO 138'],"['Declarado', 'Proyectado']"
ZMATAE-D1,WMATAE,unique_bus_in_demanda_smc,1,['WMATAE'],['WMATAE'],['WMATAE'],3,"['1431-MATAE-F01', '1431-MATAE-T01', '1431-MATAE-T02']",['MATADERO 138'],"['Declarado', 'Proyectado']"
ZMEGAF-D1,WMEGAF,unique_bus_in_demanda_smc,1,['WMEGAF'],['WMEGAF'],['WMEGAF'],1,['1175-MEGAF-T01'],['MEGACENTRO'],['Declarado']
ZMERCF-D1,WMERCF,unique_bus_in_demanda_smc,1,['WMERCF'],['WMERCF'],['WMERCF'],1,['1532-MERCF-T01'],['MERCASID'],['Declarado']
ZMETAK-D1,WMETAK,unique_bus_in_demanda_smc,1,['WMETAK'],['WMETAK'],['WMETAK'],1,['1470-METAE-T01'],['METALDOM'],['Proyectado']
ZMETRF-D2,WMETBF,unique_bus_in_demanda_smc,1,['WMETBF'],['WMETBF'],['WMETBF'],1,['1122-METRF-T02'],['METROPOLITANO B'],['Declarado']
ZMETRF-D1,WMETRF,unique_bus_in_demanda_smc,1,['WMETRF'],['WMETRF'],['WMETRF'],6,"['1122-CEDIK-C06', '1122-CEDIK-F02', '1122-METRF-T01', '1122-PAHOK-C06', '1122-PAHOK-F06', '1122-PHPSK-C01']",['METROPOLITANO'],"['Declarado', 'Proyectado']"
ZMLTPF-D1,WMLTPF,unique_bus_in_demanda_smc,1,['WMLTPF'],['WMLTPF'],['WMLTPF'],3,"['1683-MLTPF-F02', '1683-MLTPF-T01', '1683-TENVK-C01']",['MULTIPARQUES'],"['Declarado', 'Proyectado']"
ZMLTPF-D2,WMLTPF,unique_bus_in_demanda_smc,1,['WMLTPF'],[],['WMLTPF'],1,['1683-TENVK-F01'],['MULTIPARQUES'],['Proyectado']
ZMOCAE-D1,WMOCAE,unique_bus_in_demanda_smc,1,['WMOCAE'],['WMOCAE'],['WMOCAE'],1,['2780-MNUEE-T01'],['MOCA 138'],['Declarado']
ZMOCAF-D1,WMOCAF,unique_bus_in_demanda_smc,1,['WMOCAF'],['WMOCAF'],['WMOCAF'],1,['2410-MOCAF-T01'],['MOCA'],['Declarado']
ZMONTE-D1,WMONTE,unique_bus_in_demanda_smc,1,['WMONTE'],['WMONTE'],['WMONTE'],3,"['2760-HFFCK-C01', '2760-HFFCK-F01', '2760-MONTE-T01']",['MONTECRISTI'],"['Declarado', 'Proyectado']"
ZMOZAF-D1,WMOZAF,unique_bus_in_demanda_smc,1,['WMOZAF'],['WMOZAF'],['WMOZAF'],1,['1545-MOZAF-T01'],['MOLINOS DEL OZAMA'],['Proyectado']
ZMPLAF-D1,WMPLAF,unique_bus_in_demanda_smc,1,['WMPLAF'],['WMPLAF'],['WMPLAF'],1,['1440-MPLAF-T01'],['MONTE PLATA'],['Declarado']
ZMPLAF-D2,WMPLAF,unique_bus_in_demanda_smc,1,['WMPLAF'],['WMPLAF'],['WMPLAF'],1,['1440-MPLAF-T02'],['MONTE PLATA'],['Declarado']
ZMULTF-D3,WMULTF,unique_bus_in_demanda_smc,1,['WMULTF'],[],['WMULTF'],1,['1535-MULTF-F02'],['MULTIFORM'],['Declarado']
ZMULTF-D1,WMULTF,unique_bus_in_demanda_smc,1,['WMULTF'],['WMULTF'],['WMULTF'],3,"['1535-MULTF-T01', '1535-MULTK-C11', '1535-RCARK-C01']",['MULTIFORM'],"['Declarado', 'Proyectado']"
ZMULTF-D2,WMULTF,unique_bus_in_demanda_smc,1,['WMULTF'],[],['WMULTF'],1,['1535-MULTK-F01'],['MULTIFORM'],['Declarado']
ZMVCIF-D1,WMVCIF,unique_bus_in_demanda_smc,1,['WMVCIF'],['WMVCIF'],['WMVCIF'],1,['2212-MVCIF-T01'],['MOLINOS VALLE CIBAO'],['Proyectado']
ZMVIEF-D1,WMVIEF,unique_bus_in_demanda_smc,1,['WMVIEF'],['WMVIEF'],['WMVIEF'],3,"['1670-QDOMK-C01', '1670-QDOMK-F02', '3090-MVIEF-T01']",['MADRE VIEJA'],['Declarado']
ZMVIEF-D2,WMVIEF,unique_bus_in_demanda_smc,1,['WMVIEF'],['WMVIEF'],['WMVIEF'],1,['3090-MVIEF-T02'],['MADRE VIEJA'],['Declarado']
ZNAGUF-D1,WNAGUF,unique_bus_in_demanda_smc,1,['WNAGUF'],['WNAGUF'],['WNAGUF'],1,['2083-NAGUF-T01'],['NAGUA'],['Declarado']
ZNAVAF-D1,WNAVAF,unique_bus_in_demanda_smc,1,['WNAVAF'],['WNAVAF'],['WNAVAF'],1,['2351-NPUEF-T01'],['NAVARRETE'],['Declarado']
ZNEYBF-D1,WNEYBF,unique_bus_in_demanda_smc,1,['WNEYBF'],['WNEYBF'],['WNEYBF'],1,['3050-NEYBF-T01'],['NEYBA'],['Declarado']
ZNIBAE-D2,WNIBAE,unique_bus_in_demanda_smc,1,['WNIBAE'],['WNIBAE'],['WNIBAE'],5,"['2820-FODCK-C01', '2820-FOLCK-C15', '2820-NIBAE-T02', '2820-PSANK-C02', '2820-PSANK-F02']",['NIBAJE 138'],"['Declarado', 'Proyectado']"
ZNIBAE-D1,WNIBAE,unique_bus_in_demanda_smc,1,['WNIBAE'],['WNIBAE'],['WNIBAE'],1,['2820-NIBAE-T01'],['NIBAJE 138'],['Declarado']
ZNOVOF-D1,WNOVOF,unique_bus_in_demanda_smc,1,['WNOVOF'],['WNOVOF'],['WNOVOF'],1,['1249-NOVOF-T01'],['NOVOPLAST'],['Proyectado']
ZOCHOF-D1,WOCHOF,unique_bus_in_demanda_smc,1,['WOCHOF'],[],[],1,['2620OCHO01'],['OCHOA'],['Proyectado']
ZOFALF-D1,WOFALF,unique_bus_in_demanda_smc,1,['WOFALF'],['WOFALF'],['WOFALF'],1,['1690-OFALF-T01'],['OLEODUCTO FALCONBRID'],['Declarado']
ZOJIVF-D1,WOJIVF,unique_bus_in_demanda_smc,1,['WOJIVF'],['WOJIVF'],['WOJIVF'],5,"['1671-CHAIK-C01', '1671-OJIVF-F01', '1671-OJIVF-T01', '1671-OJIVK-C01', '1671-OJIVK-F02']",['OJIVA'],"['Declarado', 'Proyectado']"
ZPALAF-D1,WPALAF,unique_bus_in_demanda_smc,1,['WPALAF'],['WPALAF'],['WPALAF'],8,"['1230-LCUAK-C02', '1230-LCUAK-F01', '1230-LSUEK-C01', '1230-PALAF-F03', '1230-PALMK-C02', '1230-PALMK-F02', '1230-PLMRF-T01', '1230-ZFPEK-C02']",['PALAMARA'],['Declarado']
ZPAQ1K-D1,WPAQ1K,unique_bus_in_demanda_smc,1,['WPAQ1K'],['WPAQ1K'],['WPAQ1K'],4,"['3340-DOMIE-F01', '3340-DOMIE-T01', '3340-DOMIE-T02']",['PALENQUE 4.2 - BARRA 1'],['Declarado']
ZPARAE-D1,WPARAE,unique_bus_in_demanda_smc,1,['WPARAE'],['WPARAE'],['WPARAE'],8,"['1490-ACARK-C02', '1490-CCIKK-C01', '1490-PARAE-F01', '1490-PARAE-T01', '1490-PARAE-T02', '1490-PARAE-T03', '1490-PRICK-C03', '1490-PRICK-F01']",['PARAISO'],['Declarado']
ZPAYIF-D1,WPAYIF,unique_bus_in_demanda_smc,1,['WPAYIF'],['WPAYIF'],['WPAYIF'],1,['2084-PAYIF-T01'],['PAYITA'],['Declarado']
ZPBAJF-D1,WPBAJF,unique_bus_in_demanda_smc,1,['WPBAJF'],['WPBAJF'],['WPBAJF'],1,['2507-PBAJF-T01'],['PASO BAJITO'],['Declarado']
ZPCATL-D1,WPCATE,unique_bus_in_demanda_smc,1,['WPCATE'],['WPCATE'],['WPCATE'],1,['3351-SEPCE-T01'],['PUNTA CATALINA 138'],['Proyectado']
ZPCGLF-D1,WPCGLF,unique_bus_in_demanda_smc,1,['WPCGLF'],['WPCGLF'],['WPCGLF'],1,['1961-PCGLF-T01'],['BARRA PARQUE CARIBBEAN GLASS'],['Proyectado']
ZPCIBF-D1,WPCIBF,unique_bus_in_demanda_smc,1,['WPCIBF'],['WPCIBF'],['WPCIBF'],2,"['1730-PCC1K-C01', '1730-PCIBF-T01']",['PARQUE CIBERNÉTICO'],"['Declarado', 'Proyectado']"
ZPIZDF-D1,WPDISF,unique_bus_in_demanda_smc,1,['WPDISF'],['WPDISF'],['WPDISF'],1,['3281-PIZAF-T01'],['PIZARRETE DISTRIBUCIÓN'],['Declarado']
ZPDIVF-D1,WPDIVF,unique_bus_in_demanda_smc,1,['WPDIVF'],['WPDIVF'],['WPDIVF'],4,"['1303-KINNF-F01', '1303-KINNF-T01', '1303-PDIVK-C02', '1303-PDIVK-F02']",['PRODUCTOS DIVERSOS'],['Declarado']
ZPDORF-D1,WPDORF,unique_bus_in_demanda_smc,1,['WPDORF'],['WPDORF'],['WPDORF'],1,['2430-PDORF-T01'],['PLAYA DORADA'],['Declarado']
WPEBPE-D1,WPEBPE,unique_bus_in_demanda_smc,1,['WPEBPE'],['WPEBPE'],['WPEBPE'],1,['3333-PEDEE-T01'],['138 kV PEDERNALES BP'],['Declarado']
ZPFLEF-D1,WPFLEF,unique_bus_in_demanda_smc,1,['WPFLEF'],['WPFLEF'],['WPFLEF'],1,['1221-PFLEF-T01'],['PLÁSTICOS FLEXIBLES'],['Proyectado']
ZPGARF-D1,WPGARF,unique_bus_in_demanda_smc,1,['WPGARF'],['WPGARF'],['WPGARF'],1,['2435-PGARF-T01'],['PEDRO GARCIA'],['Declarado']
ZPHAIF-D1,WPHAIF,unique_bus_in_demanda_smc,1,['WPHAIF'],['WPHAIF'],['WPHAIF'],1,['1210-PHAIF-T01'],['PUERTO DE HAINA'],['Declarado']
ZPIDUF-D1,WPIDUF,unique_bus_in_demanda_smc,1,['WPIDUF'],['WPIDUF'],['WPIDUF'],1,['1957-PIDUF-T01'],['BARRA 69 KV PARQUE INDUSTRIAL DUARTE'],['Proyectado']
ZLAFZF-D3,WPIISF,unique_bus_in_demanda_smc,1,['WPIISF'],[],['WPIISF'],1,['3081-LAFZF-F01'],['PIISA'],['Proyectado']
ZLAFZF-D1,WPIISF,unique_bus_in_demanda_smc,1,['WPIISF'],['WPIISF'],['WPIISF'],1,['3081-LAFZF-T01'],['PIISA'],['Proyectado']
ZLAFZF-D2,WPIISF,unique_bus_in_demanda_smc,1,['WPIISF'],[],['WPIISF'],1,['3081-LAFZK-F02'],['PIISA'],['Proyectado']
ZPIMCF-D1,WPIMCF,unique_bus_in_demanda_smc,1,['WPIMCF'],['WPIMCF'],['WPIMCF'],1,['2733-PIMCF-T01'],['PIMCO'],['Declarado']
ZPIMEF-D1,WPIMEF,unique_bus_in_demanda_smc,1,['WPIMEF'],['WPIMEF'],['WPIMEF'],1,['2070-PMTLF-T01'],['PIMENTEL'],['Declarado']
ZPLASF-D1,WPLASF,unique_bus_in_demanda_smc,1,['WPLASF'],['WPLASF'],['WPLASF'],1,['1248-PLASF-T01'],['PLASTIFAR'],['Proyectado']
ZPLCCF-D1,WPLCCF,unique_bus_in_demanda_smc,1,['WPLCCF'],['WPLCCF'],['WPLCCF'],1,['1969-PLCCF-T01'],['69 kV PARQUE LOGISTICO CCN'],['Declarado']
ZPLINF-D1,WPLINF,unique_bus_in_demanda_smc,1,['WPLINF'],['WPLINF'],['WPLINF'],1,['3302-PLINF-T01'],['PRODUCTOS LINDA'],['Declarado']
ZPP22E-D1,WPP22E,unique_bus_in_demanda_smc,1,['WPP22E'],['WPP22E'],['WPP22E'],3,"['2870-OWORK-C01', '2870-PPL2E-F01', '2870-PPL2E-T01']",['PUERTO PLATA 2 138 - BARRA 2'],"['Declarado', 'Proyectado']"
ZPP22E-D2,WPP22E,unique_bus_in_demanda_smc,1,['WPP22E'],[],['WPP22E'],1,['2870-OWORK-F01'],['PUERTO PLATA 2 138 - BARRA 2'],['Proyectado']
ZPPELF-D1,WPPELF,unique_bus_in_demanda_smc,1,['WPPELF'],['WPPELF'],['WPPELF'],1,['2390-PPELF-T01'],['PPE PLAYA DORADA'],['Declarado']
ZPPLAF-D1,WPPLAF,unique_bus_in_demanda_smc,1,['WPPLAF'],['WPPLAF'],['WPPLAF'],1,['2383-PPLAF-T01'],['PUERTO PLATA 69 - BARRA A'],['Declarado']
ZPPLBF-D1,WPPLBF,unique_bus_in_demanda_smc,1,['WPPLBF'],[],[],1,['2370PPLA'],['PUERTO PLATA 69 B'],['Declarado']
ZPPLIF-D1,WPPLIF,unique_bus_in_demanda_smc,1,['WPPLIF'],['WPPLIF'],['WPPLIF'],1,['2660-PPLIF-T01'],['PORTELA PASTA LINDA'],['Declarado']
ZPPRIF-D1,WPPRIF,unique_bus_in_demanda_smc,1,['WPPRIF'],['WPPRIF'],['WPPRIF'],1,['2303-PPRIF-T01'],['PASTAS PRINCESA'],['Declarado']
ZPSCEN-D1,WPSCEF,unique_bus_in_demanda_smc,1,['WPSCEF'],['WPSCEF'],['WPSCEF'],1,['2374-PSCEF-T01'],['69 kV PLAZA SANTIAGO CENTER'],['Proyectado']
ZPVDCD-D1,WPVIEE,unique_bus_in_demanda_smc,1,['WPVIEE'],['WPVIEE'],['WPVIEE'],1,['2460-APVDE-F01'],['PUEBLO VIEJO'],['Declarado']
ZQCORF-D1,WQCORF,unique_bus_in_demanda_smc,1,['WQCORF'],['WQCORF'],['WQCORF'],1,['3231-QCORF-T01'],['QUITA CORAZA'],['Declarado']
ZQUINF-D1,WQUINF,unique_bus_in_demanda_smc,1,['WQUINF'],['WQUINF'],['WQUINF'],1,['2610-QUINF-T01'],['QUINIGUA'],['Declarado']
ZRARRF-D1,WRARRF,unique_bus_in_demanda_smc,1,['WRARRF'],['WRARRF'],['WRARRF'],1,['1972-RARRF-T01'],['69 kV RANCHO ARRIBA'],['Declarado']
ZRCHAF-D1,WRCHAF,unique_bus_in_demanda_smc,1,['WRCHAF'],['WRCHAF'],['WRCHAF'],1,['4530-RCHAF-T01'],['RÍO CHAVÓN'],['Declarado']
ZREFIF-D1,WREFIF,unique_bus_in_demanda_smc,1,['WREFIF'],['WREFIF'],['WREFIF'],1,['1140-REFIF-T01'],['REFIDOMSA'],['Proyectado']
ZRNUEF-D1,WRNUEF,unique_bus_in_demanda_smc,1,['WRNUEF'],['WRNUEF'],['WRNUEF'],1,['2155-RINCF-T01'],['RINCÓN NUEVA'],['Declarado']
ZRPELF-D1,WRPELF,unique_bus_in_demanda_smc,1,['WRPELF'],['WRPELF'],['WRPELF'],1,['4120-RPELK-T01'],['RANCHO PELIGRO'],['Declarado']
ZRSJUE-D1,WRSJUE,unique_bus_in_demanda_smc,1,['WRSJUE'],['WRSJUE'],['WRSJUE'],1,['2088-RSJUE-T01'],['RIO SAN JUAN 138 kV'],['Declarado']
ZRSJUF-D1,WRSJUF,unique_bus_in_demanda_smc,1,['WRSJUF'],[],[],1,['2087-RSJNF-T01'],['RÍO SAN JUAN'],['Declarado']
ZZMONK-D1,WRZMOK,unique_bus_in_demanda_smc,1,['WRZMOK'],['WRZMOK'],['WRZMOK'],2,"['2343MOCE', '2720-ZMONK-T03']",['RETIRO ZONA MONCIÓN'],['Declarado']
ZSALCE-D1,WSALCE,unique_bus_in_demanda_smc,1,['WSALCE'],['WSALCE'],['WSALCE'],1,['2790-SALCE-T01'],['SALCEDO'],['Declarado']
ZSALIF-D1,WSALIF,unique_bus_in_demanda_smc,1,['WSALIF'],['WSALIF'],['WSALIF'],1,['3210-SALIF-T01'],['SALINAS 69 KV'],['Declarado']
ZSAMAE-D1,WSAMAE,unique_bus_in_demanda_smc,1,['WSAMAE'],['WSAMAE'],['WSAMAE'],1,['2830-SAMAE-T01'],['SAMANA 138KV'],['Declarado']
ZSANCE-D1,WSANCE,unique_bus_in_demanda_smc,1,['WSANCE'],['WSANCE'],['WSANCE'],6,"['2840-ASBAK-C02', '2840-ASBAK-F03', '2840-LTERK-C01', '2840-PLIMK-C01', '2840-SANCE-F01', '2840-SANCE-T01']",['SÁNCHEZ 138'],"['Declarado', 'Proyectado']"
ZCLFTE-D1,WSANCE,unique_bus_in_demanda_smc,1,['WSANCE'],[],['WSANCE'],1,['2840-LTERK-F01'],['SÁNCHEZ 138'],['Proyectado']
ZEPDLE-D1,WSANCE,unique_bus_in_demanda_smc,1,['WSANCE'],[],['WSANCE'],1,['2840-PLIMK-F02'],['SÁNCHEZ 138'],['Proyectado']
ZSCNOE-D1,WSCNOE,unique_bus_in_demanda_smc,1,['WSCNOE'],['WSCNOE'],['WSCNOE'],1,['3025-SCNOE-T01'],['SAN CRISTOBAL NORTE'],['Declarado']
ZSESTE-D1,WSESTE,unique_bus_in_demanda_smc,1,['WSESTE'],['WSESTE'],['WSESTE'],1,['4004-SESTE-L01'],['SULTANA DEL ESTE'],['Declarado']
ZSJMAF-D1,WSJMAF,unique_bus_in_demanda_smc,1,['WSJMAF'],['WSJMAF'],['WSJMAF'],1,['2745-SJMAF-T01'],['SAN JOSÉ DE LA MATAS'],['Declarado']
ZSJOCF-D1,WSJOCF,unique_bus_in_demanda_smc,1,['WSJOCF'],['WSJOCF'],['WSJOCF'],1,['3110-SJOCF-T01'],['SAN JOSÉ DE OCOA'],['Declarado']
ZSJUAF-D1,WSJUAF,unique_bus_in_demanda_smc,1,['WSJUAF'],['WSJUAF'],['WSJUAF'],1,['3190-SJPUF-T01'],['SAN JUAN 1 69'],['Declarado']
ZSKAPF-D1,WSKAPF,unique_bus_in_demanda_smc,1,['WSKAPF'],['WSKAPF'],['WSKAPF'],1,['1570-SKAPF-T01'],['SMURFIT KAPPA'],['Proyectado']
ZLCOCE-D1,WSLCOE,unique_bus_in_demanda_smc,1,['WSLCOE'],['WSLCOE'],['WSLCOE'],1,['3275-JCOCE-T04'],['SE LOS COCOS 138'],['Declarado']
ZSMARF-D1,WSMARF,unique_bus_in_demanda_smc,1,['WSMARF'],['WSMARF'],['WSMARF'],1,['4450-SMARF-T01'],['SABANA DE LA MAR'],['Declarado']
ZSODOF-D1,WSODOF,unique_bus_in_demanda_smc,1,['WSODOF'],['WSODOF'],['WSODOF'],1,['3091-SODOF-T01'],['SODOCAL'],['Declarado']
ZSOSUF-D1,WSOSUF,unique_bus_in_demanda_smc,1,['WSOSUF'],['WSOSUF'],['WSOSUF'],1,['2640-SOSUF-T01'],['SOSUA'],['Declarado']
ZICCOK-D1,WSPBEE,unique_bus_in_demanda_smc,1,['WSPBEE'],['WSPBEE'],['WSPBEE'],2,"['4300-ICCOK-C01', '4300-ICCOK-F01']",['SAN PEDRO BIO-ENERGY'],['Declarado']
ZSPERF-D1,WSPERF,unique_bus_in_demanda_smc,1,['WSPERF'],['WSPERF'],['WSPERF'],3,"['1315-CADCK-C01', '1315-CADCK-F02', '1315-SPERF-T01']",['SABANA PERDIDA'],['Declarado']
ZSPM2E-D1,WSPM2E,unique_bus_in_demanda_smc,1,['WSPM2E'],['WSPM2E'],['WSPM2E'],2,"['4801-IDOMK-C01', '4801-SPM2E-T04']",['SAN PEDRO DE MACORIS 2'],['Declarado']
WSPMAE-D1,WSPMAE,unique_bus_in_demanda_smc,1,['WSPMAE'],['WSPMAE'],['WSPMAE'],1,['4000-SPMAE-T01'],['SAN PEDRO DE MACORIS'],['Declarado']
ZSPMAF-D1,WSPMAF,unique_bus_in_demanda_smc,1,['WSPMAF'],['WSPMAF'],['WSPMAF'],1,['4010-SPMAF-T01'],['SAN PEDRO DE MACORÍS'],['Declarado']
ZSPRIF-D1,WSPRIF,unique_bus_in_demanda_smc,1,['WSPRIF'],['WSPRIF'],['WSPRIF'],1,['1421-SPRIF-T01'],['BARRA SIERRA PRIETA'],['Declarado']
ZSRODE-D1,WSRODE,unique_bus_in_demanda_smc,1,['WSRODE'],['WSRODE'],['WSRODE'],1,['2910-SRODE-T01'],['SANTIAGO RODRÍGUEZ'],['Declarado']
ZSYASF-D1,WSYASF,unique_bus_in_demanda_smc,1,['WSYASF'],['WSYASF'],['WSYASF'],1,['2644-SYASF-T01'],['SABANETA DE YASICA'],['Declarado']
ZTAMAF-D1,WTAMAF,unique_bus_in_demanda_smc,1,['WTAMAF'],['WTAMAF'],['WTAMAF'],1,['1340-TAMAF-T01'],['TAMARINDO'],['Declarado']
ZTAVBE-D1,WTAVBE,unique_bus_in_demanda_smc,1,['WTAVBE'],['WTAVBE'],['WTAVBE'],1,['2200-TAVEE-T02'],['TAVERA B'],['Declarado']
ZXEANF-D1,WXEANF,unique_active_bus_in_demanda_smc,2,"['WTEANK', 'WXEANF']",['WXEANF'],['WXEANF'],2,"['2323-EANTF-T01', '2323ENVA']","['ENVASES ANTILLANOS', 'TERMINAL ENVASES ANTILLANOS']","['Declarado', 'Proyectado']"
ZTEMPF-D1,WTEMPF,unique_bus_in_demanda_smc,1,['WTEMPF'],['WTEMPF'],['WTEMPF'],1,['1172-TEMPF-T01'],['TEMPLASTISA'],['Declarado']
ZTHAIF-D1,WTHAIF,unique_bus_in_demanda_smc,1,['WTHAIF'],['WTHAIF'],['WTHAIF'],2,"['1376-TEMHAF-T01', '1969-TEMHAF-T01']",['69 kV TEMPLASTISA HAINAMOSA'],['Declarado']
ZTIM2E-D1,WTIM2E,unique_bus_in_demanda_smc,1,['WTIM2E'],['WTIM2E'],['WTIM2E'],1,['1254-TIM2E-T01'],['TIMBEQUE 2'],['Declarado']
ZTIREF-D1,WTIREF,unique_bus_in_demanda_smc,1,['WTIREF'],['WTIREF'],['WTIREF'],1,['2505-TIREF-T01'],['TIREO'],['Declarado']
ZTORGF-D1,WTORGF,unique_bus_in_demanda_smc,1,['WTORGF'],['WTORGF'],['WTORGF'],2,"['1225-ECORK-C01', '1225-TORGF-T01']",['TORGINOL'],['Declarado']
ZTROQF-D1,WTROQF,unique_bus_in_demanda_smc,1,['WTROQF'],['WTROQF'],['WTROQF'],3,"['2246-LFABK-C01', '2246-TDOMF-F01', '2246-TDOMF-T01']",['TROQUEDOM'],['Proyectado']
ZTROQF-D2,WTROQF,unique_bus_in_demanda_smc,1,['WTROQF'],[],['WTROQF'],1,['2246-LFABK-F02'],['TROQUEDOM'],['Proyectado']
ZSABAK-D2,WTSABK,unique_bus_in_demanda_smc,1,['WTSABK'],['WTSABK'],['WTSABK'],1,['3260-SABAK-C01'],['TERMINAL SABANETA'],['Declarado']
ZTTITF-D1,WTTITF,unique_bus_in_demanda_smc,1,['WTTITF'],['WTTITF'],['WTTITF'],1,['1536-TTITF-T01'],['TEXTILES TITÁN'],['Proyectado']
ZZPISF-D1,WTZFPF,unique_bus_in_demanda_smc,1,['WTZFPF'],['WTZFPF'],['WTZFPF'],1,['2615-ZPISF-T01'],['TERMINAL ZONA FRANCA PISANO'],['Proyectado']
ZUASDE-D1,WUASDE,unique_bus_in_demanda_smc,1,['WUASDE'],['WUASDE'],['WUASDE'],2,"['1801-CCN2K-C01', '1801-UASDE-T01']",['UASD 138'],['Declarado']
ZUASDE-D2,WUASDE,unique_bus_in_demanda_smc,1,['WUASDE'],['WUASDE'],['WUASDE'],1,['1801-UASDE-T02'],['UASD 138'],['Declarado']
ZUASDE-D3,WUASDE,unique_bus_in_demanda_smc,1,['WUASDE'],['WUASDE'],['WUASDE'],1,['1801-UASDE-T03'],['UASD 138'],['Declarado']
ZUMEDF-D1,WUMEDF,unique_bus_in_demanda_smc,1,['WUMEDF'],['WUMEDF'],['WUMEDF'],1,['2359-UMEDF-T01'],['UNION MEDICA'],['Declarado']
ZVALDE-D2,WVALDE,unique_bus_in_demanda_smc,1,['WVALDE'],['WVALDE'],['WVALDE'],1,['3010-VALDK-C10'],['VALDESIA'],['Declarado']
ZVALLF-D1,WVALLF,unique_bus_in_demanda_smc,1,['WVALLF'],['WVALLF'],['WVALLF'],1,['3197-VALLF-T01'],['VALLEJUELO'],['Declarado']
ZVALTF-D1,WVALTF,unique_bus_in_demanda_smc,1,['WVALTF'],['WVALTF'],['WVALTF'],1,['1962-VALTF-T01'],['VILLA ALTAGRACIA'],['Declarado']
ZVDU1E-D1,WVDU1E,unique_bus_in_demanda_smc,1,['WVDU1E'],['WVDU1E'],['WVDU1E'],3,"['1550-IMESK-C03', '1550-IMESK-F02', '1550-VDUAE-T01']",['VILLA DUARTE 138 BARRA 1'],['Declarado']
ZVILLF-D1,WVILLF,unique_bus_in_demanda_smc,1,['WVILLF'],['WVILLF'],['WVILLF'],1,['3240-VILLF-T01'],['VILLARPANDO'],['Declarado']
ZVMAOE-D1,WVMAOE,unique_bus_in_demanda_smc,1,['WVMAOE'],['WVMAOE'],['WVMAOE'],2,"['2340MV38', '2670-VMAOE-T01']",['VALVERDE MAO'],['Declarado']
ZVMELE-D1,WVMELE,unique_bus_in_demanda_smc,1,['WVMELE'],['WVMELE'],['WVMELE'],4,"['1450-GRVMK-C03', '1450-GRVMK-F01', '1450-REINK-C05', '1450-VMELE-T01']",['VILLA MELLA'],"['Declarado', 'Proyectado']"
ZVMELE-D2,WVMELE,unique_bus_in_demanda_smc,1,['WVMELE'],['WVMELE'],['WVMELE'],2,"['1450-PPVEK-C01', '1450-VMELE-T02']",['VILLA MELLA'],"['Declarado', 'Proyectado']"
ZVMELE-D3,WVMELE,unique_bus_in_demanda_smc,1,['WVMELE'],['WVMELE'],['WVMELE'],1,['1450-VMELE-T03'],['VILLA MELLA'],['Declarado']
ZVNOBF-D1,WVNOBF,unique_bus_in_demanda_smc,1,['WVNOBF'],['WVNOBF'],['WVNOBF'],1,['3290-VNOBF-T01'],['VICENTE NOBLE'],['Declarado']
ZVOLGF-D1,WVOLGF,unique_bus_in_demanda_smc,1,['WVOLGF'],['WVOLGF'],['WVOLGF'],2,"['2301-VOLGF-F01', '2301-VOLGF-T01']",['VILLA OLGA'],['Declarado']
ZXADOF-D1,WXADOF,unique_bus_in_demanda_smc,1,['WXADOF'],['WXADOF'],['WXADOF'],1,['3094-ALDOF-T01'],['TAP ALAMBRRES DOMINICANOS'],['Declarado']
ZXCARF-D1,WXCARF,unique_bus_in_demanda_smc,1,['WXCARF'],['WXCARF'],['WXCARF'],1,['1155-CARRF-T01'],['TAP CARREFOUR'],['Declarado']
ZXCB2F-D1,WXCB2F,unique_bus_in_demanda_smc,1,['WXCB2F'],['WXCB2F'],['WXCB2F'],1,['1306-CAA2F-T01'],['TAP CAASD BAYONA 2'],['Declarado']
ZXCBAF-D1,WXCBAF,unique_bus_in_demanda_smc,1,['WXCBAF'],['WXCBAF'],['WXCBAF'],1,['1305-CAA1F-T01'],['TAP CAASD BAYONA 1'],['Declarado']
ZXCIGF-D1,WXCIGF,unique_bus_in_demanda_smc,1,['WXCIGF'],['WXCIGF'],['WXCIGF'],1,['4011-CIGLF-T01'],['TAP CÉSAR IGLESIAS'],['Declarado']
ZXCODF-D1,WXCODF,unique_bus_in_demanda_smc,1,['WXCODF'],['WXCODF'],['WXCODF'],1,['1121-CODEF-T01'],['TAP CODETEL'],['Declarado']
ZXDBRF-D1,WXDBRF,unique_bus_in_demanda_smc,1,['WXDBRF'],['WXDBRF'],['WXDBRF'],1,['4012-DBRUF-T01'],['TAP DESTILERÍA BRUGAL'],['Proyectado']
ZXGRMF-D1,WXGRMF,unique_bus_in_demanda_smc,1,['WXGRMF'],['WXGRMF'],['WXGRMF'],1,['1327-GRMEF-T01'],['GRUPO RAMOS MELLA'],['Declarado']
ZHHIGF-D1,WXHHIF,unique_bus_in_demanda_smc,1,['WXHHIF'],['WXHHIF'],['WXHHIF'],1,['4013-HHIGF-T01'],['TAP HARINAS DEL HIGUAMO'],['Declarado']
ZXINDF-D1,WXINDF,unique_bus_in_demanda_smc,1,['WXINDF'],['WXINDF'],['WXINDF'],1,['2892-INDUF-T01'],['TAP INDUVECA'],['Declarado']
ZXLFAF-D1,WXLFAF,unique_bus_in_demanda_smc,1,['WXLFAF'],['WXLFAF'],['WXLFAF'],1,['3101-LFAMF-T03'],['TAP LA FAMOSA'],['Declarado']
ZXNADF-D1,WXNDIF,unique_bus_in_demanda_smc,1,['WXNDIF'],[],[],1,['2351NAVA'],['TAP NAVARRETE DISTRIBUCIÓN'],['Declarado']
ZXSADF-D1,WXSADF,unique_bus_in_demanda_smc,1,['WXSADF'],[],[],1,['3092-SADOF-T01'],['TAP INTERQUIMICA VIRTUAL'],['Declarado']
ZXZNIF-D1,WXZFNF,unique_bus_in_demanda_smc,1,['WXZFNF'],['WXZFNF'],['WXZFNF'],1,['3095-ZNIGF-T01'],['TAP ZF NIGUA'],['Declarado']
ZYAGUF-D1,WYAGUF,unique_bus_in_demanda_smc,1,['WYAGUF'],['WYAGUF'],['WYAGUF'],1,['3288-YAGUF-T01'],['YAGUATE'],['Declarado']
ZYAMAF-D1,WYAMAF,unique_bus_in_demanda_smc,1,['WYAMAF'],['WYAMAF'],['WYAMAF'],1,['1312-YAMAF-T01'],['YAMASA'],['Declarado']
ZZALCF-D1,WZFALF,unique_bus_in_demanda_smc,1,['WZFALF'],['WZFALF'],['WZFALF'],1,['1302-ZALCF-T01'],['ZONA FRANCA LOS ALCARRIZOS'],['Declarado']
ZZALCF-D2,WZFALF,unique_bus_in_demanda_smc,1,['WZFALF'],[],['WZFALF'],1,['1302ZFAL02'],['ZONA FRANCA LOS ALCARRIZOS'],['Declarado']
ZZAMEF-D1,WZFAMF,unique_bus_in_demanda_smc,1,['WZFAMF'],[],['WZFAMF'],1,['1332-HRQUK-F01'],['ZONA FRANCA LAS AMÉRICAS'],['Declarado']
ZZAMEF-D2,WZFAMF,unique_bus_in_demanda_smc,1,['WZFAMF'],['WZFAMF'],['WZFAMF'],2,"['1332-ZAMEF-F02', '1332-ZAMEF-T01']",['ZONA FRANCA LAS AMÉRICAS'],['Declarado']
ZZBARF-D1,WZFBAF,unique_bus_in_demanda_smc,1,['WZFBAF'],['WZFBAF'],['WZFBAF'],1,['3361-ZBARF-T01'],['ZONA FRANCA BARAHONA'],['Declarado']
ZZDRIF-D1,WZFDRF,unique_bus_in_demanda_smc,1,['WZFDRF'],['WZFDRF'],['WZFDRF'],2,"['2122-ZDRIF-T01', '2122DRIO']",['ZONA FRANCA DOS RÍOS'],['Proyectado']
ZZESPF-D1,WZFESF,unique_bus_in_demanda_smc,1,['WZFESF'],['WZFESF'],['WZFESF'],1,['2880-ZESPF-T01'],['ZONA FRANCA ESPERANZA'],['Proyectado']
ZZGILF-D1,WZFGIF,unique_bus_in_demanda_smc,1,['WZFGIF'],['WZFGIF'],['WZFGIF'],1,['1322-ZGILF-T01'],['ZONA FRANCA GILDAN'],['Proyectado']
ZZGURF-D1,WZFGUF,unique_bus_in_demanda_smc,1,['WZFGUF'],['WZFGUF'],['WZFGUF'],1,['2432-ZGURF-T01'],['ZONA FRANCA GURABO'],['Proyectado']
ZZISAF-D1,WZFISF,unique_bus_in_demanda_smc,1,['WZFISF'],[],[],1,['2731-ZISAF-T01'],['ZF INDUSTRIAL SANTIAGO'],['Proyectado']
ZZLICF-D1,WZFLIF,unique_bus_in_demanda_smc,1,['WZFLIF'],['WZFLIF'],['WZFLIF'],1,['2304-ZLICF-T01'],['ZONA FRANCA LICEY 69'],['Declarado']
ZZMCAF-D1,WZFMCF,unique_bus_in_demanda_smc,1,['WZFMCF'],['WZFMCF'],['WZFMCF'],1,['1715-ZMCAF-T01'],['ZONA FRANCA MULTINODAL CAUCEDO'],['Proyectado']
ZZPPLF-D1,WZFPPF,unique_bus_in_demanda_smc,1,['WZFPPF'],['WZFPPF'],['WZFPPF'],1,['2520-ZPPLF-T01'],['ZONA FRANCA PUERTO PLATA'],['Proyectado']
ZZROMF-D1,WZFR2F,unique_bus_in_demanda_smc,1,['WZFR2F'],[],[],1,['4180ZFRN'],['ZONA FRANCA LA ROMANA 2'],['Proyectado']
ZZSPCF-D1,WZFS2F,unique_bus_in_demanda_smc,1,['WZFS2F'],['WZFS2F'],['WZFS2F'],1,['4150-ZSPCF-T01'],['ZONA FRANCA SAN PEDRO 2 69'],['Declarado']
ZZSA1E-D1,WZFSAE,unique_bus_in_demanda_smc,1,['WZFSAE'],['WZFSAE'],['WZFSAE'],4,"['2740-HGLCK-C01', '2740-ZISAK-C07', '2740-ZISAK-F01', '2740-ZSANE-T01']",['ZONA FRANCA SANTIAGO 138'],['Declarado']
ZZSA1E-D2,WZFSAE,unique_bus_in_demanda_smc,1,['WZFSAE'],['WZFSAE'],['WZFSAE'],1,['2740-ZSANE-T02'],['ZONA FRANCA SANTIAGO 138'],['Declarado']
ZZSFRF-D1,WZFSFF,unique_bus_in_demanda_smc,1,['WZFSFF'],[],[],1,['2081ZFSF'],['ZONA FRANCA SAN FRANCISCO'],['Declarado']
ZZSISF-D2,WZFSIF,unique_bus_in_demanda_smc,1,['WZFSIF'],[],['WZFSIF'],1,['1790-ZSISF-F01'],['ZONA FRANCA SAN ISIDRO 69'],['Declarado']
ZZSISF-D1,WZFSIF,unique_bus_in_demanda_smc,1,['WZFSIF'],['WZFSIF'],['WZFSIF'],3,"['1790-ZSISF-T01', '1790-ZSISK-C02', '1790-ZSISK-F02']",['ZONA FRANCA SAN ISIDRO 69'],"['Declarado', 'Proyectado']"
ZZSPAF-D1,WZFSPF,unique_bus_in_demanda_smc,1,['WZFSPF'],['WZFSPF'],['WZFSPF'],4,"['4140-CPETK-C01', '4140-UCESK-C01', '4140-UCESK-F03', '4140-ZSPAF-T01']",['ZONA FRANCA SAN PEDRO 69'],['Declarado']
ZZVALF-D1,WZFVAF,unique_bus_in_demanda_smc,1,['WZFVAF'],['WZFVAF'],['WZFVAF'],1,['1963-ZVALF-T01'],['ZONA FRANCA VILLA ALTAGRACIA'],['Declarado']
ZZLVEF-D1,WZFVEF,unique_bus_in_demanda_smc,1,['WZFVEF'],['WZFVEF'],['WZFVEF'],3,"['2890-ZIVEK-C01', '2890-ZLVEF-F01', '2890-ZLVEF-T01']",['ZONA FRANCA LA VEGA 69'],"['Declarado', 'Proyectado']"
ZZLVEF-D2,WZFVEF,unique_bus_in_demanda_smc,1,['WZFVEF'],[],['WZFVEF'],1,['2890-ZIVEK-F01'],['ZONA FRANCA LA VEGA 69'],['Proyectado']
ZHAINF-D1,WZHAIF,unique_bus_in_demanda_smc,1,['WZHAIF'],['WZHAIF'],['WZHAIF'],1,['1790-ZFHAF-T01'],['69 kV ZF HAINAMOSA'],['Declarado']
