bus_id_modom,bus_name,v_nom_kv,bus_role,lat,lon,coord_source,oc_point_count,match_method,match_score,oc_puntos
WAANDE,AES ANDRÉS,138.0,network,18.407129,-69.632626,smc_match,2,exact,1.0,AES ANDRES TV; AES ANDRES
WABCOF,ABCO,69.0,network,18.451183,-69.970549,smc_match,1,exact,1.0,ABCO
WABISF,ARROZ BISONO,69.0,network,19.564632,-70.885395,smc_match,1,fuzzy,1.0,ARROZ BISONO AT T1
WABRUF,ACUEDUCTO BRUJUELA,69.0,network,18.594946,-69.615273,smc_match,1,exact,1.0,ACUEDUCTO BRUJUELA
WACIBF,ACERO CIBAO,69.0,network,19.4509,-70.7442,smc_match,1,exact,1.0,ACERO CIBAO
WACLAE,,138.0,network,19.693979,-71.220996,smc_match,1,exact,1.0,PARQUE EOLICO AGUA CLARA
WACLAK,,,network,19.693979,-71.220996,inferred_topology,0,,,
WADMIF,ARGOS DOMINICANA (CEMENTO COLÓN),69.0,network,18.35287,-70.07932,smc_match,1,fuzzy,0.6,ARGOS DOMINICANA (CEMENTOS COLON)
WADOMF,ALUMINIO DOMINICANO,69.0,network,18.451203,-69.981557,inferred_topology,0,,,
WAGUAE,AGUACATE,138.0,network,18.437922,-70.257549,smc_match,1,exact,1.0,AGUACATE 1
WAGUBE,AGUACATE B,138.0,network,18.437922,-70.257549,inferred_topology,0,,,
WAHMIF,ACUADUCTO HERMANAS MIRABAL,69.0,network,19.244777,-70.4,inferred_topology,0,,,
WAHO1E,ARROYO HONDO 138 kV Barra 1,138.0,network,18.501376,-69.945417,manual_override,0,,,
WAHO2E,ARROYO HONDO 138 kV Barra 2,138.0,network,18.501376,-69.945417,manual_override,0,,,
WAHOBF,ARROYO HONDO B,69.0,network,18.501318,-69.945267,smc_match,1,fuzzy,1.0,ARROYO HONDO T1
WAHONF,ARROYO HONDO,69.0,network,18.501376,-69.945417,manual_override,0,,,
WAIAMF,AEROPUERTO INTERNACIONAL LAS AMÉRICAS,69.0,network,18.45485,-69.686639,inferred_topology,0,,,
WAIAZF,ACUEDUCTO INAPA AZUA,69.0,network,18.455389,-70.762139,inferred_topology,0,,,
WAIBAF,AEROPUERTO INTERNACIONAL BARAHONA,69.0,network,18.23893,-71.133221,smc_match,1,fuzzy,0.667,AEROPUERTO BARAHONA
WAIISF,AEROPUERTO INTERNACIONAL LA ISABELA,69.0,network,18.57442,-69.978127,inferred_topology,0,,,
WAISAF,ACUEDUCTO LA ISABELA,69.0,network,18.529991,-69.952668,smc_match,2,exact,1.0,LA ISABELA; ACUEDUCTO LA ISABELA
WAISCF,ACUEDUCTO INAPA SAN CRISTOBAL,69.0,network,18.40202,-70.136347,smc_match,1,exact,1.0,ACUEDUCTO INAPA SAN CRISTOBAL
WAISOF,ACUEDUCTO INAPA SOSUA,69.0,network,19.655278,-70.506444,smc_match,1,exact,1.0,ACUEDUCTO INAPA SOSUA
WAIUNF,AEROPUERTO INTERNACIONAL LA UNIÓN,69.0,network,19.766139,-70.651972,inferred_topology,0,,,
WAIZSF,ASOCIACIÓN INDUSUSTRIAS ZONA FRANCA SAN PEDRO DE MACORIS,69.0,network,18.457774,-69.288703,inferred_topology,0,,,
WAORIF,ACUEDUCTO ORIENTAL,69.0,network,18.571278,-69.785164,smc_match,1,exact,1.0,ACUEDUCTO ORIENTAL
WAPERF,ABANICO PER,69.0,network,19.191764,-69.944653,smc_match,1,exact,1.0,ABANICO PER
WAPFAF,ARTÍCULOS PIEL FAVORITOS,69.0,network,19.4699,-70.71447,smc_match,1,fuzzy,1.0,ARTICULOS DE PIEL LOS FAVORITOS
WAQUIF,ACUEDUCTO QUINIGUA,69.0,network,19.527209,-70.773881,smc_match,1,exact,1.0,ACUEDUCTO QUINIGUA
WASOEF,ACUEDUCTO SUR-OESTE,69.0,network,18.406383,-71.160762,smc_match,1,exact,1.0,ACUEDUCTO SUR - OESTE
WAZUAF,AZUA,69.0,network,18.364613,-70.819062,smc_match,5,exact,1.0,POWERSHIP AZUA KPS26 T1; POWERSHIP AZUA KPS60; POWERSHIP AZUA KPS26 T2; POWERSHIP AZUA KPS01 T01; AZUA
WBALDF,BALDOM,69.0,network,19.484586,-70.725072,inferred_topology,0,,,
WBANIF,BANÍ,69.0,network,18.278881,-70.324354,smc_match,1,fuzzy,1.0,BANI T2
WBAPEF,BANÍ PER,69.0,network,18.279409,-70.346749,smc_match,1,exact,1.0,BANI PER
WBARAF,BARAHONA 69,69.0,network,18.217862,-71.088277,smc_match,1,exact,1.0,BARAHONA
WBARCE,BARAHONA CARBÓN 138,138.0,network,18.2207,-71.086583,smc_match,1,exact,1.0,BARAHONA CARBON
WBASIF,BASE AÉREA SAN ISIDRO,69.0,network,18.502824,-69.769871,smc_match,1,exact,1.0,BASE AEREA SAN ISIDRO
WBAYAE,,138.0,network,18.330427,-70.441212,smc_match,1,fuzzy,0.5,PARQUE FOTOVOLTAICO BAYASOL
WBAYAK,,,network,18.330427,-70.441212,inferred_topology,0,,,
WBAYOF,BAYONA,69.0,network,18.469528,-70.021972,smc_match,1,fuzzy,1.0,BAYONA T1
WBCARF,BARAHONA CARBÓN 69,69.0,network,18.219281,-71.08743,inferred_topology,0,,,
WBCARK,TER BARAHONA CARBON,,network,18.2207,-71.086583,manual_override,0,,,
WBCHIE,BOCA CHICA 138,138.0,network,18.455444,-69.620111,smc_match,1,fuzzy,0.667,BOCA CHICA
WBCHIF,BOCA CHICA 69,69.0,network,18.455444,-69.620111,inferred_topology,0,,,
WBDERF,BRAZO DERECHO,69.0,network,19.591872,-70.910208,smc_match,1,exact,1.0,BRAZO DERECHO
WBDERK,TERMINAL BRAZO DERECHO 13.8 Kv,13.8,generator_terminal,19.591872,-70.910208,inferred_topology,0,,,
WBENEF,BENEDICTO,69.0,network,18.444121,-68.830404,smc_match,1,exact,1.0,BENEDICTO
WBERSF,BERSAL,69.0,network,18.502398,-69.339928,smc_match,1,fuzzy,0.5,CENTRAL BERSAL-CEMEX
WBLECF,BATEY LECHUGA,69.0,network,18.568773,-69.059043,smc_match,1,exact,1.0,BATEY LECHUGA
WBMATF,BANÍ MATADERO,69.0,network,18.272056,-70.339869,smc_match,2,fuzzy,1.0,BANI MATADERO T1; BANI MATADERO T2
WBNVFF,BANCO NACIONAL DE LA VIVIENDA FACIL,69.0,network,18.481132,-69.928592,smc_match,1,fuzzy,0.75,BANCO NACIONAL DE LA VIVIENDA
WBON2E,BONAO 2 138,138.0,network,18.90853,-70.370158,manual_override,1,fuzzy,1.0,BONAO 3 138 kV
WBON2F,BONAO 2 69,69.0,network,18.90853,-70.370158,manual_override,0,,,
WBON3C,,,network,18.91003,-70.366048,manual_override,0,,,
WBON3D,,345.0,network,18.91003,-70.366048,manual_override,6,fuzzy,1.0,QUISQUEYA 2 T3; QUISQUEYA 2 T2; QUISQUEYA 2 T1; QUISQUEYA 1 T3; QUISQUEYA 1 T2; QUISQUEYA 1 T1
WBON3E,,138.0,network,18.91003,-70.366048,manual_override,0,,,
WBONAF,BONAO,69.0,network,18.90853,-70.370158,manual_override,2,exact,1.0,BONAO; BONAO 3 345
WBOPEF,BONAO PER,69.0,network,18.91727,-70.388175,smc_match,2,exact,1.0,BONAO PER; BONAO PER T02
WBPOPF,BANCO POPULAR,69.0,network,18.47993,-69.912024,smc_match,1,exact,1.0,BANCO POPULAR
WBVISF,BUENA VISTA,69.0,network,18.440368,-68.922208,inferred_topology,0,,,
WCABAF,CABARETE,69.0,network,19.750111,-70.4152,smc_match,1,exact,1.0,CABARETE
WCALAE,,138.0,network,18.323041,-70.39778,smc_match,1,exact,1.0,PARQUE FOTOVOLTAICO CALABAZA
WCALBE,,138.0,network,18.323041,-70.39778,inferred_topology,0,,,
WCANAE,CANABACOA 138,138.0,network,19.415749,-70.643924,smc_match,1,fuzzy,0.5,CANABACOA
WCANAF,CANABACOA 69,69.0,network,19.415749,-70.643924,inferred_topology,0,,,
WCAPOF,CAPOTILLO,69.0,network,18.501264,-69.902138,smc_match,2,fuzzy,1.0,CAPOTILLO T2; CAPOTILLO T1
WCATAF,CATALINA,69.0,network,18.50946,-69.628938,smc_match,1,exact,1.0,CATALINA
WCAYAF,CAYACOA,69.0,network,18.482583,-69.487111,smc_match,1,exact,1.0,CAYACOA
WCBOHF,CERVECERÍA BOHEMIA,69.0,network,18.466939,-69.994562,smc_match,1,exact,1.0,CERVECERIA BOHEMIA
WCBYNF,CABAYONA,69.0,generator_terminal,18.494707,-70.052341,smc_match,1,exact,1.0,CABAYONA
WCC21E,CRUCE CABRAL 2 - BARRA 1,138.0,network,18.236652,-71.133044,manual_override,0,,,
WCCA2F,CRUCE DE CABRAL 2 69,69.0,network,18.236652,-71.133044,manual_override,0,,,
WCCABF,CRUCE DE CABRAL,69.0,network,18.23283,-71.131134,manual_override,0,,,
WCCARF,CARTONES DEL CARIBE,69.0,network,18.45778,-69.698534,inferred_topology,0,,,
WCCIBF,,69.0,network,19.407444,-70.664,inferred_topology,0,,,
WCDAGF,CAMPAMENTO DIECISEIS DE AGO,69.0,network,18.571,-70.081917,smc_match,1,fuzzy,0.5,CAMPAMENTO 16 DE AGOSTO
WCEMEE,CEMEX 138,138.0,network,18.502685,-69.340003,smc_match,5,fuzzy,0.5,CEMEX C01; CEMEX C02; CEMEX C03; CEMEX T2; CEMEX
WCENOF,CENOVÍ,69.0,network,19.2057,-70.352,smc_match,1,exact,1.0,CENOVI
WCEPPF,COMPAÑÍA ELÉCTRICA DE PUERTO PLATA,69.0,network,,,,0,,,
WCES1K,,,network,18.473189,-69.315909,inferred_topology,0,,,
WCES2K,,,network,18.473189,-69.315909,inferred_topology,0,,,
WCES3K,,,network,18.473189,-69.315909,inferred_topology,0,,,
WCESPF,CRUCE DE ESPERANZA,69.0,network,19.607082,-70.978294,smc_match,1,fuzzy,1.0,CRUCE ESPERANZA T1
WCESPK,TER_CESPM 1,,network,18.495082,-69.34175,smc_match,3,fuzzy,1.0,CESPM 1; CESPM 2; CESPM 3
WCINDF,CARIBBEAN INDUSTRIAL,69.0,network,19.407444,-70.664,smc_match,1,fuzzy,0.667,CARIBBEAN INDUSTRIAL PARK
WCLUIE,CONSORCIO MINERO DOMINICANO,138.0,network,18.499302,-69.55319,smc_match,2,fuzzy,1.0,CIP LA LUISA T1; CIP LA LUISA T2
WCNACF,CÍTRICOS NACIONALES,69.0,network,18.708982,-70.213532,smc_match,2,fuzzy,1.0,CITRICOS NACIONALES T1; CITRICOS NACIONALES T2
WCNPEE,CÉSAR NICOLÁS PÉNSON,138.0,network,18.471944,-69.900757,manual_override,2,fuzzy,0.75,CESAR NICOLAS PENSON  138 KV T2; CESAR NICOLAS PENSON  138 KV T1
WCNSLF,CONSUELO,69.0,network,18.560366,-69.28758,smc_match,1,exact,1.0,CONSUELO
WCOAPE,,138.0,network,18.446777,-69.25325,smc_match,3,fuzzy,1.0,COASTAL PETROLEUM; PARQUE FOTOVOLTAICO COASTAL T01; PARQUE FOTOVOLTAICO COASTAL T02
WCOCOF,CRUCE DE OCOA,69.0,network,18.35425,-70.468861,smc_match,1,exact,1.0,CRUCE DE OCOA
WCODAF,CODAL,69.0,network,19.201663,-70.145653,inferred_topology,0,,,
WCOHEF,CENTRO OPERACIONES HERRERA,69.0,network,18.432194,-69.989722,smc_match,1,fuzzy,0.667,CENTRO DE OPERACIONES
WCONSF,CONSTANZA,69.0,network,18.906077,-70.73766,smc_match,2,exact,1.0,EL SALTO; CONSTANZA
WCORMF,CORMIDOM,69.0,network,18.884177,-70.2383,smc_match,2,exact,1.0,CORMIDOM T2; CORMIDOM
WCOTAE,,138.0,network,18.533815,-68.871793,smc_match,2,exact,1.0,PARQUE FOTOVOLTAICO COTOPERÍ I; PARQUE FOTOVOLTAICO COTOPERÍ II
WCOTBE,,138.0,network,18.534423,-68.866124,smc_match,1,exact,1.0,PARQUE FOTOVOLTAICO COTOPERÍ III
WCOTUF,COTUÍ,69.0,network,19.061249,-70.15719,smc_match,1,exact,1.0,COTUI
WCPVCF,CORVI PVC,69.0,network,18.56175,-70.063417,smc_match,1,exact,1.0,CORVI PVC
WCSATF,CIUDAD SATÉLITE,69.0,network,18.557292,-70.058641,smc_match,1,exact,1.0,CIUDAD SATELITE
WCSO1K,,,network,18.533815,-68.871793,inferred_topology,0,,,
WCSO2K,,,network,18.533815,-68.871793,inferred_topology,0,,,
WCSO3K,,,network,18.534423,-68.866124,inferred_topology,0,,,
WCSOLK,,,network,18.446777,-69.25325,inferred_topology,0,,,
WCTP1D,PUNTA CATALINA 1 345 KV BARRA 1,345.0,network,18.233913,-70.237627,smc_match,3,fuzzy,1.0,CENTRAL TERMOELECTRICA PUNTA CATALINA T2; SERVICIO DE ESTACION PUNTA CATALINA; CENTRAL TERMOELECTRICA PUNTA CATALINA T1
WCTP2D,PUNTA CATALINA 2 345 KV BARRA 1,345.0,network,18.233913,-70.237627,inferred_topology,0,,,
WCUMAE,,138.0,network,18.463537,-69.05832,smc_match,1,exact,1.0,PARQUE FOTOVOLTAICO CUMAYASA 1
WCUMBE,,138.0,network,18.463719,-69.058407,smc_match,2,exact,1.0,PARQUE FOTOVOLTAICO CUMAYASA 4; PARQUE FOTOVOLTAICO CUMAYASA 2
WCVEGF,CERVECERÍA VEGANA,69.0,network,19.230833,-70.540806,smc_match,1,exact,1.0,CERVECERIA VEGANA
WCZFSF,,69.0,network,19.511365,-70.759094,inferred_topology,0,,,
WDAJAE,DAJABÓN 138,138.0,network,19.516752,-71.670978,manual_override,0,,,
WDAJAF,DAJAO,69.0,network,18.580172,-69.85434,smc_match,3,fuzzy,1.0,DAJAO T1; DAJAO T2; DAJAO T03
WDESPF,DESPACHO,69.0,network,18.481805,-69.884035,smc_match,3,fuzzy,1.0,DESPACHO T1; DESPACHO T2; DESPACHO T3
WDISDF,,69.0,network,18.495534,-70.059744,smc_match,1,fuzzy,0.5,DISDO
WDJAOE,,138.0,network,18.580156,-69.854231,manual_override,0,,,
WDJAOF,,69.0,network,18.580156,-69.854231,manual_override,0,,,
WDPEDF,DON PEDRO,69.0,network,19.464917,-70.619306,smc_match,1,exact,1.0,DON PEDRO
WDRODF,DOMINGO RODRÍGUEZ,69.0,network,18.896543,-71.346062,smc_match,1,exact,1.0,DOMINGO RODRIGUEZ 1
WDRODK,DOMINGO RODRÍGUEZ 12.5,12.5,generator_terminal,18.896543,-71.346062,inferred_topology,0,,,
WDRODM,DOMINGO RODRÍGUEZ 4.16,4.16,generator_terminal,18.896543,-71.346062,inferred_topology,0,,,
WDURAF,DURALÓN,69.0,network,18.447716,-69.980144,inferred_topology,0,,,
WDUVEF,DUVERGÉ,69.0,network,18.371552,-71.494998,manual_override,0,,,
WEABAF,EL ABANICO,69.0,network,19.191764,-69.944653,inferred_topology,0,,,
WEBRIE,EL BRISAL,138.0,network,18.476149,-69.788208,smc_match,2,exact,1.0,EL BRISAL T2; EL BRISAL
WECHIF,EL CHIVO,69.0,network,19.285278,-70.255852,smc_match,2,exact,1.0,EL CHIVO T2; EL CHIVO
WELJIF,E LEÓN JIMÉNEZ,69.0,network,19.462389,-70.67,smc_match,1,exact,1.0,E LEON JIMENEZ
WEM21K,TER EMD2 GRUPO 1,,network,18.485407,-69.884583,inferred_topology,0,,,
WEMA2E,,138.0,network,18.485407,-69.884583,inferred_topology,0,,,
WEMA2F,ESTRELLA DEL MAR 2,69.0,network,18.484133,-69.883462,smc_match,3,exact,1.0,ESTRELLA DEL MAR 3 T1; ESTRELLA DEL MAR 2; ESTRELLA DEL MAR 3 T2
WEMA3F,,69.0,network,18.498628,-69.868876,inferred_topology,0,,,
WEMB2F,ESTRELLA DEL MAR 2 B,69.0,network,,,,0,,,
WEMB3F,,69.0,network,18.485407,-69.884583,inferred_topology,0,,,
WEMBAE,EMBAJADOR,138.0,network,18.454195,-69.947083,smc_match,2,fuzzy,1.0,EMBAJADOR T1; EMBAJADOR T2
WENADE,,138.0,network,18.410055,-69.631517,smc_match,1,fuzzy,0.5,ENADOM
WENE4E,,138.0,network,18.473189,-69.315909,inferred_topology,0,,,
WEPINF,ELÍAS PIÑA,69.0,network,18.875592,-71.678534,smc_match,1,exact,1.0,ELIAS PIÑA
WERIOF,EL RÍO,69.0,network,19.002028,-70.648806,inferred_topology,0,,,
WESEIE,EL SEIBO,138.0,network,18.767194,-69.050056,smc_match,1,exact,1.0,EL SEIBO
WESM3F,,69.0,network,18.498628,-69.868876,inferred_topology,0,,,
WESM3K,,,network,18.498628,-69.868876,inferred_topology,0,,,
WESOCE,,138.0,network,18.526729,-69.289144,smc_match,1,exact,1.0,PARQUE SOLAR EL SOCO
WESP1E,,138.0,network,19.580005,-70.960806,smc_match,3,exact,1.0,PARQUE FOTOVOLTAICO ESPERANZA 2; ESPERANZA; PARQUE EÓLICO ESPERANZA
WFALCE,FALCONDO 138,138.0,network,18.928771,-70.357431,inferred_topology,0,,,
WFALCF,FALCONDO 69,69.0,network,18.928771,-70.357431,inferred_topology,0,,,
WFALCK,FALCONDO 34.5,34.5,network,18.928771,-70.357431,inferred_topology,0,,,
WFALCM,FALCONDO,,network,18.928771,-70.357431,inferred_topology,0,,,
WFANTF,FANTINO,69.0,network,19.124603,-70.308447,smc_match,1,exact,1.0,FANTINO
WFNEGF,FONDO NEGRO,69.0,network,18.465902,-71.072417,inferred_topology,0,,,
WFOCHF,FERRETERÍA OCHOA,69.0,network,19.509172,-70.765465,smc_match,2,exact,1.0,FERRETERIA OCHOA; FERRETERIA OCHOA - DIVISION LAS CHARCAS
WFOLAF,FERRETERÍA OCHOA LAS LAVAS,69.0,network,19.562553,-70.821122,smc_match,1,fuzzy,0.75,FERRETERIA OCHOA - DIVISION LAS LAVAS
WGALAF,,69.0,network,18.487386,-69.828132,smc_match,1,fuzzy,0.5,GRUPO ALASKA
WGBOJF,GRANITOS BOJOS,69.0,network,18.408389,-70.030861,smc_match,1,exact,1.0,GRANITOS BOJOS
WGHACF,GRUPO HACHE,69.0,network,18.48147,-69.925777,smc_match,1,exact,1.0,GRUPO HACHE
WGIRAE,,138.0,network,18.328685,-70.197935,smc_match,2,fuzzy,1.0,PARQUE SOLAR GIRASOL T2; PARQUE SOLAR GIRASOL T1
WGIRAK,,,network,18.328685,-70.197935,inferred_topology,0,,,
WGMALF,GRUPO MALLA,69.0,network,18.492219,-69.916898,smc_match,1,exact,1.0,GRUPO MALLA
WGNLLE,,138.0,network,19.795726,-71.315742,smc_match,1,exact,1.0,PARQUE EOLICO GUANILLO
WGNLLK,,,network,19.795726,-71.315742,inferred_topology,0,,,
WGOYAF,GOYA,69.0,network,18.422405,-70.130743,smc_match,1,exact,1.0,GOYA
WGPALF,GENERADORA PALAMARA,69.0,network,18.556455,-70.013106,inferred_topology,0,,,
WGPETF,GRUPO PETROQUÍMICA,69.0,network,18.4964,-69.91024,smc_match,1,fuzzy,1.0,PETROQUIMICA
WGPLAF,GOMAS Y PLÁSTICOS,69.0,network,18.498051,-69.824546,smc_match,1,exact,1.0,GOMAS Y PLÁSTICOS
WGRCHF,GRUPO RAMOS CHARLES,69.0,network,18.528944,-69.838806,smc_match,1,exact,1.0,GRUPO RAMOS CHARLES
WGRSFF,GRUPO RAMOS SAN FRANCISCO DE MACORIS,69.0,network,19.276819,-70.240385,smc_match,1,exact,1.0,GRUPO RAMOS SFM
WGU1AD,,345.0,network,19.697504,-71.35588,manual_override,0,,,
WGU1BD,,345.0,network,,,,0,,,
WGUA2F,GUANITO 2,69.0,network,18.725686,-71.090646,smc_match,1,exact,1.0,GUANITO 2
WGUANE,GUANITO 138,138.0,network,,,,0,,,
WGUANF,GUANITO,69.0,network,,,,0,,,
WGUAVF,GUAVABERRY,69.0,network,18.482583,-69.487111,inferred_topology,0,,,
WGUAYE,BARRA GUAYUBIN 138 KV,138.0,network,19.775171,-71.38964,inferred_topology,0,,,
WGUAYF,GUAYMATE,69.0,network,18.586987,-68.975958,smc_match,1,exact,1.0,GUAYMATE
WGUERD,,345.0,network,18.563649,-69.698653,manual_override,0,,,
WGUERE,,138.0,network,18.563649,-69.698653,manual_override,0,,,
WGUERF,GUERRA,69.0,network,18.563649,-69.698653,smc_match,1,exact,1.0,GUERRA
WGVEGF,GENERADORA LA VEGA,69.0,network,19.241217,-70.545702,inferred_topology,0,,,
WHAIBF,HAINA B 69,69.0,network,18.440074,-70.009237,inferred_topology,0,,,
WHAINE,HAINA 138,138.0,network,18.423114,-70.021929,smc_match,1,exact,1.0,HAINA TG
WHAINF,HAINA 69,69.0,network,18.423114,-70.021929,inferred_topology,0,,,
WHAT2K,,,network,19.036873,-70.192684,inferred_topology,0,,,
WHATIF,HATILLO,69.0,network,19.036873,-70.192684,smc_match,2,exact,1.0,CENTRAL HATILLO 2; HATILLO
WHATIK,TERMINAL HATILLO,,generator_terminal,19.036873,-70.192684,inferred_topology,0,,,
WHENUF,HERRERA NUEVA,69.0,network,18.449569,-69.980167,smc_match,1,fuzzy,1.0,HERRERA NUEVA T2
WHERRE,HERRERA 138,138.0,network,18.449757,-69.980417,smc_match,1,fuzzy,1.0,HERRERA 138 kV
WHGMOE,HIGUAMO,138.0,network,18.466315,-69.316878,smc_match,1,fuzzy,0.5,HARINA DEL HIGUAMO
WHGUEE,HIGUEY 138,138.0,network,18.624867,-68.735674,smc_match,3,fuzzy,1.0,HIGUEY 138 KV; HIGUEY 138 KV T2; HIGUEY T03
WHIGUF,HIGUEY 69,69.0,network,18.588252,-68.719035,smc_match,1,fuzzy,1.0,HIGUEY 69 KV
WHJBOF,HOSPITAL JUAN BOSCH,69.0,network,19.196037,-70.50763,inferred_topology,0,,,
WHLINF,HOYO LIMA INDUSTRIAL,69.0,network,,,,0,,,
WHMA2E,,138.0,network,18.767414,-69.247611,manual_override,0,,,
WHMA2F,,69.0,network,18.767414,-69.247611,manual_override,0,,,
WHMAYF,HATO MAYOR,69.0,network,18.7608,-69.250518,manual_override,1,exact,1.0,HATO MAYOR
WHMSAF,HOSPITAL METROPOLITANO SANTIAGO,69.0,network,19.435798,-70.660148,smc_match,1,fuzzy,0.5,HOSPITAL METRO SANTIAGO
WHNACF,HIELOS NACIONALES,69.0,network,,,,0,,,
WHNS1E,HAINAMOSA 138 - BARRA 1,138.0,network,18.533854,-69.819726,smc_match,2,fuzzy,1.0,HAINAMOSA 138 T1; HAINAMOSA 138 T2
WHNS1F,HAINAMOSA 69 - BARRA 1,69.0,network,18.533161,-69.818586,inferred_topology,0,,,
WHNUEF,HATO NUEVO,69.0,network,18.503388,-70.052238,smc_match,2,exact,1.0,HATO NUEVO; TINFLEX HATO NUEVO C1
WIAANE,INTERCONEXIÓN AES ANDRÉS,138.0,network,18.407129,-69.632626,inferred_topology,0,,,
WIBARF,INGENIO BARAHONA,69.0,network,18.218052,-71.087408,smc_match,1,exact,1.0,INGENIO BARAHONA
WICAEF,INGENIO CAEI,69.0,network,18.320997,-70.180804,smc_match,1,exact,1.0,INGENIO CAEI
WICNAF,INCARNA,69.0,network,,,,0,,,
WIDALF,,69.0,network,19.152783,-70.469709,smc_match,1,fuzzy,0.5,INDAL
WIGASE,ITABO GAS,138.0,network,18.405585,-70.027353,manual_override,2,exact,1.0,INTERCONEXION ITABO V SAN LORENZO; SAN LORENZO 1
WIISAF,INCA ISABELA,69.0,network,18.510927,-69.90865,smc_match,1,fuzzy,1.0,INCA LA ISABELA
WIMB2F,,69.0,network,19.173912,-70.465119,inferred_topology,0,,,
WIMBEF,IMBERT,69.0,network,19.74738,-70.84076,smc_match,1,exact,1.0,IMBERT
WINCAF,INCA,69.0,network,18.56175,-70.063417,inferred_topology,0,,,
WINCAK,INCA 12.5,12.5,network,18.56175,-70.063417,inferred_topology,0,,,
WINVBF,INVIVIENDA T1,69.0,network,18.513366,-69.827052,smc_match,1,exact,1.0,INVIVIENDA T1
WINVIF,INVIVIENDA T2,69.0,network,18.513423,-69.826901,smc_match,1,exact,1.0,INVIVIENDA T2
WIPSIF,INDUSTRIA PAPEL SIDO,69.0,network,18.5641,-70.037956,inferred_topology,0,,,
WITA1E,ITABO 1,138.0,network,18.461015,-69.999384,inferred_topology,0,,,
WJARAF,JARABACOA,69.0,network,19.103361,-70.595361,smc_match,1,exact,1.0,JARABACOA
WJDOLE,JUAN DOLIO,138.0,network,18.44218,-69.426169,smc_match,1,exact,1.0,JUAN DOLIO
WJIBPE,,138.0,network,18.283052,-71.308132,inferred_topology,0,,,
WJIGBE,JIGUEY B,138.0,network,18.509997,-70.331067,smc_match,1,exact,1.0,JIGUEY 1
WJIGUE,JIGUEY,138.0,network,18.510006,-70.33087,smc_match,1,exact,1.0,JIGUEY 2
WJIMEF,JIMENOA,69.0,network,19.098556,-70.597194,smc_match,1,exact,1.0,JIMENOA
WJSAUD,JULIO SAURI 345,345.0,network,18.521121,-70.090425,manual_override,0,,,
WJSAUE,JULIO SAURI 138,138.0,network,18.52073,-70.089558,manual_override,0,,,
WKDMBF,KILOMETRO DIEZ Y MEDIO B,69.0,network,18.487741,-69.980509,smc_match,3,fuzzy,1.0,KILOMETRO DIEZ Y MEDIO T1; KILOMETRO DIEZ Y MEDIO T2; KILOMETRO DIEZ Y MEDIO T3
WKDMEF,KILOMETRO DIEZ Y MEDIO,69.0,network,18.490417,-69.978139,inferred_topology,0,,,
WKINDF,,69.0,network,18.220608,-71.241958,smc_match,1,fuzzy,0.5,KHOURY INDUSTRIAL
WKQA1F,KILOMETRO QUINCE DE AZUA 69,69.0,network,18.464957,-70.868588,manual_override,0,,,
WKQAZE,KILOMETRO QUINCE DE AZUA,138.0,network,18.464957,-70.868588,manual_override,1,fuzzy,0.5,KM 15 DE AZUA
WKVEIF,KILOMETRO VEINTICUATRO,69.0,network,18.500926,-69.814749,inferred_topology,0,,,
WLALFF,,69.0,network,18.506095,-69.999153,smc_match,1,fuzzy,0.667,LABORATORIOS ALFA T01
WLANGE,LÓPEZ ANGOSTURA,138.0,network,19.368499,-70.714605,smc_match,1,exact,1.0,LOPEZ ANGOSTURA
WLBARF,LAS BARIAS,69.0,network,18.391338,-70.281548,manual_override,1,exact,1.0,LAS BARIAS
WLCALF,LA CALETA,69.0,network,18.45485,-69.686639,smc_match,2,exact,1.0,LA CALETA T03; LA CALETA
WLCBOF,LA CUMBRE BONAO,69.0,network,18.78677,-70.263115,smc_match,1,fuzzy,0.5,LA CUMBRE
WLCOCK,BARRA JUANCHO LOS COCOS 34.5 kV,34.5,network,17.883463,-71.274502,inferred_topology,0,,,
WLCUAF,LA CUARENTA,69.0,network,18.50321,-69.925409,manual_override,0,,,
WLDAMF,LAS DAMAS,69.0,network,18.35861,-71.534385,smc_match,2,exact,1.0,LAS DAMAS; CIRCUITO LAS DAMAS
WLDAMK,LAS DAMAS,,network,18.35861,-71.534385,manual_override,0,,,
WLDIAF,LISTÍN DIARIO,69.0,network,18.478969,-69.911536,smc_match,1,exact,1.0,LISTIN DIARIO
WLGALE,LA GALLERA,138.0,network,19.473014,-70.695124,smc_match,2,fuzzy,1.0,LA GALLERA T1; LA GALLERA T2
WLGU2K,,,network,19.867905,-70.81641,inferred_topology,0,,,
WLGUZE,,138.0,network,19.867905,-70.81641,smc_match,2,fuzzy,1.0,PARQUE EOLICO LOS GUZMANCITOS II; LOS GUZMANCITOS
WLGUZK,,,network,19.867905,-70.81641,inferred_topology,0,,,
WLISAE,LA ISABELA 138,138.0,network,18.500052,-69.867876,inferred_topology,0,,,
WLLAGF,LAS LAGUNAS,69.0,network,,,,0,,,
WLMFAF,LAS MATAS DE FARFÁN,69.0,network,18.874375,-71.512569,smc_match,1,exact,1.0,LAS MATAS DE FARFAN
WLMI5E,LOS MINA 5,138.0,network,18.499877,-69.86808,smc_match,2,exact,1.0,RETIROS LOS MINA 5 y 6; LOS MINA 5
WLMI6E,LOS MINA 6,138.0,network,18.500298,-69.86817,smc_match,1,exact,1.0,LOS MINA 6
WLMI7E,LOS MINA 7,138.0,network,18.500356,-69.867919,smc_match,1,exact,1.0,LOS MINA 7
WLMI7K,LOS MINA 7 13.5,13.5,network,18.500356,-69.867919,inferred_topology,0,,,
WLMINE,LOS MINA 138,138.0,network,18.500052,-69.867876,smc_match,3,fuzzy,1.0,LOS MINA 138 T1; LOS MINA 138 T2; LOS MINA 138 kV T03
WLMINF,LOS MINA 69,69.0,network,18.498628,-69.868876,smc_match,1,fuzzy,1.0,LOS MINA 69 KV
WLORIE,LOS ORÍGENES,138.0,network,18.467577,-69.318995,smc_match,1,fuzzy,0.5,LOS ORIGENES POWER PLANT
WLORIK,LOS ORIGENES  12.47,12.47,network,18.467577,-69.318995,inferred_topology,0,,,
WLPARF,,69.0,network,18.63233,-69.63341,smc_match,1,fuzzy,0.5,LAS PARRAS T01
WLPENF,,69.0,network,19.246554,-70.556536,inferred_topology,0,,,
WLPRAE,LOS PRADOS,138.0,network,18.469319,-69.953322,smc_match,3,fuzzy,1.0,LOS PRADOS T1; LOS PRADOS T2; LOS PRADOS T3
WLROME,LA ROMANA 138,138.0,network,18.445469,-68.983751,smc_match,4,exact,1.0,LA ROMANA 138; LA ROMANA T1; LA ROMANA T2; LA ROMANA 138 T02
WLROMF,LA ROMANA 69,69.0,network,18.437024,-68.985664,inferred_topology,0,,,
WLRPUF,LA ROMANA PUEBLO,69.0,network,18.42858,-68.987578,smc_match,1,fuzzy,1.0,ROMANA PUEBLO T03
WLTORF,LOS TOROS,69.0,network,18.518806,-70.898,smc_match,1,exact,1.0,LOS TOROS 1
WLUCIF,,69.0,network,18.252185,-70.204897,smc_match,1,exact,1.0,PARQUE FOTOVOLTAICO LUCILA
WLUPEF,LUPERÓN,69.0,network,19.173912,-70.465119,smc_match,2,exact,1.0,CCN LUPERON; LUPERON
WLVEGF,LA VEGA,69.0,network,19.239292,-70.545551,smc_match,3,fuzzy,1.0,LA VEGA T2; DIESEL LA VEGA T2; DIESEL LA VEGA T1
WLVICE,,138.0,network,18.610974,-69.853456,smc_match,1,exact,1.0,PARQUE FOTOVOLTAICO LA VICTORIA
WLVICK,,,network,18.610974,-69.853456,inferred_topology,0,,,
WLVPEF,LA VEGA PER,69.0,network,19.220231,-70.514482,smc_match,1,exact,1.0,LA VEGA PER
WMAGUF,MAGUEYAL,69.0,network,18.591708,-70.991857,smc_match,1,exact,1.0,MAGUEYAL 1
WMAIMF,MAIMÓN,69.0,network,18.909019,-70.276043,smc_match,1,exact,1.0,MAIMON
WMARAF,,69.0,network,18.492177,-69.755294,smc_match,1,fuzzy,0.5,MARANATHA
WMARAK,,,network,18.492177,-69.755294,inferred_topology,0,,,
WMARTF,,69.0,network,18.625744,-69.919736,smc_match,1,exact,1.0,PARQUE FOTOVOLTAICO MARTÍ
WMARTK,,,network,18.625744,-69.919736,inferred_topology,0,,,
WMAT1E,,138.0,network,19.51944,-69.993104,smc_match,1,exact,1.0,PARQUE FOTOVOLTAICO MATRISOL
WMATAE,MATADERO 138,138.0,network,18.440524,-69.963198,inferred_topology,0,,,
WMATBE,MATADERO B,138.0,network,18.441075,-69.943661,smc_match,1,fuzzy,1.0,MATADERO
WMEGAF,MEGACENTRO,69.0,network,18.508998,-69.856194,smc_match,1,exact,1.0,MEGACENTRO
WMERCF,MERCASID,69.0,network,18.497588,-69.917176,smc_match,1,exact,1.0,MERCASID
WMETAE,METALDOM 138,138.0,network,18.440312,-69.94592,inferred_topology,0,,,
WMETAK,METALDOM,,network,18.440312,-69.94592,smc_match,1,exact,1.0,METALDOM
WMETBF,METROPOLITANO B,69.0,network,18.478856,-69.92033,smc_match,2,fuzzy,1.0,METROPOLITANO T1; METROPOLITANO T2
WMETEE,,138.0,network,,,,0,,,
WMETEF,,69.0,network,,,,0,,,
WMETRE,METROPOLITANO 138,138.0,network,,,,0,,,
WMETRF,METROPOLITANO,69.0,network,18.478856,-69.92033,inferred_topology,0,,,
WMIR1E,,138.0,network,18.569676,-69.716713,smc_match,1,exact,1.0,PARQUE FOTOVOLTAICO MIRASOL
WMIRAK,,,network,18.569676,-69.716713,inferred_topology,0,,,
WMLTPF,MULTIPARQUES,69.0,network,18.40891,-70.0385,smc_match,1,exact,1.0,MULTIPARQUES
WMOCAE,MOCA 138,138.0,network,19.382852,-70.533329,inferred_topology,0,,,
WMOCAF,MOCA,69.0,network,19.384694,-70.534403,smc_match,2,fuzzy,1.0,MOCA T1; MOCA NUEVA
WMONCE,MONCION,138.0,network,19.426435,-71.090188,manual_override,2,exact,1.0,MONCION 2; MONCION 1
WMONTE,MONTECRISTI,138.0,network,19.754615,-71.463538,smc_match,3,fuzzy,1.0,PARQUE FOTOVOLTAICO MONTECRISTI SOLAR T2; PARQUE FOTOVOLTAICO MONTECRISTI SOLAR T1; MONTECRISTI 138 kV
WMOZAF,MOLINOS DEL OZAMA,69.0,network,18.475288,-69.879525,smc_match,1,exact,1.0,MOLINOS DEL OZAMA
WMP2AE,,138.0,network,18.648989,-69.596463,smc_match,1,exact,1.0,PARQUE FOTOVOLTAICO WASHINGTON CAPITAL 2
WMP2BE,,138.0,network,18.657299,-69.607539,smc_match,1,exact,1.0,PARQUE FOTOVOLTAICO WASHINGTON CAPITAL 3
WMPALF,,69.0,network,18.647997,-69.589627,manual_override,1,exact,1.0,PARQUE FOTOVOLTAICO MATA DE PALMA
WMPALK,,,network,18.648225,-69.589606,inferred_topology,0,,,
WMPL1D,,,network,19.675742,-71.700466,smc_match,2,fuzzy,0.5,MANZANILLO POWER LAND TG T01; MANZANILLO POWER LAND TV T01
WMPL2D,,,network,19.675742,-71.700466,inferred_topology,0,,,
WMPLAF,MONTE PLATA,69.0,network,18.816014,-69.790528,smc_match,2,fuzzy,1.0,MONTE PLATA T1; MONTE PLATA T2
WMPSOE,MONTE PLATA SOLAR,138.0,network,18.81724,-69.79046,smc_match,1,exact,1.0,MONTE PLATA SOLAR
WMPSOF,,69.0,network,18.794148,-69.900641,inferred_topology,0,,,
WMPSOK,TERMINAL MONTE PLATA SOLAR,,generator_terminal,18.794148,-69.900641,inferred_topology,0,,,
WMRI2E,MONTE RÍO,138.0,network,18.351076,-70.833057,smc_match,3,fuzzy,1.0,MONTE RIO T1; MONTE RIO T2; MONTE RIO T3
WMTFNE,,138.0,network,18.259716,-70.494499,smc_match,1,fuzzy,1.0,PARQUE EOLICO MATAFONGO
WMTFNK,,138.0,network,18.259716,-70.494499,inferred_topology,0,,,
WMULTF,MULTIFORM,69.0,network,18.512677,-69.906617,smc_match,2,fuzzy,1.0,MULTIFORM RETIRO; MULTIFORM-UNR
WMVCIF,MOLINOS VALLE CIBAO,69.0,network,19.445583,-70.638528,smc_match,1,fuzzy,1.0,MOLINOS VALLE DEL CIBAO
WMVIEF,MADRE VIEJA,69.0,network,18.415421,-70.097146,smc_match,2,fuzzy,1.0,MADRE VIEJA T1; MADRE VIEJA T2
WNAG2E,NAGUA 2 138,138.0,network,19.360828,-69.853606,manual_override,0,,,
WNAG2F,NAGUA 2 69,69.0,network,19.360828,-69.853606,manual_override,0,,,
WNAGUF,NAGUA,69.0,network,19.363041,-69.85172,manual_override,2,exact,1.0,NAGUA; ROSA JULIA DE LA CRUZ
WNARAD,NARANJO 345 kV,345.0,network,19.408663,-70.75948,manual_override,0,,,
WNARAE,NARANJO 138 kV,138.0,network,19.409426,-70.759806,manual_override,0,,,
WNAV2E,NAVARRETE 2,138.0,network,19.567171,-70.872825,smc_match,1,fuzzy,0.5,NAVARRETE PUEBLO
WNAVAF,NAVARRETE,69.0,network,19.617771,-70.83899,inferred_topology,0,,,
WNEYBF,NEYBA,69.0,network,18.480556,-71.425444,smc_match,1,exact,1.0,NEYBA
WNIBAE,NIBAJE 138,138.0,network,19.443276,-70.703126,smc_match,2,fuzzy,0.5,NIBAJE T2; NIBAJE T1
WNOVOF,NOVOPLAST,69.0,network,18.514078,-70.008781,smc_match,1,exact,1.0,NOVOPLAST
WOFALF,OLEODUCTO FALCONBRID,69.0,network,18.440074,-70.009237,inferred_topology,0,,,
WOJIVF,,69.0,network,18.417511,-70.022847,smc_match,1,exact,1.0,OJIVA
WPAK0E,,138.0,network,18.465472,-70.86875,inferred_topology,0,,,
WPAK2E,,138.0,network,18.351076,-70.833057,inferred_topology,0,,,
WPAK5E,,138.0,network,,,,0,,,
WPAK6E,,138.0,network,18.351076,-70.833057,inferred_topology,0,,,
WPAL1E,PALAMARA 1,138.0,network,18.556859,-70.013903,manual_override,1,fuzzy,1.0,PALAMARA RETIRO
WPALAF,PALAMARA,69.0,network,18.556455,-70.013106,smc_match,1,exact,1.0,PALAMARA
WPALBE,DOMICEN,138.0,network,18.273513,-70.140203,smc_match,4,fuzzy,1.0,PALENQUE G1; PALENQUE G2; PALENQUE G3; PALENQUE G4
WPALBF,PALAMARA B,69.0,network,18.556859,-70.013903,manual_override,0,,,
WPALEE,PALENQUE 138 BARRA A,138.0,network,18.273513,-70.140203,inferred_topology,0,,,
WPAQ1K,PALENQUE 4.2 - BARRA 1,4.2,network,18.273513,-70.140203,inferred_topology,0,,,
WPARAE,PARAISO,138.0,network,18.480165,-69.944422,smc_match,3,fuzzy,0.5,PARAISO 138; PARAISO 138 T3; PARAISO 138 T2
WPAYAE,,138.0,network,19.507575,-69.97351,inferred_topology,0,,,
WPAYBE,,138.0,network,19.49571,-69.953915,smc_match,1,exact,1.0,PARQUE FOTOVOLTAICO PAYITA 1
WPAYIF,PAYITA,69.0,network,19.506556,-69.942722,smc_match,1,exact,1.0,PAYITA
WPBAJF,PASO BAJITO,69.0,network,19.066139,-70.610139,smc_match,1,exact,1.0,PASO BAJITO
WPBBAE,PIEDRA BLANCA BARRA 138 KV,138.0,network,,,,0,,,
WPBLAD,PIEDRA BLANCA 230 KV,230.0,network,,,,0,,,
WPCA1K,BARRA LADO DE BAJA PUNTA CATALINA,,network,18.233913,-70.237627,inferred_topology,0,,,
WPCA2K,BARRA LADO DE BAJA PUNTA CATALINA 2,,network,18.233913,-70.237627,inferred_topology,0,,,
WPCATE,PUNTA CATALINA 138,138.0,network,18.465472,-70.86875,inferred_topology,0,,,
WPCGLF,,69.0,network,18.571557,-70.096918,smc_match,1,fuzzy,0.667,PARQUE CARIBBEAN GLASS
WPCIBF,PARQUE CIBERNÉTICO,69.0,network,18.449833,-69.661812,smc_match,2,exact,1.0,PARQUE CIBERNÉTICO C1; PARQUE CIBERNETICO
WPDISF,PIZARRETE DISTRIBUCIÓN,69.0,network,18.298242,-70.226883,smc_match,3,exact,1.0,PIZARRETE; LOS ANONES; NIZAO NAJAYO
WPDIVF,PRODUCTOS DIVERSOS,69.0,network,18.556455,-70.013106,inferred_topology,0,,,
WPDORE,,138.0,network,,,,0,,,
WPDORF,PLAYA DORADA,69.0,network,19.766139,-70.651972,smc_match,1,exact,1.0,PLAYA DORADA
WPEBPE,,138.0,network,18.174467,-71.071626,inferred_topology,0,,,
WPERAE,,138.0,network,18.320869,-70.392544,manual_override,1,exact,1.0,PARQUE FOTOVOLTAICO PERAVIA I
WPERBE,,138.0,network,18.321027,-70.392528,inferred_topology,0,,,
WPES1K,,,network,18.321027,-70.392528,inferred_topology,0,,,
WPES2K,,,network,18.321027,-70.392528,inferred_topology,0,,,
WPFLEF,PLÁSTICOS FLEXIBLES,69.0,network,18.445863,-69.980122,inferred_topology,0,,,
WPFMSK,BARRA PARQUE FOTOVOLTAICO MONTE CRISTI SOLAR 20 KV,20.0,network,19.775171,-71.38964,inferred_topology,0,,,
WPGARF,PEDRO GARCIA,69.0,network,19.589614,-70.631917,smc_match,1,exact,1.0,PEDRO GARCIA
WPHAIF,PUERTO DE HAINA,69.0,network,18.423046,-70.011844,smc_match,1,exact,1.0,PUERTO DE HAINA
WPIDUF,,69.0,network,18.555239,-70.054591,smc_match,1,fuzzy,0.5,PARQUE INDUSTRIAL DUARTE
WPIISF,PIISA,69.0,network,18.392586,-70.040577,manual_override,0,,,
WPIMCF,PIMCO,69.0,network,19.442719,-70.737082,smc_match,1,exact,1.0,PIMCO
WPIMEE,PIMENTEL,138.0,network,19.201015,-70.095653,smc_match,5,exact,1.0,PIMENTEL; PIMENTEL T3; PIMENTEL IV; PIMENTEL T2; PIMENTEL T1
WPIMEF,PIMENTEL,69.0,network,19.126506,-70.050922,inferred_topology,0,,,
WPINAF,PINALITO,69.0,network,18.884779,-70.566703,smc_match,2,exact,1.0,PINALITO 2; PINALITO 1
WPIZAE,PIZARRETE 138,138.0,network,18.272468,-70.22959,manual_override,0,,,
WPIZAF,PIZARRETE 69,69.0,network,18.272468,-70.22959,manual_override,0,,,
WPIZBF,,69.0,network,18.272468,-70.22959,manual_override,0,,,
WPLASF,PLASTIFAR,69.0,network,18.50519,-70.004797,smc_match,1,exact,1.0,PLASTIFAR
WPLCCF,,69.0,network,18.589468,-70.029537,smc_match,1,fuzzy,0.667,PARQUE LOGISTICO CCN
WPLINF,PRODUCTOS LINDA,69.0,network,18.455389,-70.762139,smc_match,1,exact,1.0,PRODUCTOS LINDA
WPLM1E,PALOMINO 1,138.0,network,18.922424,-71.009345,smc_match,2,exact,1.0,PALOMINO 1; PALOMINO 2
WPLM1K,PALOMINO G1 13.8,13.8,network,18.922424,-71.009345,inferred_topology,0,,,
WPLM2K,PALOMINO G2 13.8,13.8,network,18.922424,-71.009345,inferred_topology,0,,,
WPP22E,PUERTO PLATA 2 138 - BARRA 2,138.0,network,19.773733,-70.641823,smc_match,4,exact,1.0,AERODOM PUERTO PLATA; AEREOPUERTO DE PUERTO PLATA; PUERTO PLATA; PUERTO PLATA 2 138
WPPELF,PPE PLAYA DORADA,69.0,network,19.767786,-70.65284,inferred_topology,0,,,
WPPL2F,PUERTO PLATA 2 69,69.0,network,19.773733,-70.641823,inferred_topology,0,,,
WPPLAF,PUERTO PLATA 69 - BARRA A,69.0,network,,,,0,,,
WPPLBF,PUERTO PLATA 69 B,69.0,network,,,,0,,,
WPPLIF,PORTELA PASTA LINDA,69.0,network,19.561065,-70.87862,smc_match,1,exact,1.0,PORTELA PASTA LINDA
WPPRIF,PASTAS PRINCESA,69.0,network,19.462389,-70.67,inferred_topology,0,,,
WPSCEF,,69.0,network,19.456083,-70.686048,smc_match,1,fuzzy,0.75,PLAZA SANTIAGO CENTER
WPSESK,,,network,18.526729,-69.289144,inferred_topology,0,,,
WPVIEE,PUEBLO VIEJO,138.0,network,18.493335,-69.349927,inferred_topology,0,,,
WQ1SPK,BARRA 13.8 KV QUISQUEYA 1 SAN PEDRO,13.8,network,,,,0,,,
WQCORF,,69.0,network,18.465902,-71.072417,smc_match,1,exact,1.0,QUITA CORAZA
WQU11D,SE QUISQUEYA LADO G QUISQUEYA 1 BARRA 1 230KV,230.0,network,18.493335,-69.349927,inferred_topology,0,,,
WQU12K,SE QUISQUEYA LADO G QUISQUEYA 1 GRUPOS MOTORES,13.8,network,18.493335,-69.349927,inferred_topology,0,,,
WQU21D,SE QUISQUEYA LADO G QUISQUEYA 2 BARRA 1 230KV,230.0,network,18.493335,-69.349927,inferred_topology,0,,,
WQU21K,SE QUISQUEYA LADO G QUISQUEYA 2 GRUPOS MOTORES,,network,18.493335,-69.349927,inferred_topology,0,,,
WQUINF,QUINIGUA,69.0,network,19.527182,-70.774055,smc_match,1,exact,1.0,QUINIGUA
WQUISD,BARRA QUISQUEYA 230 KV,230.0,network,,,,0,,,
WQUISE,BARRA QUISQUEYA 138 KV,138.0,network,,,,0,,,
WRARRF,,69.0,network,18.72439,-70.412846,smc_match,1,fuzzy,0.667,RANCHO ARRIBA T1
WRBL1K,RÍO BLANCO 1,,network,18.880432,-70.495948,smc_match,1,exact,1.0,RIO BLANCO 1
WRBL2K,RÍO BLANCO 2,,generator_terminal,18.880378,-70.495881,smc_match,1,exact,1.0,RIO BLANCO 2
WRBLAF,RÍO BLANCO,69.0,network,18.880405,-70.495914,inferred_topology,0,,,
WRCHAF,RÍO CHAVÓN,69.0,network,18.4433,-68.8871,smc_match,1,exact,1.0,RIO CHAVON
WREFIF,REFIDOMSA,69.0,network,18.403172,-70.032711,smc_match,1,exact,1.0,REFIDOMSA
WRINCF,RINCÓN,69.0,network,19.106287,-70.406311,smc_match,2,exact,1.0,RINCON; RINCON 69 KV
WRNUEF,RINCÓN NUEVA,69.0,network,19.115445,-70.357379,inferred_topology,0,,,
WRPELF,RANCHO PELIGRO,69.0,network,18.640532,-68.958692,smc_match,1,exact,1.0,RANCHO PELIGRO
WRSJUE,RÍO SAN JUAN,69.0,network,19.619083,-70.086167,smc_match,1,fuzzy,1.0,RIO SAN JUAN 138
WRZMOK,RETIRO ZONA MONCIÓN,,network,19.447014,-71.086141,inferred_topology,0,,,
WSABAF,SABANETA,69.0,network,18.980468,-71.290812,smc_match,2,exact,1.0,SABANETA; SABANETA RETIRO
WSAJ1E,,138.0,network,19.440988,-70.879534,smc_match,1,exact,1.0,PARQUE FOTOVOLTAICO SAJOMA
WSALCE,SALCEDO,138.0,network,19.349955,-70.422734,smc_match,1,exact,1.0,SALCEDO
WSALIF,SALINAS 69 KV,69.0,network,18.283052,-71.308132,smc_match,1,fuzzy,0.5,SALINAS
WSAMAE,SAMANA 138KV,138.0,network,19.209522,-69.324389,smc_match,1,fuzzy,0.5,SAMANA
WSANCE,SÁNCHEZ 138,138.0,network,19.234166,-69.618972,smc_match,1,fuzzy,0.5,SANCHEZ
WSANTE,,138.0,network,18.281708,-70.230039,smc_match,1,fuzzy,1.0,PARQUE SOLAR SANTANASOL
WSANTK,,,network,18.281708,-70.230039,inferred_topology,0,,,
WSCANF,,69.0,network,18.345047,-71.133256,smc_match,1,exact,1.0,PARQUE SOLAR CANOA
WSCANK,,,network,18.345047,-71.133256,inferred_topology,0,,,
WSCNOE,SAN CRISTOBAL NORTE,138.0,network,18.426202,-70.128725,smc_match,1,fuzzy,1.0,SAN CRISTOBAL NORTE T1
WSESTE,SULTANA DEL ESTE,138.0,network,18.450961,-69.317698,smc_match,2,exact,1.0,SULTANA DEL ESTE; SERVICIO ESTACION SULTANA DEL ESTE
WSFELE,SAN FELIPE 138,138.0,network,19.773733,-70.641823,inferred_topology,0,,,
WSFMAE,SAN FRANCISCO DE MACORÍS,138.0,network,19.278606,-70.266106,manual_override,0,,,
WSFMAF,SAN FRANCISCO DE MACORÍS,69.0,network,19.278606,-70.266106,manual_override,0,,,
WSIBBE,,138.0,network,18.455444,-69.620111,inferred_topology,0,,,
WSJMAF,SAN JOSÉ DE LA MATAS,69.0,network,19.338775,-70.902192,smc_match,1,exact,1.0,SAN JOSE DE LA MATAS
WSJOCF,SAN JOSÉ DE OCOA,69.0,network,18.541292,-70.507595,smc_match,1,exact,1.0,SAN JOSE DE OCOA
WSJU2E,SAN JUAN 2 138 KV,138.0,network,18.773088,-71.206537,manual_override,0,,,
WSJU2F,SAN JUAN 2 69,69.0,network,18.773088,-71.206537,manual_override,1,fuzzy,0.667,SAN JUAN PUEBLO
WSJUAF,SAN JUAN 1 69,69.0,network,18.799235,-71.221101,manual_override,0,,,
WSKAPF,SMURFIT KAPPA,69.0,network,18.494397,-69.91245,smc_match,1,exact,1.0,SMURFIT KAPPA
WSLCOE,SE LOS COCOS 138,138.0,network,17.883463,-71.274502,smc_match,6,fuzzy,1.0,JUANCHO LOS COCOS; PARQUE EOLICO JUANCHO-LOS COCOS T1; PARQUE EOLICO JUANCHO-LOS COCOS T4; PARQUE EOLICO JUANCHO-LOS COCOS T3; PARQUE EÓLICO LARIMAR G10; PARQUE EÓLICO LARIMAR G20
WSLORK,SAN LORENZO 13.8,13.8,network,18.405819,-70.027521,inferred_topology,0,,,
WSMARF,SABANA DE LA MAR,69.0,network,19.045954,-69.388603,smc_match,1,exact,1.0,SABANA DE LA MAR
WSODOF,SODOCAL,69.0,network,18.412028,-70.096694,smc_match,1,exact,1.0,SODOCAL
WSOSUF,SOSUA,69.0,network,19.74793,-70.539025,manual_override,1,exact,1.0,SOSUA
WSPB1K,TERMINAL SAN PEDRO BIOENERGY,,generator_terminal,18.466506,-69.33186,inferred_topology,0,,,
WSPBEE,SAN PEDRO BIO-ENERGY,138.0,network,18.466506,-69.33186,smc_match,1,exact,1.0,SAN PEDRO BIO-ENERGY
WSPERF,SABANA PERDIDA,69.0,network,18.544763,-69.86527,smc_match,1,exact,1.0,SABANA PERDIDA
WSPEVF,SAN PEDRO VAPOR,69.0,network,18.461998,-69.314451,inferred_topology,0,,,
WSPM2E,SAN PEDRO DE MACORIS 2,138.0,network,18.473189,-69.315909,smc_match,2,exact,1.0,ZF SAN PEDRO DE MACORIS; SPM 2
WSPMAE,SAN PEDRO DE MACORIS,138.0,network,18.461792,-69.314454,smc_match,1,fuzzy,1.0,SPM 138 T01
WSPMAF,SAN PEDRO DE MACORÍS,69.0,network,18.461998,-69.314451,smc_match,1,fuzzy,1.0,SPM 69
WSPMBE,SAN PEDRO DE MACORIS B,138.0,network,18.459921,-69.236255,inferred_topology,0,,,
WSPRIF,,69.0,network,18.637695,-69.934497,smc_match,1,fuzzy,0.667,SIERRA PRIETA
WSRODE,SANTIAGO RODRÍGUEZ,138.0,network,19.4804,-71.33094,smc_match,1,fuzzy,0.667,SANTIAGO RODRIGUEZ 138 KV
WSYASF,SABANETA DE YASICA,69.0,network,19.677577,-70.372856,smc_match,1,fuzzy,1.0,SABANETA YASICA
WSYEGF,SABANA YEGUA,69.0,network,18.706874,-71.050707,manual_override,1,fuzzy,1.0,SABANA YEGUA 1
WTAAGK,TERMINAL AES ANDRES TURBINA DE GAS,,generator_terminal,18.407129,-69.632626,inferred_topology,0,,,
WTAAVK,TERMINAL AES ANDRES TURBINA DE VAPOR,138.0,generator_terminal,,,,0,,,
WTAG1K,TERMINAL AGUACATE 1,,generator_terminal,18.437922,-70.257549,inferred_topology,0,,,
WTAG2K,TERMINAL AGUACATE 2,,generator_terminal,18.437922,-70.257549,inferred_topology,0,,,
WTAMAF,TAMARINDO,69.0,network,18.532469,-69.817446,smc_match,1,exact,1.0,TAMARINDO
WTANOK,,,network,18.298242,-70.226883,inferred_topology,0,,,
WTAV1K,TERMINAL ANIANA VARGAS 1,,generator_terminal,18.91727,-70.388175,inferred_topology,0,,,
WTAVBE,TAVERA B,138.0,network,19.324533,-70.737232,manual_override,3,exact,1.0,BAIGUAQUE 1; TAVERA 2; TAVERA 1
WTBA1K,TERMINAL BAIGUAQUE 1,,generator_terminal,19.281742,-70.777132,manual_override,0,,,
WTBA2K,TERMINAL BAIGUAQUE 2,,generator_terminal,19.281742,-70.777132,manual_override,0,,,
WTCE1K,TERMINAL COMPAÑIA ELECTRICA DE PUERTO PLATA 1,,generator_terminal,,,,0,,,
WTCE2K,TERMINAL COMPAÑIA ELECTRICA DE PUERTO PLATA 2,,generator_terminal,,,,0,,,
WTCEMK,TERMINAL CONTRA EMBALSE MONCIÓN,,generator_terminal,19.426435,-71.090188,manual_override,1,exact,1.0,CONTRA EMBALSE MONCION 1
WTDAJK,TERMINAL DAJABÓN,,generator_terminal,19.516752,-71.670978,smc_match,1,fuzzy,1.0,DAJABON
WTEMPF,TEMPLASTISA,69.0,network,18.508814,-69.851699,smc_match,1,exact,1.0,TEMPLASTISA
WTESAK,TERMINAL EL SALTO,,generator_terminal,18.906077,-70.73766,inferred_topology,0,,,
WTFA1K,TERMINAL FALCON 1,,generator_terminal,18.928771,-70.357431,smc_match,2,fuzzy,1.0,FALCON 1; FALCON 2
WTFA2K,TERMINAL FALCON 2,,generator_terminal,18.928771,-70.357431,inferred_topology,0,,,
WTFA3K,TERMINAL FALCON 3,,generator_terminal,18.928771,-70.357431,inferred_topology,0,,,
WTHAGK,TERMINAL HAINA GAS,,generator_terminal,18.424446,-70.021137,manual_override,2,fuzzy,0.5,PANIFICADORA HAINA C1; CORPA HAINA C1
WTHAIF,,69.0,network,18.520706,-69.817346,smc_match,1,fuzzy,0.667,TEMPLASTISA HAINAMOSA
WTIM2E,TIMBEQUE 2,138.0,network,18.485407,-69.884583,smc_match,1,exact,1.0,TIMBEQUE 2
WTIM2F,TIMBEQUE 2,69.0,network,18.485407,-69.884583,inferred_topology,0,,,
WTIMBF,TIMBEQUE,69.0,network,18.491535,-69.893086,inferred_topology,0,,,
WTIREF,TIREO,69.0,network,18.937917,-70.687472,smc_match,1,exact,1.0,TIREO
WTIT1K,TERMINAL ITABO 1,,generator_terminal,18.461015,-69.999384,inferred_topology,0,,,
WTIT2K,TERMINAL ITABO 2,,generator_terminal,18.461015,-69.999384,inferred_topology,0,,,
WTJI1K,TERMIAL JIGUEY 1,,generator_terminal,18.509997,-70.331067,inferred_topology,0,,,
WTJI2K,TERMINAL JIGUEY 2,,generator_terminal,18.510006,-70.33087,inferred_topology,0,,,
WTJIMK,TERMINAL JIMENOA,,generator_terminal,19.098556,-70.597194,inferred_topology,0,,,
WTLANK,TERMINAL LÓPEZ ANGOSTURA,,generator_terminal,19.368499,-70.714605,inferred_topology,0,,,
WTMAGK,TERMINAL MAGUEYAL,,generator_terminal,18.591708,-70.991857,inferred_topology,0,,,
WTMBBF,TIMBEQUE B,69.0,network,18.498628,-69.868876,inferred_topology,0,,,
WTMI5K,TERMINAL LOS MINA 5,,generator_terminal,18.499877,-69.86808,inferred_topology,0,,,
WTMI6K,TERMINAL LOS MINA 6,,generator_terminal,18.500298,-69.86817,inferred_topology,0,,,
WTMNTK,TERMINAL MONTECRISTI,,generator_terminal,19.754615,-71.463538,inferred_topology,0,,,
WTMONK,TERMINAL MONCIÓN,,generator_terminal,19.426435,-71.090188,manual_override,0,,,
WTMR1K,TERMINAL MONTE RÍO 1,,generator_terminal,18.351076,-70.833057,inferred_topology,0,,,
WTMR2K,,,network,18.351076,-70.833057,inferred_topology,0,,,
WTNNAK,,,network,18.326411,-70.180565,inferred_topology,0,,,
WTORGF,TORGINOL,69.0,network,18.445863,-69.980122,smc_match,1,exact,1.0,TORGINOL
WTPA1K,TERMINAL PALAMARA 1,,generator_terminal,18.556455,-70.013106,inferred_topology,0,,,
WTPG1K,TERMINAL PIMENTEL GRUPO 1,,generator_terminal,19.201015,-70.095653,inferred_topology,0,,,
WTPG2K,TERMINAL PIMENTEL GRUPO 2,,generator_terminal,19.201015,-70.095653,inferred_topology,0,,,
WTPG3K,TERMINAL PIMENTEL GRUPO 3,,generator_terminal,19.201015,-70.095653,inferred_topology,0,,,
WTPI1K,TERMINAL PINALITO 1,,generator_terminal,18.884779,-70.566703,inferred_topology,0,,,
WTPI2K,TERMINAL PINALITO 2,,generator_terminal,18.884779,-70.566703,inferred_topology,0,,,
WTRINK,TERMINAL RINCÓN,,generator_terminal,19.106287,-70.406311,inferred_topology,0,,,
WTRJCK,TERMINAL ROSA JULIA CRUZ,,generator_terminal,19.363041,-69.85172,manual_override,0,,,
WTROQF,TROQUEDOM,69.0,network,19.411597,-70.653962,inferred_topology,0,,,
WTSABK,TERMINAL SABANETA,,generator_terminal,18.980468,-71.290812,inferred_topology,0,,,
WTSE1K,TERMINAL SULTANA DEL ESTE 1,,generator_terminal,18.450961,-69.317698,inferred_topology,0,,,
WTSFVK,TERMINAL SAN  FELIPE VAPOR,,generator_terminal,19.773733,-70.641823,inferred_topology,0,,,
WTSPVK,TERMINAL SAN PEDRO VAPOR,,generator_terminal,18.461998,-69.314451,inferred_topology,0,,,
WTSYEK,TERMINAL SABANA YEGUA,,generator_terminal,18.706874,-71.050707,manual_override,0,,,
WTTA1K,TERMINAL TAVERA 1,,generator_terminal,19.324533,-70.737232,manual_override,1,exact,1.0,ANIANA VARGAS 1
WTTA2K,TERMINAL TAVERA 2,,generator_terminal,19.324533,-70.737232,manual_override,0,,,
WTTITF,TEXTILES TITÁN,69.0,network,18.4894,-69.89,smc_match,1,exact,1.0,TEXTILES TITAN
WTTO1K,TERMINAL LOS TOROS 1,,generator_terminal,18.518806,-70.898,inferred_topology,0,,,
WTVA1K,TERMINAL VALDESIA 1,,generator_terminal,18.391338,-70.281548,inferred_topology,0,,,
WTVA2K,TERMINAL VALDESIA 2,,generator_terminal,18.391338,-70.281548,inferred_topology,0,,,
WTVE1K,TERMINAL LA VEGA  1,,generator_terminal,19.241217,-70.545702,inferred_topology,0,,,
WTZFPF,TERMINAL ZONA FRANCA PISANO,69.0,generator_terminal,19.511365,-70.759094,smc_match,1,fuzzy,1.0,ZF PISANO
WUASDE,UASD 138,138.0,network,18.457383,-69.924005,smc_match,3,fuzzy,1.0,UASD 138 KV T3; UASD 138 KV T2; UASD 138 KV T1
WUMEDF,UNION MEDICA,69.0,network,19.459056,-70.679639,smc_match,1,exact,1.0,UNION MEDICA
WVALBE,VALDESIA B,138.0,network,18.450672,-70.306209,inferred_topology,0,,,
WVALDE,VALDESIA,138.0,network,18.391338,-70.281548,smc_match,3,exact,1.0,VALDESIA 1; VALDESIA 2; VALDESIA
WVALLF,,69.0,network,18.653573,-71.332373,smc_match,1,exact,1.0,VALLEJUELO
WVALTF,VILLA ALTAGRACIA,69.0,network,18.686134,-70.178707,smc_match,1,exact,1.0,VILLA ALTAGRACIA
WVDU1E,VILLA DUARTE 138 BARRA 1,138.0,network,18.482396,-69.857022,manual_override,1,fuzzy,0.667,VILLA DUARTE
WVDUAF,VILLA DUARTE 69,69.0,network,18.482396,-69.857022,manual_override,0,,,
WVILAE,,138.0,network,18.465472,-70.86875,inferred_topology,0,,,
WVILLF,VILLARPANDO,69.0,network,18.669713,-71.044879,smc_match,3,exact,1.0,VILLARPANDO; PARQUE FOTOVOLTAICO VILLARPANDO T02; PARQUE FOTOVOLTAICO VILLARPANDO T01
WVMAOE,VALVERDE MAO,138.0,network,19.562858,-71.103096,smc_match,1,exact,1.0,VALVERDE MAO
WVMELE,VILLA MELLA,138.0,network,18.543889,-69.922973,smc_match,3,exact,1.0,VILLA MELLA T03; VILLA MELLA; GRUPO RAMOS VILLA MELLA
WVNOBF,VICENTE NOBLE,69.0,network,18.400333,-71.179167,smc_match,1,exact,1.0,VICENTE NOBLE
WVOLGF,VILLA OLGA,69.0,network,19.454278,-70.6792,smc_match,1,exact,1.0,VILLA OLGA
WX1PAK,,,network,18.465472,-70.86875,inferred_topology,0,,,
WXABIF,TAP ARROZ BISONO,69.0,network,19.564632,-70.885395,inferred_topology,0,,,
WXABRF,TAP AEROPUERTO BARAHONA,69.0,network,18.291989,-71.133239,inferred_topology,0,,,
WXAD2F,,69.0,network,18.391722,-70.045389,inferred_topology,0,,,
WXADOF,TAP ALAMBRRES DOMINICANOS,69.0,network,18.391722,-70.045389,inferred_topology,0,,,
WXAHGF,TAP AEROPUERTO HIGUERO,69.0,network,18.57442,-69.978127,smc_match,1,fuzzy,0.667,AEROPUERTO HIGUERO
WXAHMF,TAP ACUEDUCTO HERMANAS MIRABAL,69.0,network,19.244777,-70.4,smc_match,1,fuzzy,0.75,ACUEDUCTO HERMANAS MIRABAL
WXAISF,TAP ACDUCTO INAPA SAN CRISTOBAL,69.0,network,18.40202,-70.136347,inferred_topology,0,,,
WXALDF,TAP ALUMINIOS DOMINICANOS,69.0,generator_terminal,18.451203,-69.981557,smc_match,1,fuzzy,0.667,ALUMINIOS DOMINICANOS
WXALIF,TAP ACUEDUCTO LA ISABELA,69.0,network,18.553622,-69.9813,inferred_topology,0,,,
WXAORF,TAP ACUEDUCTO ORIENT,69.0,network,18.551873,-69.801305,inferred_topology,0,,,
WXAPFF,TAP ARTICULOS PIEL FAVORITOS,69.0,network,19.455162,-70.701301,inferred_topology,0,,,
WXAPPF,TAP AEROPUERTO DE PUERTO PLATA,69.0,network,19.766139,-70.651972,inferred_topology,0,,,
WXAQUF,TAP ACUEDUCTO QUINIGUA,69.0,generator_terminal,19.521919,-70.76901,inferred_topology,0,,,
WXARDF,,69.0,network,18.372296,-70.062354,inferred_topology,0,,,
WXASOF,TAP ACUEDUCTO SOSUA,69.0,generator_terminal,19.655278,-70.506444,inferred_topology,0,,,
WXBA1F,,69.0,network,18.439219,-70.030236,inferred_topology,0,,,
WXBA2F,TAP BAYONA,69.0,network,18.463647,-70.028323,inferred_topology,0,,,
WXBASF,,69.0,network,18.502824,-69.769871,inferred_topology,0,,,
WXBAYF,TAP BAYONA,69.0,network,,,,0,,,
WXBDEF,TAP BRAZO DERECHO,69.0,network,19.591872,-70.910208,inferred_topology,0,,,
WXBLEF,TAP BATEY LECHUGA,69.0,network,18.57788,-69.017501,inferred_topology,0,,,
WXBMAF,TAP BANI MATADERO,69.0,network,18.276364,-70.337807,inferred_topology,0,,,
WXBOHF,TAP BOHEMIA,69.0,generator_terminal,18.47734,-69.987536,inferred_topology,0,,,
WXBPEF,TAP BONAO PER,69.0,network,18.931689,-70.445039,inferred_topology,0,,,
WXCA1K,,,network,18.323041,-70.39778,inferred_topology,0,,,
WXCABF,TAP CABAYONA,69.0,network,18.494707,-70.052341,inferred_topology,0,,,
WXCANF,,69.0,network,19.415749,-70.643924,inferred_topology,0,,,
WXCARF,TAP CARREFOUR,69.0,generator_terminal,18.490417,-69.978139,smc_match,1,fuzzy,0.5,CARREFOUR
WXCATF,TAP CATALINA,69.0,network,18.50946,-69.628938,inferred_topology,0,,,
WXCB2F,TAP CAASD BAYONA 2,69.0,generator_terminal,18.439219,-70.030236,inferred_topology,0,,,
WXCBAF,TAP CAASD BAYONA 1,69.0,generator_terminal,18.439219,-70.030236,inferred_topology,0,,,
WXCC1E,,138.0,network,18.465472,-70.86875,inferred_topology,0,,,
WXCC3E,,138.0,network,17.883463,-71.274502,inferred_topology,0,,,
WXCCOF,TAP CEMENTO COLON,69.0,network,18.35287,-70.07932,inferred_topology,0,,,
WXCDAF,TAP CAMP 16  AGOSTO,69.0,network,18.566375,-70.072667,inferred_topology,0,,,
WXCDLF,TAP CODAL,69.0,generator_terminal,19.201663,-70.145653,inferred_topology,0,,,
WXCENF,TAP CENOVI,69.0,network,19.225238,-70.376,inferred_topology,0,,,
WXCHAF,TAP CHAVÓN,69.0,generator_terminal,18.443711,-68.858752,inferred_topology,0,,,
WXCIGF,TAP CÉSAR IGLESIAS,69.0,generator_terminal,18.462694,-69.316111,smc_match,1,fuzzy,0.667,CESAR IGLESIAS
WXCINF,,69.0,network,18.708982,-70.213532,inferred_topology,0,,,
WXCNAF,TAP CEMENTOS NACACIONALES,69.0,generator_terminal,18.472819,-69.401667,inferred_topology,0,,,
WXCOCF,TAP CRUCE DE OCOA,69.0,network,18.451183,-69.970549,inferred_topology,0,,,
WXCODF,TAP CODETEL,69.0,network,18.479243,-69.920333,smc_match,1,fuzzy,0.5,CODETEL
WXCORF,Tap CORMIDOM,69.0,network,18.960525,-70.215492,inferred_topology,0,,,
WXCSAF,TAP CIUDAD SATELITE,69.0,network,18.557292,-70.058641,inferred_topology,0,,,
WXCTAF,TAP CRUCE TAVERA,69.0,generator_terminal,19.384694,-70.534403,inferred_topology,0,,,
WXCU1K,,,network,18.463537,-69.05832,inferred_topology,0,,,
WXCU2K,,,network,18.463719,-69.058407,inferred_topology,0,,,
WXCU4K,,,network,18.463719,-69.058407,inferred_topology,0,,,
WXDBRF,TAP DESTILERÍA BRUGAL,69.0,generator_terminal,18.463056,-69.316222,smc_match,1,fuzzy,0.667,DESTILERIA BRUGAL
WXDISF,,69.0,network,18.502608,-70.054547,inferred_topology,0,,,
WXDROF,TAP DOMINGO RODRÍGUEZ,69.0,network,18.85675,-71.359886,inferred_topology,0,,,
WXDURF,TAP DURALÓN,69.0,network,18.447716,-69.980144,inferred_topology,0,,,
WXEANF,ENVASES ANTILLANOS,69.0,network,19.484586,-70.725072,smc_match,1,exact,1.0,ENVASES ANTILLANOS
WXECHF,TAP EL CHIVO,69.0,network,19.285278,-70.255852,inferred_topology,0,,,
WXES2K,,,network,19.580005,-70.960806,inferred_topology,0,,,
WXES3K,,,network,19.580005,-70.960806,inferred_topology,0,,,
WXESPF,TAP ESPERANZA,69.0,generator_terminal,19.601808,-70.978698,inferred_topology,0,,,
WXEV4K,,,network,18.473189,-69.315909,inferred_topology,0,,,
WXGALF,,69.0,network,18.487386,-69.828132,inferred_topology,0,,,
WXGAVF,TAP GUAVABERRY,69.0,generator_terminal,18.482583,-69.487111,inferred_topology,0,,,
WXGBOF,TAP GRANITOS BOJOS,69.0,network,18.408389,-70.030861,inferred_topology,0,,,
WXGOYF,TAP GOYA,69.0,network,18.422405,-70.130743,inferred_topology,0,,,
WXGPLF,TAP GOMAS Y PLASTICO,69.0,network,18.498051,-69.824546,inferred_topology,0,,,
WXGRCF,TAP GRUPO RAMOS CHARLES,69.0,network,,,,0,,,
WXGRMF,GRUPO RAMOS MELLA,69.0,network,18.500926,-69.814749,smc_match,2,exact,1.0,GRUPO RAMOS SIRENA MELLA; GRUPO RAMOS MELLA
WXGRSF,TAP GRUPO RAMOS,69.0,network,19.276819,-70.240385,inferred_topology,0,,,
WXGU2F,,69.0,network,18.743983,-71.120756,inferred_topology,0,,,
WXHACF,TAP HACHE,69.0,generator_terminal,18.480214,-69.919378,inferred_topology,0,,,
WXHE1F,,69.0,network,18.449569,-69.980167,inferred_topology,0,,,
WXHE2F,TAP 2 HERRERA,69.0,generator_terminal,,,,0,,,
WXHHIF,TAP HARINAS DEL HIGUAMO,69.0,network,18.463056,-69.316222,inferred_topology,0,,,
WXHJBF,TAP HOSPITAL JUAN BOSH,69.0,network,19.196037,-70.50763,inferred_topology,0,,,
WXHMSF,TAP HOSPITAL METROPOLITANO SANTIAGO,69.0,network,19.445038,-70.669674,inferred_topology,0,,,
WXHNAF,TAP HIELOS NACIONALES,69.0,network,,,,0,,,
WXHNUF,TAP HATO NUEVO,69.0,network,18.486458,-70.037105,inferred_topology,0,,,
WXIBAF,TAP INGENIO BARAHONA,69.0,network,18.219019,-71.092377,inferred_topology,0,,,
WXICAF,TAP INGENIO CAEI,69.0,network,18.320997,-70.180804,inferred_topology,0,,,
WXICNF,TAP INCARNA,69.0,network,,,,0,,,
WXIDAF,,69.0,network,19.196037,-70.50763,inferred_topology,0,,,
WXIDUF,,69.0,network,18.555239,-70.054591,inferred_topology,0,,,
WXIISF,,69.0,network,18.511802,-69.907634,inferred_topology,0,,,
WXIMBF,TAP IMBERT,69.0,network,19.74738,-70.84076,inferred_topology,0,,,
WXINAF,TAP INDUSTRIAS NACIONALES,69.0,generator_terminal,18.500601,-69.898817,inferred_topology,0,,,
WXINDF,TAP INDUVECA,69.0,generator_terminal,19.23588,-70.534868,smc_match,1,fuzzy,0.5,INDUVECA
WXINVF,TAP INVIVIENDA,69.0,network,18.513932,-69.818495,inferred_topology,0,,,
WXIPRF,TAP INTERAMERICANA PRODUCTOS,69.0,generator_terminal,19.455162,-70.701301,inferred_topology,0,,,
WXIPSF,,69.0,network,18.5641,-70.037956,inferred_topology,0,,,
WXJIMF,TAP JIMENOA,69.0,network,19.126837,-70.587061,inferred_topology,0,,,
WXJINF,,69.0,network,18.283052,-71.308132,inferred_topology,0,,,
WXKINF,,69.0,network,18.25183,-71.275045,inferred_topology,0,,,
WXKVEF,TAP KILÓMETRO 24,69.0,network,18.500926,-69.814749,inferred_topology,0,,,
WXLADF,TAP LADOM,69.0,network,18.45778,-69.698534,inferred_topology,0,,,
WXLALF,,69.0,network,18.506095,-69.999153,inferred_topology,0,,,
WXLC1E,,138.0,network,18.174467,-71.071626,inferred_topology,0,,,
WXLCAF,TAP LAS CALETAS,69.0,network,18.45485,-69.686639,inferred_topology,0,,,
WXLCBF,TAP LA CUMBRE BONAO,69.0,network,18.85945,-70.364109,inferred_topology,0,,,
WXLFAF,TAP LA FAMOSA,69.0,generator_terminal,18.277627,-70.326802,smc_match,1,fuzzy,0.5,LA FAMOSA
WXLPAF,,69.0,network,18.640277,-69.611508,inferred_topology,0,,,
WXLPEF,,69.0,network,19.246554,-70.556536,inferred_topology,0,,,
WXLUCK,,,network,18.252185,-70.204897,inferred_topology,0,,,
WXLULF,,69.0,network,18.252185,-70.204897,inferred_topology,0,,,
WXLUPF,TAP LUPERON,69.0,network,,,,0,,,
WXMAGF,TAP MAGUEYAL,69.0,network,18.591708,-70.991857,inferred_topology,0,,,
WXMAIF,TAP MAIMÓN,69.0,network,18.909019,-70.276043,inferred_topology,0,,,
WXMALF,TAP MALLA,69.0,generator_terminal,18.496769,-69.931083,inferred_topology,0,,,
WXMARF,,69.0,network,18.456954,-69.353108,inferred_topology,0,,,
WXMATK,,,network,19.51944,-69.993104,inferred_topology,0,,,
WXMEGF,TAP MEGACENTRO,69.0,network,18.503813,-69.862535,inferred_topology,0,,,
WXMETE,,138.0,network,,,,0,,,
WXMETF,,69.0,network,18.40578,-70.031786,inferred_topology,0,,,
WXMOZF,TAP MOLINOS OZAMA,69.0,generator_terminal,18.475288,-69.879525,inferred_topology,0,,,
WXMPAF,,69.0,network,18.589233,-69.704525,inferred_topology,0,,,
WXMPGK,,,network,19.675742,-71.700466,inferred_topology,0,,,
WXMPSF,TAP MONTE PLATA SOLAR,69.0,network,18.794148,-69.900641,inferred_topology,0,,,
WXMV2F,,69.0,network,18.415421,-70.097146,inferred_topology,0,,,
WXMVAF,TAP MOLINOS DEL VALLE,69.0,network,19.45525,-70.628917,inferred_topology,0,,,
WXNAGF,TAP NAGUA,69.0,network,,,,0,,,
WXNOVF,TAP NOVOPLAST,69.0,network,18.509634,-70.006789,inferred_topology,0,,,
WXOC2F,TAP 2 OCHOA,69.0,generator_terminal,19.489536,-70.739968,inferred_topology,0,,,
WXOFAF,TAP OLEODUCTO FALCON,69.0,network,18.440074,-70.009237,smc_match,1,fuzzy,0.667,OLEODUCTO FALCON
WXOLVF,TAP OCHOA LAS LAVAS,69.0,network,19.544868,-70.797589,inferred_topology,0,,,
WXPA1K,,,network,18.351076,-70.833057,inferred_topology,0,,,
WXPA3K,,,network,18.351076,-70.833057,inferred_topology,0,,,
WXPA4K,,,network,,,,0,,,
WXPC2F,TAP-2 PARQUE CIBERNE,69.0,network,18.446449,-69.667561,inferred_topology,0,,,
WXPCGF,,69.0,network,18.571557,-70.096918,inferred_topology,0,,,
WXPCIF,TAP PARQUE CIBERNÉTICO,69.0,network,18.438048,-69.648483,inferred_topology,0,,,
WXPETF,TAP PETROQUÍMICA,69.0,generator_terminal,18.4964,-69.91024,inferred_topology,0,,,
WXPFLF,TAP PLÁSTICOS FLEXIBLES,69.0,network,18.501318,-69.945267,inferred_topology,0,,,
WXPFSK,,,network,19.440988,-70.879534,inferred_topology,0,,,
WXPGAF,TAP PEDRO GARCÍA,69.0,network,19.677876,-70.641944,inferred_topology,0,,,
WXPGMF,,69.0,network,18.252185,-70.204897,inferred_topology,0,,,
WXPHAF,TAP PUERTO DE HAINA,69.0,network,18.423046,-70.011844,inferred_topology,0,,,
WXPI4K,,,network,19.201015,-70.095653,inferred_topology,0,,,
WXPIDF,,69.0,network,18.298242,-70.226883,inferred_topology,0,,,
WXPINF,TAP PARQUE INDUSTRIAL,69.0,generator_terminal,19.407444,-70.664,inferred_topology,0,,,
WXPLCF,,69.0,network,18.572961,-70.021321,inferred_topology,0,,,
WXPPEF,TAP PUERTO PLATA ELECTRICIDAD,69.0,network,19.767786,-70.65284,smc_match,1,fuzzy,0.75,PUERTO PLATA DE ELECTRICIDAD
WXPPLF,TAP PORTELA PASTA LINDA,69.0,generator_terminal,19.561065,-70.87862,inferred_topology,0,,,
WXPPRF,TAP PASTAS PRINCESA,69.0,network,19.462389,-70.67,inferred_topology,0,,,
WXPS1K,,,network,19.580005,-70.960806,inferred_topology,0,,,
WXPY1K,,,network,19.49571,-69.953915,inferred_topology,0,,,
WXQAZF,TAP QUINCE DE AZUA,69.0,network,18.400333,-71.179167,inferred_topology,0,,,
WXQCOF,,69.0,network,18.465902,-71.072417,inferred_topology,0,,,
WXRARF,,69.0,network,18.75558,-70.337981,inferred_topology,0,,,
WXRIEF,TAP RIERBA,69.0,network,18.494397,-69.91245,inferred_topology,0,,,
WXRINF,TAP RINCO,69.0,network,19.014598,-70.417842,inferred_topology,0,,,
WXSADF,TAP INTERQUIMICA VIRTUAL,69.0,generator_terminal,18.412028,-70.096694,inferred_topology,0,,,
WXSESE,,138.0,network,18.459753,-69.321337,inferred_topology,0,,,
WXSESF,,69.0,network,18.461998,-69.314451,inferred_topology,0,,,
WXSI1K,,,network,18.455444,-69.620111,inferred_topology,0,,,
WXSODF,TAP SODOCAL,69.0,network,18.412028,-70.096694,inferred_topology,0,,,
WXSOSF,,69.0,network,19.74793,-70.539025,manual_override,0,,,
WXSPRF,,69.0,network,18.704989,-69.972625,inferred_topology,0,,,
WXSYEF,TAP S. YEGUA,69.0,network,,,,0,,,
WXTAMF,TAP TAMARA,69.0,network,18.508814,-69.851699,inferred_topology,0,,,
WXTDAF,,69.0,network,18.562468,-69.859805,inferred_topology,0,,,
WXTH1F,,69.0,network,18.513366,-69.827052,inferred_topology,0,,,
WXTH2F,,69.0,network,18.520706,-69.817346,inferred_topology,0,,,
WXTISF,,69.0,network,18.415421,-70.097146,inferred_topology,0,,,
WXTREFF,,69.0,network,18.403172,-70.032711,inferred_topology,0,,,
WXTROF,,69.0,network,19.411597,-70.653962,inferred_topology,0,,,
WXTTIF,,69.0,network,18.4894,-69.89,inferred_topology,0,,,
WXVALF,TAP VILLA ALTAGRACIA,69.0,network,18.686134,-70.178707,inferred_topology,0,,,
WXVILF,,69.0,network,18.688321,-71.047737,inferred_topology,0,,,
WXVL1K,,,network,18.465472,-70.86875,inferred_topology,0,,,
WXWC2K,,,network,18.648989,-69.596463,inferred_topology,0,,,
WXWC3K,,,network,18.657299,-69.607539,inferred_topology,0,,,
WXYAGF,TAP YAGUATE,69.0,network,18.326411,-70.180565,inferred_topology,0,,,
WXZAMF,TAP ZF LAS AMERICAS,69.0,network,18.45778,-69.698534,inferred_topology,0,,,
WXZFBF,TAP ZF BUENA VISTA,69.0,generator_terminal,18.42173,-68.950922,smc_match,1,fuzzy,0.6,ZF ROMANA BUENA VISTA
WXZFHF,TAP ZF DE HAINAMOSA,69.0,network,,,,0,,,
WXZFNF,TAP ZF NIGUA,69.0,generator_terminal,18.391722,-70.045389,smc_match,1,fuzzy,0.667,ZF NIGUA
WXZGUF,TAP ZF GURABO,69.0,network,19.476889,-70.638389,inferred_topology,0,,,
WXZHAF,,69.0,network,18.499428,-69.789777,inferred_topology,0,,,
WXZISF,TAP ZF INDUSTRIAL SANTIAGO,69.0,network,,,,0,,,
WXZPPF,TAP ZF PUERTO PLATA,69.0,network,,,,0,,,
WXZSPF,TAP ZF SPM,69.0,network,18.461998,-69.314451,inferred_topology,0,,,
WYAGUF,YAGUATE,69.0,network,18.326411,-70.180565,smc_match,1,exact,1.0,YAGUATE
WYAMAF,YAMASA,69.0,network,18.772283,-70.010754,smc_match,1,exact,1.0,YAMASA
WZFALF,ZONA FRANCA LOS ALCARRIZOS,69.0,network,18.517583,-70.051556,smc_match,1,fuzzy,1.0,ZF ALCARRIZOS T1
WZFAMF,ZONA FRANCA LAS AMÉRICAS,69.0,network,18.460709,-69.71043,smc_match,1,exact,1.0,ZF LAS AMERICAS
WZFBAF,ZONA FRANCA BARAHONA,69.0,network,18.221142,-71.101447,smc_match,1,exact,1.0,ZF BARAHONA
WZFDRF,ZONA FRANCA DOS RÍOS,69.0,network,18.946108,-70.501902,smc_match,2,fuzzy,0.667,ZF DOS RIOS; LOS RIOS
WZFESF,ZONA FRANCA ESPERANZA,69.0,network,19.596535,-70.979101,smc_match,1,exact,1.0,ZF ESPERANZA
WZFGIF,ZONA FRANCA GILDAN,69.0,network,18.614817,-69.710398,smc_match,1,exact,1.0,ZF GILDAN
WZFGUF,ZONA FRANCA GURABO,69.0,network,19.488861,-70.657472,smc_match,1,fuzzy,1.0,ZF DE GURABO
WZFISF,ZF INDUSTRIAL SANTIAGO,69.0,network,19.425738,-70.67753,smc_match,5,fuzzy,0.75,ZF INDUSTRIAL LA VEGA; ZF INDUSTRIAL SANTIAGO BT; ZF SANTIAGO T2; ZF SANTIAGO T1; CORPORACION ZF SANTIAGO T1
WZFLIF,ZONA FRANCA LICEY 69,69.0,network,19.445583,-70.638528,inferred_topology,0,,,
WZFMCF,ZONA FRANCA MULTINODAL CAUCEDO,69.0,network,18.426262,-69.635153,smc_match,1,fuzzy,0.5,ZF MULTIMODAL CAUCEDO
WZFPPF,ZONA FRANCA PUERTO PLATA,69.0,network,,,,0,,,
WZFS2F,ZONA FRANCA SAN PEDRO 2 69,69.0,network,18.457774,-69.288703,smc_match,2,fuzzy,0.6,ZF SAN PEDRO AES; ZF SAN PEDRO CHENTEC
WZFSAE,ZONA FRANCA SANTIAGO 138,138.0,network,19.479655,-70.735563,manual_override,0,,,
WZFSAF,ZONA FRANCA SANTIAGO 69,69.0,network,19.479655,-70.735563,manual_override,0,,,
WZFSFF,ZONA FRANCA SAN FRANCISCO,69.0,network,,,,0,,,
WZFSIF,ZONA FRANCA SAN ISIDRO 69,69.0,network,18.499428,-69.789777,smc_match,1,fuzzy,0.75,ZF SAN ISIDRO
WZFSPF,ZONA FRANCA SAN PEDRO 69,69.0,network,18.457774,-69.288703,inferred_topology,0,,,
WZFVAF,ZONA FRANCA VILLA ALTAGRACIA,69.0,network,18.688648,-70.181197,smc_match,1,exact,1.0,ZF VILLA ALTAGRACIA
WZFVEF,ZONA FRANCA LA VEGA 69,69.0,network,19.246554,-70.556536,smc_match,1,fuzzy,0.667,ZF LA VEGA
WZHAIF,,69.0,network,18.499428,-69.789777,inferred_topology,0,,,
ZXOJIF,,69.0,network,18.417511,-70.022847,inferred_topology,0,,,
