Avg(SOCKETS.GPS_LAT_S),SOCKETS.GPS_LONG_S,Min(Puntos_Suministro.PUNTO),Min(Puntos_Suministro.TIPO),Min(Puntos_Suministro.TENSION),Min(Puntos_Suministro.AGENTE)
17.8722019,-71.289374,JUANCHO LOS COCOS,RETIRO,138 KV,EDESUR
17.872531,-71.289259,PARQUE EOLICO JUANCHO-LOS COCOS T1,CENTRAL,138 KV,EGEHAINA
17.872698,-71.289177,PARQUE EOLICO JUANCHO-LOS COCOS T4,CENTRAL,138 KV,EGEHAINA
17.884759,-71.270144,PARQUE EOLICO JUANCHO-LOS COCOS T3,CENTRAL,138 KV,EGEHAINA
17.899195,-71.254682,PARQUE EÓLICO LARIMAR G10,CENTRAL,34.5 KV,EGEHAINA
17.899391,-71.254375,PARQUE EÓLICO LARIMAR G20,CENTRAL,34.5 KV,EGEHAINA
18.028372,-71.712847,PEDERNALES T01,RETIRO,138,EDESUR
18.2178619,-71.0882774,BARAHONA,RETIRO,69 KV,EDESUR
18.2180523,-71.0874078,INGENIO BARAHONA,RETIRO,69 KV,EDESUR
18.220608,-71.241958,KHOURY INDUSTRIAL,UNR,69,EDESUR
18.220666,-71.241845,KHOURY INDUSTRIAL 12.5,RETIRO,12.5,EDESUR
18.2207,-71.0865833,BARAHONA CARBON,CENTRAL,138 KV,EGEHAINA
18.221142,-71.101447,ZF BARAHONA,RETIRO,69 KV,EDESUR
18.23389,-70.237661,CENTRAL TERMOELECTRICA PUNTA CATALINA T2,GENERACION,345,EMPRESA DE GENERACIÓN ELÉCTRICA PUNTA CATALINA
18.23392,-70.237611,SERVICIO DE ESTACION PUNTA CATALINA,GENERACION,138,EMPRESA DE GENERACIÓN ELÉCTRICA PUNTA CATALINA
18.23393,-70.23761,CENTRAL TERMOELECTRICA PUNTA CATALINA T1,GENERACION,345,EMPRESA DE GENERACIÓN ELÉCTRICA PUNTA CATALINA
18.23893,-71.1332212,AEROPUERTO BARAHONA,RETIRO,69 KV,EDESUR
18.252185,-70.204897,PARQUE FOTOVOLTAICO LUCILA,GENERACION,138,ETERRA GRUPO ECOENERGETICO DEL CARIBE
18.259716,-70.494499,PARQUE EOLICO MATAFONGO,GENERACION,138,GRUPO EÓLICO DOMINICANO
18.2720393,-70.3398607,BANI MATADERO T1,RETIRO,69 KV,EDESUR
18.272072,-70.339878,BANI MATADERO T2,RETIRO,69 KV,EDESUR
18.2723715,-70.2295514,PIZARRETE,RETIRO,69 KV,EDESUR
18.2728381,-70.1442076,DOMICEM C03,UNR,4.6,EGEHAINA
18.272838S,-70.144207E,DOMICEM C01,UNR,4.6,EGEHAINA
18.273449,-70.140312,PALENQUE G1,CENTRAL,4.6,DOMICEM GENERACIÓN
18.27349,-70.1402,SERVICIO DE ESTACION PALENQUE,RETIRO,4.6,DOMICEM GENERACIÓN
18.273497,-70.140236,PALENQUE G2,CENTRAL,4.6,DOMICEM GENERACIÓN
18.27354,-70.140165,PALENQUE G3,CENTRAL,4.6,DOMICEM GENERACIÓN
18.273568,-70.140101,PALENQUE G4,CENTRAL,4.6,DOMICEM GENERACIÓN
18.273632,-70.140344,DOMICEM T1,UNR,138 KV,EGEHAINA
18.273671,-70.140236,DOMICEM T2,UNR,138 KV,EGEHAINA
18.273727,-70.140438,DOMICEM SOLAR,GENERACION,4.6,EGEHAINA
18.275921,-70.214029,LOS ANONES,CENTRAL,12.5 KV,EGEHID
18.277627S,-70.326802E,LA FAMOSA,RETIRO,69 KV,EGEHAINA
18.2788808,-70.3243539,BANI T2,RETIRO,69 KV,EDESUR
18.2794091,-70.3467486,BANI PER,RETIRO,69 KV,EDESUR
18.281708,-70.230039,PARQUE SOLAR SANTANASOL,GENERACION,138,AES DOMINICANA RENEWABLE ENERGY, S.R.L.
18.283052,-71.3081315,SALINAS,RETIRO,69 KV,EDESUR
18.320997,-70.180804,INGENIO CAEI,RETIRO,69 KV,EDESUR
18.321027,-70.392528,PARQUE FOTOVOLTAICO PERAVIA I,GENERACION,138,I.E. DR PROJECTS I
18.3230409,-70.3977799,PARQUE FOTOVOLTAICO CALABAZA,GENERACION,138,ENREN
18.3264108,-70.1805648,YAGUATE,RETIRO,69 KV,EDESUR
18.328639,-70.19781,PARQUE SOLAR GIRASOL T2,GENERACION,138,EGEHAINA
18.32873,-70.19806,PARQUE SOLAR GIRASOL T1,GENERACION,138,EGEHAINA
18.330427,-70.441212,PARQUE FOTOVOLTAICO BAYASOL,GENERACION,138,AES DOMINICANA RENEWABLE ENERGY, S.R.L.
18.345047,-71.133256,PARQUE SOLAR CANOA,GENERACION,69,EMERALD
18.346058,-70.838212,POWERSHIP AZUA KPS26 T1,GENERACION,138,KARPOWERSHIP DOMINICAN REPUBLIC, S.A.S.
18.346158,-70.838097,POWERSHIP AZUA KPS60,GENERACION,138,KARPOWERSHIP DOMINICAN REPUBLIC, S.A.S.
18.346278,-70.837997,POWERSHIP AZUA KPS26 T2,GENERACION,138,KARPOWERSHIP DOMINICAN REPUBLIC, S.A.S.
18.3464349,-70.2370693,NIZAO NAJAYO,CENTRAL,12.5 KV,EGEHID
18.3466,-70.8387,POWERSHIP AZUA KPS01 T01,GENERACION,138,KARPOWERSHIP DOMINICAN REPUBLIC, S.A.S.
18.351004,-70.833004,MONTE RIO T1,GENERACION,138,LEAR
18.351079,-70.833069,MONTE RIO T2,GENERACION,138,PHINIE & CO DEVELOPMENT S.R.L.
18.351146,-70.833097,MONTE RIO T3,GENERACION,138,LEAR
18.35287,-70.07932,ARGOS DOMINICANA (CEMENTOS COLON),UNR,69 KV,EGEHAINA
18.35425,-70.4688611,CRUCE DE OCOA,RETIRO,69 KV,EDESUR
18.35861,-71.53438,LAS DAMAS,CENTRAL,69 KV,EGEHID
18.358611,-71.534389,CIRCUITO LAS DAMAS,RETIRO,12.5 KV,EDESUR
18.3608017,-70.2632176,LAS BARIAS,CENTRAL,12.5 KV,EGEHID
18.3863891,-70.0496245,ALAMBRES DOMINICANOS,UNR,69 KV,SPOT
18.391272,-70.281598,VALDESIA 1,CENTRAL,138 KV,EGEHID
18.39133,-70.281548,VALDESIA 2,CENTRAL,138 KV,EGEHID
18.391411,-70.281497,VALDESIA,RETIRO,12.5 KV,EDESUR
18.3917222,-70.0453889,ZF NIGUA,RETIRO,69 KV,EDESUR
18.3925278,-70.0406389,LAFZID,UNR,69 KV,AES ANDRES
18.39865,-70.0344,TERMO ENVASES,UNR,12.5 KV,DPP
18.4003333,-71.1791667,VICENTE NOBLE,RETIRO,69 KV,EDESUR
18.40069,-70.034871,PANIFICADORA HAINA C1,UNR,12.5,EGEHAINA
18.40202,-70.136347,ACUEDUCTO INAPA SAN CRISTOBAL,RETIRO,69 KV,EDESUR
18.403172,-70.0327109,REFIDOMSA,UNR,69 KV,EGEITABO
18.405097,-70.027548,INTERCONEXION ITABO V SAN LORENZO,CENTRAL,138,EGEITABO
18.4063833,-71.1607623,ACUEDUCTO SUR - OESTE,RETIRO,69 KV,EDESUR
18.40654,-70.027494,SAN LORENZO 1,CENTRAL,138 KV,EGEITABO
18.40683,-69.629562,AES ANDRES TV,GENERACION,138,AES ANDRES
18.4074272,-69.6356902,AES ANDRES,CENTRAL,138 KV,AES ANDRES
18.4083889,-70.0308611,GRANITOS BOJOS,RETIRO,69 KV,EDESUR
18.40891,-70.0385,MULTIPARQUES,UNR,69 KV,AES ANDRES
18.410055,-69.631517,ENADOM,UNR,138,AES ANDRES
18.4120278,-70.0966944,SODOCAL,RETIRO,69 KV,EDESUR
18.4153611,-70.0972222,MADRE VIEJA T1,RETIRO,69 KV,EDESUR
18.41548S,-70.09707E,MADRE VIEJA T2,RETIRO,69 KV,EDESUR
18.416011,-70.023989,CORPA HAINA C1,UNR,12.5,EGEHAINA
18.417198,-68.948876,ZF ROMANA 1,UNR,12.5 KV,SEABOARD
18.4175109,-70.0228472,OJIVA,RETIRO,12.5,EDESUR
18.4217299,-68.950922,ZF ROMANA BUENA VISTA,RETIRO,69 KV,EDEESTE
18.422405,-70.130743,GOYA,UNR,69 KV,SEABOARD
18.423046,-70.011844,PUERTO DE HAINA,UNR,69 KV,EDESUR
18.4231139,-70.0219291,HAINA TG,CENTRAL,138 KV,EGEHAINA
18.426202,-70.1287249,SAN CRISTOBAL NORTE T1,RETIRO,138 KV,EDESUR
18.426262,-69.635153,ZF MULTIMODAL CAUCEDO,UNR,69 KV,AES ANDRES
18.426521,-69.998355,CARIBETRANS,UNR,12.5 KV,SEABOARD
18.42681,-69.41238,INVERSIONES COSTA CARIBE,UNR,12.5 KV,EDEESTE
18.42766748,-70.04742466,QUALA DOMINICANA,UNR,12.5,EDESUR
18.4285804,-68.987578,ROMANA PUEBLO T03,RETIRO,69,EDEESTE
18.4303919,-69.6764747,AERODOM LAS AMERICAS,UNR,69 KV,EGEHAINA
18.4321944,-69.9897222,CENTRO DE OPERACIONES,RETIRO,69 KV,EDESUR
18.4345429,-68.9943921,GRUPO RAMOS SIRENA ROMANA,UNR,12.5,EGEHAINA
18.436284,-69.986617,SANTO DOMINGO COUNTRY CLUB C1,UNR,12.5,EGEHAINA
18.4379219,-70.2575492,AGUACATE 1,CENTRAL,138 KV,EGEHID
18.4379722,-70.7423056,AZUA,RETIRO,69 KV,EDESUR
18.4400744,-70.0092373,OLEODUCTO FALCON,RETIRO,69 KV,EDESUR
18.440296,-69.981162,EDITORA CORRIPIO,UNR,12.5,EDESUR
18.4403124,-69.9459197,METALDOM,CENTRAL,138 KV,METALDOM
18.4410751,-69.9436609,MATADERO,RETIRO,138 KV,EDESUR
18.4413,-69.94077,CERVECERÍA NACIONAL DOMINICANA 30 DE MAYO,UNR,12.5 KV,MATRISOL, S.A.S.
18.4421801,-69.4261687,JUAN DOLIO,RETIRO,138 KV,EDEESTE
18.4433,-68.8871,RIO CHAVON,RETIRO,69 KV,EDEESTE
18.4433586,-69.2544385,COASTAL PETROLEUM,UNR,12.5,EGEHAINA
18.443567,-68.978704,ZF ROMANA 2,UNR,12.5 KV,SEABOARD
18.4441207,-68.8304035,BENEDICTO,RETIRO,69 KV,EDEESTE
18.445263,-68.98382,LA ROMANA 138,RETIRO,138 KV,EDEESTE
18.445416,-68.983686,LA ROMANA T1,RETIRO,69 KV,EDEESTE
18.445416,-68.98384,LA ROMANA T2,RETIRO,69 KV,EDEESTE
18.44578S,-68.98366E,LA ROMANA 138 T02,RETIRO,138,EDEESTE
18.445863,-69.980122,TORGINOL,UNR,69 KV,EDESUR
18.4475707,-69.9302023,BEPENSA,UNR,12.5,AES ANDRES
18.4481714,-69.6046777,HOTEL HAMACA,UNR,12.5 KV,EGEHAINA
18.44821,-69.978168,NESPLAS C1,UNR,12.5,EGEHAINA
18.44835682,-69.25208556,PARQUE FOTOVOLTAICO COASTAL T01,GENERACION,138,COASTAL PETROLEUM DOMINICANA
18.448617,-69.253226,PARQUE FOTOVOLTAICO COASTAL T02,GENERACION,138,COASTAL PETROLEUM DOMINICANA
18.4495685,-69.9801671,HERRERA NUEVA T2,RETIRO,69 KV,EDESUR
18.4497572,-69.9804165,HERRERA 138 kV,RETIRO,138 KV,EDESUR
18.449802,-69.318019,SULTANA DEL ESTE,CENTRAL,138 KV,EGEHAINA
18.449809,-69.661796,PARQUE CIBERNÉTICO C1,UNR,12.5,EGEITABO
18.449857,-69.661829,PARQUE CIBERNETICO,RETIRO,69 KV,EDEESTE
18.45091S,-69.95287E,DOWNTOWN CENTER C1,UNR,12.5,EGEHAINA
18.4511834,-69.9705487,ABCO,UNR,69 KV,EDESUR
18.4512031,-69.9815566,ALUMINIOS DOMINICANOS,RETIRO,69 KV,EDESUR
18.45212,-69.317376,SERVICIO ESTACION SULTANA DEL ESTE,RETIRO,138,EGEHAINA
18.45314,-69.28846,ZF SAN PEDRO DE MACORIS,UNR,69 KV,AES ANDRES
18.454175,-69.947133,EMBAJADOR T1,RETIRO,138 KV,EDESUR
18.454216,-69.947033,EMBAJADOR T2,RETIRO,138 KV,EDESUR
18.45484,-69.686663,LA CALETA T03,RETIRO,69,EDEESTE
18.4548607,-69.686615,LA CALETA,RETIRO,69 KV,EDEESTE
18.4553889,-70.7621389,PRODUCTOS LINDA,RETIRO,69 KV,EDESUR
18.4554444,-69.6201111,BOCA CHICA,RETIRO,138 KV,EDEESTE
18.45586,-69.93839,ALMACENES UNIDOS SARASOTA,UNR,12.5,EGEHAINA
18.45732,-69.924139,UASD 138 KV T3,RETIRO,138 KV,EDESUR
18.457362,-69.924043,UASD 138 KV T2,RETIRO,138 KV,EDESUR
18.457468,-69.923834,UASD 138 KV T1,RETIRO,138 KV,EDESUR
18.457632,-69.289406,ZF SAN PEDRO AES,RETIRO,69 KV,EDEESTE
18.457788,-69.713079,CARTONERA DEL CARIBE,UNR,12.5 KV,LEAR
18.4579167,-69.288,ZF SAN PEDRO CHENTEC,RETIRO,69 KV,EDEESTE
18.4585981,-69.6196248,SIBA 138,GENERACION,138,SIBA
18.459888,-69.293475,UNIVERSIDAD CENTRAL ESTE (UCE),UNR,12.5,EGEHAINA
18.4607091,-69.7104301,ZF LAS AMERICAS,UNR,69 KV,EGEHAINA
18.461792,-69.314454,SPM 138 T01,RETIRO,138,EDEESTE
18.4619464,-69.9005114,HOTEL JARAGUA,UNR,12.5 KV,EDEESTE
18.461998,-69.314451,SPM 69,RETIRO,69 KV,EDEESTE
18.4625535S,-69.9685864E,CCN LUPERON,UNR,12.5,EGEHAINA
18.4626944,-69.3161111,CESAR IGLESIAS,UNR,69 KV,EGEHAINA
18.462916,-69.937932,BANCO MULTIPLE BHD LEON,UNR,12.5,EGEITABO
18.4630556,-69.3162222,DESTILERIA BRUGAL,UNR,69 KV,GRUPO EÓLICO DOMINICANO
18.46337,-69.66582,BRAVO CENTRO DISTRIBUCIÓN ESTE,UNR,12.5,EDEESTE
18.463512,-69.896198,INVERPLATA,UNR,12.5 KV,EGEHAINA
18.463537,-69.05832,PARQUE FOTOVOLTAICO CUMAYASA 1,GENERACION,138,EFD ECOENER FOTOVOLTAICA DOMINICANA, S.R.L.
18.46367,-69.0585,PARQUE FOTOVOLTAICO CUMAYASA 4,GENERACION,138,RENEWABLE ENERGY WORLD DOMINICUS
18.463768,-69.058314,PARQUE FOTOVOLTAICO CUMAYASA 2,GENERACION,138,EFD ECOENER FOTOVOLTAICA DOMINICANA, S.R.L.
18.4645787,-70.0205662,CAASD 2,RETIRO,69 KV,EDESUR
18.464855,-70.020994,CAASD 1,RETIRO,69 KV,EDESUR
18.4648921S,-69.9297762E,CCN 27 DE FEBRERO,UNR,12.5,EGEHAINA
18.4654722,-70.86875,KM 15 DE AZUA,RETIRO,69 KV,EDESUR
18.465808,-69.968845,MULTICENTRO LA SIRENA AV. LUPERON C2,UNR,12.5,EGEHAINA
18.4659024,-71.0724169,QUITA CORAZA,RETIRO,69,EDESUR
18.4663147,-69.3168777,HARINA DEL HIGUAMO,RETIRO,69 KV,EDEESTE
18.4665057,-69.3318597,SAN PEDRO BIO-ENERGY,CENTRAL,138 KV,SAN PEDRO BIO-ENERGY
18.4669389,-69.9945622,CERVECERIA BOHEMIA,RETIRO,69 KV,EDESUR
18.4672977,-69.99466,FERSAN,UNR,12.5,EGEHID
18.467577,-69.3189948,LOS ORIGENES POWER PLANT,CENTRAL,138 KV,LOS ORIGENES
18.469139,-69.953413,LOS PRADOS T1,RETIRO,138,EDESUR
18.469314,-69.953307,LOS PRADOS T2,RETIRO,138,EDESUR
18.469504,-69.953247,LOS PRADOS T3,RETIRO,138,EDESUR
18.4695278,-70.0219722,BAYONA T1,RETIRO,69 KV,EDESUR
18.470166S,-69.4507E,GUAVAVERRY,RETIRO,69 KV,EDEESTE
18.47043,-69.32894,INGENIO CRISTOBAL COLON,UNR,12.5 KV,SAN PEDRO BIO-ENERGY
18.472301,-69.901057,CESAR NICOLAS PENSON  138 KV T2,RETIRO,138 KV,EDEESTE
18.4723407,-69.9010996,CESAR NICOLAS PENSON  138 KV T1,RETIRO,138 KV,EDEESTE
18.472387,-69.9419302,GRUPO RAMOS CHURCHILL,UNR,12.5 KV,EGEHAINA
18.472684,-69.893495,CODETEL 30 DE MARZO,UNR,12.5 KV,EDEESTE
18.473322,-69.941794,BLUE MALL,UNR,12.5,EDESUR
18.474613,-69.873977,INDUVECA MIRADOR ESTE,UNR,12.5,EDESUR
18.4748501,-69.9098474,UNIVERSIDAD IBEROAMERICANA (UNIBE),UNR,12.5,EGEHAINA
18.475288,-69.879525,MOLINOS DEL OZAMA,UNR,69 KV,EGEITABO
18.476063,-69.788212,EL BRISAL T2,RETIRO,138,EDEESTE
18.476236,-69.788204,EL BRISAL,RETIRO,69 KV,EDEESTE
18.4773716,-69.8876475,GRUPO RAMOS SIRENA MELLA,UNR,12.5,EGEHAINA
18.4788517,-69.920291,METROPOLITANO T1,RETIRO,69 KV,EDESUR
18.47886,-69.920368,METROPOLITANO T2,RETIRO,69 KV,EDESUR
18.4789694,-69.9115362,LISTIN DIARIO,UNR,69 KV,AES ANDRES
18.479243,-69.9203335,CODETEL,UNR,69 KV,EDESUR
18.4799304,-69.9120238,BANCO POPULAR,UNR,69 KV,AES ANDRES
18.480114,-69.944388,PARAISO 138,RETIRO,138 KV,EDESUR
18.480171,-69.944469,PARAISO 138 T3,RETIRO,138,EDESUR
18.480211,-69.944408,PARAISO 138 T2,RETIRO,138,EDESUR
18.4805556,-71.4254444,NEYBA,RETIRO,69 KV,EDESUR
18.48066,-69.95336,PASTEURIZADORA RICA,UNR,12.5,EGEHAINA
18.481132,-69.928592,BANCO NACIONAL DE LA VIVIENDA,RETIRO,69 KV,EDEESTE
18.481172,-70.027268,HATO NUEVO,RETIRO,69 KV,EDESUR
18.48147,-69.9257773,GRUPO HACHE,RETIRO,69 KV,EDESUR
18.4817778,-69.8840278,DESPACHO T1,RETIRO,69 KV,EDEESTE
18.48181,-69.884014,DESPACHO T2,RETIRO,69 KV,EDEESTE
18.481828,-69.884062,DESPACHO T3,RETIRO,69 KV,EDEESTE
18.482023,-71.840948,JIMANÍ T01,RETIRO,69,EDESUR
18.4822,-69.8569722,VILLA DUARTE,RETIRO,138 KV,EDEESTE
18.4825833,-69.4871111,CAYACOA,RETIRO,69 KV,EDEESTE
18.483136,-69.920054,PUBLICACIONES AHORA,UNR,12.5,AES ANDRES
18.483596,-69.883192,ESTRELLA DEL MAR 3 T1,GENERACION,69,SEABOARD
18.4840612,-69.9973612,EDITORA PADILLA,UNR,12.5 KV,EGEHAINA
18.4843602,-69.8832345,ESTRELLA DEL MAR 2,GENERACION,138,SEABOARD
18.484443,-69.88396,ESTRELLA DEL MAR 3 T2,GENERACION,69,SEABOARD
18.48470322,-69.84026381,GRUPO RAMOS SIRENA SAN ISIDRO,UNR,12.5,EGEHAINA
18.485226,-69.935861,ANTARES DEL CARIBE,UNR,12.5,EGEHAINA
18.4854066,-69.8845827,TIMBEQUE 2,RETIRO,138 KV,EDEESTE
18.4873856S,-69.828132E,GRUPO ALASKA,UNR,69 KV,EGEHAINA
18.487667,-69.980552,KILOMETRO DIEZ Y MEDIO T1,RETIRO,69 KV,EDESUR
18.487694,-69.980484,KILOMETRO DIEZ Y MEDIO T2,RETIRO,69 KV,EDESUR
18.487862,-69.980492,KILOMETRO DIEZ Y MEDIO T3,RETIRO,69 KV,EDESUR
18.489234,-69.921888,PATRONATO HOSPITAL PLAZA DE LA SALUD,UNR,12.5,EGEHAINA
18.4894907,-69.9234988,CEDIMAT,UNR,12.5,EDESUR
18.4894S,-69.890E,TEXTILES TITAN,UNR,69,SEABOARD
18.4904167,-69.9781389,CARREFOUR,UNR,69 KV,EGEHAINA
18.492177,-69.755294,MARANATHA,GENERACION,69,MARANATHA
18.4922194,-69.9168975,GRUPO MALLA,UNR,69 KV,EGEITABO
18.49238764,-69.99940658,PROMOTORA PRADERA VERDE,UNR,12.5,EGEITABO
18.492807,-69.349666,QUISQUEYA 2 T3,CENTRAL,230 KV,EGEHAINA
18.492914,-69.920235,LA REINA,UNR,12.5,SPOT
18.49295,-69.349729,QUISQUEYA 2 T2,CENTRAL,230 KV,EGEHAINA
18.493102,-69.349799,QUISQUEYA 2 T1,CENTRAL,230 KV,EGEHAINA
18.49316751,-69.34226512,ENERGAS 4 T01,GENERACION,138,CESPM
18.4932069,-69.9194493,MAPRICA,UNR,12.5 KV,SPOT
18.4932377,-69.3433577,SPM 2,RETIRO,138 KV,EDEESTE
18.493582,-69.350051,QUISQUEYA 1 T3,CENTRAL,230 KV,PVDC
18.493717,-69.350114,QUISQUEYA 1 T2,CENTRAL,230 KV,PVDC
18.493853,-69.350203,QUISQUEYA 1 T1,CENTRAL,230 KV,PVDC
18.4943965,-69.91245,SMURFIT KAPPA,UNR,69 KV,EGEITABO
18.4947073,-70.0523406,CABAYONA,RETIRO,69 KV,EDESUR
18.49492,-69.342212,CESPM 1,CENTRAL,138 KV,CESPM
18.495103,-69.34175,CESPM 2,CENTRAL,138 KV,CESPM
18.495223,-69.341289,CESPM 3,CENTRAL,138 KV,CESPM
18.4955336,-70.0597436,DISDO,RETIRO,69,EDESUR
18.4964S,-69.91024E,PETROQUIMICA,UNR,12.5 KV,EGEHAINA
18.4969S,-69.9099E,POLYPLAS,UNR,12.5 KV,EGEHAINA
18.4975879,-69.9171762,MERCASID,UNR,69 KV,EGEHAINA
18.497644,-69.993201,CODETEL ALAMEDA,UNR,12.5 KV,EDESUR
18.4980508,-69.824546,GOMAS Y PLÁSTICOS,UNR,69 KV,EGEITABO
18.498628,-69.868876,LOS MINA 69 KV,RETIRO,69 KV,EDEESTE
18.4987151,-69.8294387,COLCHONERIA LA NACIONAL,RETIRO,12.5 KV,EDEESTE
18.4993,-69.553259,CIP LA LUISA T1,UNR,138 KV,AES ANDRES
18.499303,-69.553122,CIP LA LUISA T2,UNR,138 KV,AES ANDRES
18.499428,-69.7897775,ZF SAN ISIDRO,UNR,69 KV,EGEITABO
18.4994741S,-69.9177717E,TERMOPAC,UNR,12.5 KV,EGEHAINA
18.49961,-69.55315,ECOACERO T04,UNR,138,EGEITABO
18.4997243,-69.8685432,RETIROS LOS MINA 5 y 6,GENERACION,138 KV,DPP
18.499746,-69.55315,ECOACERO T03,UNR,138,EGEITABO
18.499785,-69.867567,LOS MINA 138 T1,RETIRO,138 KV,EDEESTE
18.50003,-69.867617,LOS MINA 5,CENTRAL,138 KV,DPP
18.500039,-69.867996,LOS MINA 138 T2,RETIRO,138 KV,EDEESTE
18.500298,-69.86817,LOS MINA 6,CENTRAL,138 KV,DPP
18.500331,-69.868066,LOS MINA 138 kV T03,RETIRO,138,EDEESTE
18.500356,-69.867919,LOS MINA 7,CENTRAL,138 KV,DPP
18.501237,-69.902121,CAPOTILLO T2,RETIRO,69 KV,EDEESTE
18.501292,-69.902155,CAPOTILLO T1,RETIRO,69 KV,EDEESTE
18.5013182,-69.9452668,ARROYO HONDO T1,RETIRO,69 KV,EDESUR
18.502398,-69.339928,CENTRAL BERSAL-CEMEX,CENTRAL,12.5 KV,MONTE RIO LTD
18.502455,-69.339922,CEMEX C01,UNR,12.5 KV,AES ANDRES
18.502505,-69.339847,CEMEX C02,UNR,12.5 KV,AES ANDRES
18.502543,-69.33979,CEMEX C03,UNR,12.5 KV,AES ANDRES
18.502824,-69.769871,BASE AEREA SAN ISIDRO,RETIRO,69 KV,EDEESTE
18.502912,-69.340194,CEMEX T2,UNR,138,AES ANDRES
18.50301,-69.340263,CEMEX,UNR,138 KV,AES ANDRES
18.5032681,-69.9254496,LA 40 T1,RETIRO,69 KV,EDESUR
18.5045767,-69.8725395,GRUPO RAMOS SIRENA VENEZUELA,UNR,12.5,EGEHAINA
18.5051895,-70.0047973,PLASTIFAR,UNR,69 KV,EGEITABO
18.506095,-69.999153,LABORATORIOS ALFA T01,RETIRO,69,EDESUR
18.507993,-69.91889,LA ISABELA,RETIRO,138 KV,EDESUR
18.508814,-69.851699,TEMPLASTISA,RETIRO,69 KV,EDEESTE
18.5089979,-69.8561936,MEGACENTRO,UNR,69 KV,EGEHAINA
18.5094599,-69.6289382,CATALINA,RETIRO,69 KV,EDEESTE
18.509997,-70.331067,JIGUEY 1,CENTRAL,138 KV,EGEHID
18.510006,-70.33087,JIGUEY 2,CENTRAL,138 KV,EGEHID
18.5109265,-69.9086499,INCA LA ISABELA,UNR,69 KV,EGEHAINA
18.5125833,-69.9068333,MULTIFORM RETIRO,RETIRO,12.5 KV,EDEESTE
18.51277,-69.9064,MULTIFORM-UNR,UNR,69 KV,AES ANDRES
18.51323025,-69.90384306,RAVI CARIBE,UNR,12.5,EGEITABO
18.513366,-69.827052,INVIVIENDA T1,RETIRO,69 KV,EDEESTE
18.513423,-69.826901,INVIVIENDA T2,RETIRO,69 KV,EDEESTE
18.5140779,-70.0087807,NOVOPLAST,UNR,69 KV,EGEITABO
18.51573767,-70.07093343,CERVECERÍA NACIONAL DOMINICANA HATO NUEVO,UNR,12.5,MATRISOL, S.A.S.
18.5175833,-70.0515556,ZF ALCARRIZOS T1,RETIRO,69 KV,EDESUR
18.518439,-69.732733,KM 24,RETIRO,69 KV,EDEESTE
18.5188056,-70.898,LOS TOROS 1,CENTRAL,69 KV,EGEHID
18.52070645,-69.81734641,TEMPLASTISA HAINAMOSA,RETIRO,69,EDEESTE
18.52448,-69.74185,GRUPO RAMOS MELLA,UNR,69 KV,EGEHAINA
18.525604,-70.077207,TINFLEX HATO NUEVO C1,UNR,12.5,EGEHAINA
18.526729,-69.289144,PARQUE SOLAR EL SOCO,GENERACION,138,KOROR BUSINESS, S.R.L.
18.528215,-69.9964,LABORATORIOS SUED,UNR,12.5,EGEHAINA
18.528559,-69.998296,ZF PERLAV,UNR,12.5,EGEHAINA
18.5289444,-69.8388056,GRUPO RAMOS CHARLES,UNR,69 KV,EGEHAINA
18.531042,-68.872218,PARQUE FOTOVOLTAICO COTOPERÍ I,GENERACION,138,COTOPERÍ SOLAR FV
18.5324689,-69.8174455,TAMARINDO,RETIRO,69 KV,EDEESTE
18.5337121,-69.8199735,HAINAMOSA 138 T1,RETIRO,138 KV,EDEESTE
18.533996,-69.819479,HAINAMOSA 138 T2,RETIRO,138 KV,EDEESTE
18.534423,-68.866124,PARQUE FOTOVOLTAICO COTOPERÍ III,GENERACION,138,COTOPERÍ SOLAR FV
18.536588,-68.871369,PARQUE FOTOVOLTAICO COTOPERÍ II,GENERACION,138,COTOPERÍ SOLAR FV
18.53733,-70.02788,KINNOX,UNR,69 KV,EGEHAINA
18.537507,-70.0277215,PRODUCTO DIVERSO MT,RETIRO,12.5,EDESUR
18.5412917,-70.5075955,SAN JOSE DE OCOA,RETIRO,69 KV,EDESUR
18.5434282,-69.9347538,VILLA MELLA T03,RETIRO,138,EDEESTE
18.5435398,-69.9347038,VILLA MELLA,RETIRO,69 KV,EDEESTE
18.5447,-69.89946,GRUPO RAMOS VILLA MELLA,UNR,12.5,EGEHAINA
18.5447631,-69.8652704,SABANA PERDIDA,RETIRO,69 KV,EDEESTE
18.549778,-69.400417,INVEMA DOMINICANA,UNR,34.5,EDEESTE
18.551989,-69.986446,ACUEDUCTO LA ISABELA,RETIRO,69 KV,EDEESTE
18.5543972,-69.8732224,CORPORACION AVICOLA DEL CARIBE 12.5,UNR,12.5,EGEHAINA
18.5552385,-70.0545906,PARQUE INDUSTRIAL DUARTE,UNR,69,EGEHID
18.5564552,-70.0131061,PALAMARA,CENTRAL,69 KV,GPLV
18.5570656,-70.0137317,PALAMARA RETIRO,RETIRO,69 KV,EDESUR
18.5572915,-70.0586413,CIUDAD SATELITE,RETIRO,69 KV,EDESUR
18.559438,-70.055659,INCA KM 22 MT,UNR,12.5 KV,EGEHAINA
18.559488,-70.055729,INCA KM 22,CENTRAL,12.5 KV,MONTE RIO LTD
18.559534,-70.055593,INCA KM 22 T2,UNR,69 KV,EGEHAINA
18.559581,-70.05564,INCA KM 22 T1,UNR,69 KV,EGEHAINA
18.560366,-69.2875804,CONSUELO,RETIRO,69 KV,EDEESTE
18.561659,-70.003852,PALMARITO,RETIRO,12.5 KV,EDEESTE
18.56175,-70.0634167,CORVI PVC,UNR,69 KV,CESPM
18.563649,-69.698653,GUERRA,RETIRO,69 KV,EDEESTE
18.5687732,-69.059043,BATEY LECHUGA,RETIRO,12.5 KV,EDEESTE
18.569676,-69.716713,PARQUE FOTOVOLTAICO MIRASOL,GENERACION,138,AES DOMINICANA RENEWABLE ENERGY, S.R.L.
18.5705858,-70.0388359,LA CUABA,RETIRO,12.5 KV,EDEESTE
18.571,-70.0819167,CAMPAMENTO 16 DE AGOSTO,RETIRO,69 KV,EDESUR
18.5712776,-69.7851639,ACUEDUCTO ORIENTAL,RETIRO,69 KV,EDEESTE
18.5715568,-70.0969177,PARQUE CARIBBEAN GLASS,UNR,69,LEAR
18.5744205,-69.9781267,AEROPUERTO HIGUERO,RETIRO,69 KV,EDEESTE
18.57676,-70.06207,CIRCUNVALACION,RETIRO,12.5 KV,EDEESTE
18.579965,-69.854172,DAJAO T1,RETIRO,69 KV,EDEESTE
18.580236,-69.854357,DAJAO T2,RETIRO,69 KV,EDEESTE
18.580316,-69.85449,DAJAO T03,RETIRO,138,EDEESTE
18.5869875,-68.9759584,GUAYMATE,RETIRO,4.6,EDEESTE
18.5882523,-68.7190345,HIGUEY 69 KV,RETIRO,69 KV,EDEESTE
18.58946833,-70.02953701,PARQUE LOGISTICO CCN,UNR,69,EGEHAINA
18.590188,-70.07972,EL BELICO,RETIRO,12.5 KV,EDEESTE
18.5917077,-70.9918574,MAGUEYAL 1,CENTRAL,69 KV,EGEHID
18.5949459,-69.6152725,ACUEDUCTO BRUJUELA,RETIRO,69 KV,EDEESTE
18.6013656,-68.7174094,GRUPO RAMOS SIRENA HIGUEY,UNR,12.5,EGEHAINA
18.6109736,-69.853456,PARQUE FOTOVOLTAICO LA VICTORIA,GENERACION,138,DESARROLLOS FOTOVOLTAICOS DSS
18.6148171,-69.7103983,ZF GILDAN,UNR,69 KV,AES ANDRES
18.624796,-68.735631,HIGUEY 138 KV,RETIRO,138 KV,EDEESTE
18.624858,-68.735574,HIGUEY 138 KV T2,RETIRO,138 KV,EDEESTE
18.624948,-68.735818,HIGUEY T03,RETIRO,138,EDEESTE
18.625744,-69.919736,PARQUE FOTOVOLTAICO MARTÍ,GENERACION,69,TROPIGAS DOMINICANA
18.63233,-69.63341,LAS PARRAS T01,RETIRO,69,EDEESTE
18.6376951,-69.9344973,SIERRA PRIETA,RETIRO,69,EDEESTE
18.6405323,-68.958692,RANCHO PELIGRO,RETIRO,12.5 KV,EDEESTE
18.648225,-69.589606,PARQUE FOTOVOLTAICO MATA DE PALMA,GENERACION,69,WCG
18.648989,-69.596463,PARQUE FOTOVOLTAICO WASHINGTON CAPITAL 2,GENERACION,138,WCGF SOLAR II
18.653573,-71.33237272,VALLEJUELO,RETIRO,69,EDESUR
18.657299,-69.607539,PARQUE FOTOVOLTAICO WASHINGTON CAPITAL 3,GENERACION,138,ENERGIA RENOVABLE BAS
18.6634525,-71.0393689,VILLARPANDO,RETIRO,69 KV,EDESUR
18.672763,-71.047599,PARQUE FOTOVOLTAICO VILLARPANDO T02,GENERACION,138,NATURAL WORLD ENERGY CORPORATION
18.672924,-71.047669,PARQUE FOTOVOLTAICO VILLARPANDO T01,GENERACION,138,NATURAL WORLD ENERGY CORPORATION
18.6861338,-70.1787074,VILLA ALTAGRACIA,RETIRO,69 KV,EDESUR
18.6886482,-70.1811974,ZF VILLA ALTAGRACIA,RETIRO,69 KV,EDESUR
18.7069294,-71.0505949,SABANA YEGUA 1,CENTRAL,69 KV,EGEHID
18.708985,-70.213533,CITRICOS NACIONALES T1,UNR,69 KV,EGEHAINA
18.70898S,-70.21353E,CITRICOS NACIONALES T2,RETIRO,69 KV,EDESUR
18.72439,-70.412846,RANCHO ARRIBA T1,RETIRO,69,EDESUR
18.725686,-71.0906458,GUANITO 2,RETIRO,69 KV,EDESUR
18.760818,-69.250447,HATO MAYOR,RETIRO,69 KV,EDEESTE
18.7671944,-69.0500556,EL SEIBO,RETIRO,138 KV,EDEESTE
18.7722829,-70.0107538,YAMASA,RETIRO,69 KV,EDEESTE
18.78677,-70.263115,LA CUMBRE,RETIRO,69 KV,EDESUR
18.7944611,-70.35457,ANIANA VARGAS 1,CENTRAL,12.5 KV,EGEHID
18.7993333,-71.2210278,SAN JUAN PUEBLO,RETIRO,69 KV,EDESUR
18.8159708,-69.7905658,MONTE PLATA T1,RETIRO,69 KV,EDEESTE
18.816057,-69.790491,MONTE PLATA T2,RETIRO,69 KV,EDEESTE
18.81724,-69.79046,MONTE PLATA SOLAR,CENTRAL,69 KV,ELECTRONIC
18.8743752,-71.5125688,LAS MATAS DE FARFAN,RETIRO,69 KV,EDESUR
18.8755923,-71.6785342,ELIAS PIÑA,RETIRO,69 KV,EDESUR
18.880378,-70.495881,RIO BLANCO 2,CENTRAL,69 KV,EGEHID
18.880432,-70.495948,RIO BLANCO 1,CENTRAL,69 KV,EGEHID
18.884135,-70.238314,CORMIDOM T2,UNR,69,EGEHID
18.884218,-70.238285,CORMIDOM,UNR,69 KV,EGEHID
18.88473,-70.566732,PINALITO 2,CENTRAL,69 KV,EGEHID
18.884827,-70.566674,PINALITO 1,CENTRAL,69 KV,EGEHID
18.8965428,-71.3460617,DOMINGO RODRIGUEZ 1,CENTRAL,69 KV,EGEHID
18.901098,-70.759404,EL SALTO,CENTRAL,4.16 KV,EGEHID
18.9085301,-70.3701579,BONAO,RETIRO,69 KV,EDENORTE
18.9086389,-70.3703056,BONAO PER,RETIRO,69 KV,EDENORTE
18.909019,-70.276043,MAIMON,RETIRO,69 KV,EDENORTE
18.9096946,-70.3657865,BONAO 3 345,GENERACION,138,PVDC
18.9103651,-70.3663102,BONAO 3 138 kV,GENERACION,138,PVDC
18.9106534,-70.3756156,ZF DOS RIOS,UNR,69 KV,AES ANDRES
18.9110556,-70.7159167,CONSTANZA,RETIRO,69 KV,EDENORTE
18.922346,-71.009417,PALOMINO 1,CENTRAL,138 KV,EGEHID
18.922501,-71.009273,PALOMINO 2,CENTRAL,138 KV,EGEHID
18.925901,-70.406045,BONAO PER T02,RETIRO,69,EDENORTE
18.928725,-70.357494,FALCON 1,UNR,69 KV,SPOT
18.928818,-70.357368,FALCON 2,UNR,138 KV,SPOT
18.934639,-70.171754,PVDC L2,RETIRO,230 KV,PVDC
18.9347865,-70.1717507,PVDC L1,RETIRO,230 KV,PVDC
18.9379167,-70.6874722,TIREO,RETIRO,69 KV,EDENORTE
18.9804444,-71.2908056,SABANETA,CENTRAL,69 KV,EGEHID
18.980491,-71.290819,SABANETA RETIRO,RETIRO,69 KV,EDESUR
18.981562,-70.628188,LOS RIOS,RETIRO,69 KV,EDENORTE
19.036857,-70.192701,CENTRAL HATILLO 2,GENERACION,69,EGEHID
19.0368889,-70.1926667,HATILLO,CENTRAL,69 KV,EGEHID
19.0459541,-69.3886027,SABANA DE LA MAR,RETIRO,69 KV,EDEESTE
19.061249,-70.15719,COTUI,RETIRO,69 KV,EDENORTE
19.0661389,-70.6101389,PASO BAJITO,RETIRO,69 KV,EDENORTE
19.0985556,-70.5971944,JIMENOA,CENTRAL,69 KV,EGEHID
19.1033611,-70.5953611,JARABACOA,RETIRO,12.5 KV,EDENORTE
19.1062532,-70.4063311,RINCON,CENTRAL,69 KV,EGEHID
19.10632,-70.40629,RINCON 69 KV,RETIRO,69 KV,EDENORTE
19.115558,-70.189776,PASTAS ALIMENTICIAS,UNR,12.5,EGEHID
19.1246,-70.30844,TAVERAS,RETIRO,138 KV,EDENORTE
19.124603,-70.308447,FANTINO,RETIRO,69,EDENORTE
19.141497,-70.467288,HOSPITAL TRAUMATOLOGICO,RETIRO,69 KV,EDENORTE
19.1527833,-70.4697087,INDAL,UNR,69 KV,EGEHAINA
19.1914005,-70.1085371,PIMENTEL,RETIRO,69 KV,EDENORTE
19.1917636,-69.9446532,ABANICO PER,RETIRO,69 KV,EDENORTE
19.20341,-70.092381,PIMENTEL T3,CENTRAL,69 KV,LAESA LTD
19.203415,-70.092257,PIMENTEL IV,GENERACION,138,LAESA LTD
19.203422,-70.092495,PIMENTEL T2,CENTRAL,69 KV,LAESA LTD
19.203428,-70.092594,PIMENTEL T1,CENTRAL,69 KV,LAESA LTD
19.2057,-70.352,CENOVI,RETIRO,69 KV,EDENORTE
19.209522,-69.3243894,SAMANA,RETIRO,138 KV,EDENORTE
19.2202309,-70.5144823,LA VEGA PER,RETIRO,69 KV,EDENORTE
19.2239633,-70.5351981,LA VEGA T2,RETIRO,69 KV,EDENORTE
19.226726,-70.509312,FONT GAMUNDI,UNR,12.5,EDENORTE
19.2308333,-70.5408056,CERVECERIA VEGANA,RETIRO,69 KV,EDENORTE
19.234166S,-69.618972E,SANCHEZ,RETIRO,138 KV,EDENORTE
19.2358804,-70.5348679,INDUVECA,UNR,69 KV,EGEHAINA
19.2444607,-69.6609763,AGREGADOS SANTA BARBARA,UNR,12.5,EGEHAINA
19.244777S,-70.4E,ACUEDUCTO HERMANAS MIRABAL,RETIRO,69 KV,EDENORTE
19.246554,-70.556536,ZF LA VEGA,RETIRO,69 KV,EDENORTE
19.24694,-70.550648,DIESEL LA VEGA T2,CENTRAL,69 KV,GPLV
19.2469722,-70.5508056,DIESEL LA VEGA T1,CENTRAL,69 KV,GPLV
19.2488889,-70.5552222,ZF INDUSTRIAL LA VEGA,UNR,12.5 KV,AES ANDRES
19.2643847,-70.2138852,NESTLE,UNR,69,EGEITABO
19.2768194,-70.2403851,GRUPO RAMOS SFM,UNR,69 KV,EDENORTE
19.2818,-70.7771778,BAIGUAQUE 1,CENTRAL,12.5 KV,EGEHID
19.285246,-70.255853,EL CHIVO T2,RETIRO,69,EDENORTE
19.28531,-70.25585,EL CHIVO,RETIRO,69 KV,EDENORTE
19.2950707,-69.5500767,LAS TERRENAS,RETIRO,34.5 KV,LFLT
19.3179629,-69.4836017,PROGRESO DEL LIMON,RETIRO,12.5,PROGRESO DEL LIMÓN
19.324637,-70.736846,TAVERA 2,CENTRAL,138 KV,EGEHID
19.324683,-70.736959,TAVERA 1,CENTRAL,138 KV,EGEHID
19.3315092,-70.6040372,LA PENDA 69,RETIRO,69,EDENORTE
19.338775,-70.902192,SAN JOSE DE LA MATAS,RETIRO,69 KV,EDENORTE
19.3499553,-70.4227335,SALCEDO,RETIRO,69 KV,EDENORTE
19.363111S,-69.851E,NAGUA,RETIRO,69 KV,EDENORTE
19.3684989,-70.7146046,LOPEZ ANGOSTURA,CENTRAL,138 KV,EGEHID
19.3838611,-70.5367222,MOCA T1,RETIRO,69 KV,EDENORTE
19.3855278,-70.5320833,MOCA NUEVA,RETIRO,138 KV,EDENORTE
19.388172,-70.681519,CEMENTO CIBAO,UNR,69 KV,EGEITABO
19.4074444,-70.664,CARIBBEAN INDUSTRIAL PARK,UNR,69 KV,AES ANDRES
19.413252,-70.647859,TROQUELADO DOMINICANO,UNR,69,EGEITABO
19.414059,-70.649145,LA FABRIL,UNR,12.5 KV,EGEITABO
19.415749S,-70.643924E,CANABACOA,RETIRO,138 KV,EDENORTE
19.426396,-71.090163,MONCION 2,CENTRAL,138 KV,EGEHID
19.4264701,-71.090096,MONCION 1,CENTRAL,12.5 KV,EDENORTE
19.434888,-70.085881,ROSA JULIA DE LA CRUZ,CENTRAL,12.5 KV,EGEHID
19.4357976,-70.6601478,HOSPITAL METRO SANTIAGO,UNR,69 KV,EGEITABO
19.439244,-70.682828,PUCMM-SANTIAGO C2,UNR,12.5 KV,EGEITABO
19.439397,-70.682783,PUCMM-SANTIAGO C1,UNR,12.5 KV,EGEITABO
19.440988,-70.879534,PARQUE FOTOVOLTAICO SAJOMA,GENERACION,138,EGEHAINA
19.442719,-70.737082,PIMCO,RETIRO,69 KV,EDENORTE
19.443272,-70.703078,NIBAJE T2,RETIRO,138 KV,EDENORTE
19.44328,-70.703174,NIBAJE T1,RETIRO,138 KV,EDENORTE
19.4455833,-70.6385278,MOLINOS VALLE DEL CIBAO,UNR,69 KV,EGEITABO
19.446426,-70.640623,ZF INDUSTRIAL SANTIAGO BT,UNR,138,EDESUR
19.4509,-70.7442,ACERO CIBAO,RETIRO,69 KV,EDENORTE
19.453239,-70.658352,PASTA PRINCESA,RETIRO,69 KV,EDENORTE
19.4542778,-70.6792,VILLA OLGA,RETIRO,69 KV,EDENORTE
19.45608251,-70.68604809,PLAZA SANTIAGO CENTER,UNR,69,EGEITABO
19.4584444,-70.71113,FERRETERIA OCHOA,RETIRO,69 KV,EDENORTE
19.4590556,-70.6796389,UNION MEDICA,RETIRO,69 KV,EDENORTE
19.4623889,-70.67,E LEON JIMENEZ,RETIRO,69 KV,EDENORTE
19.4649167,-70.6193056,DON PEDRO,RETIRO,69 KV,EDENORTE
19.4675953,-71.0821521,CONTRA EMBALSE MONCION 1,CENTRAL,12.5 KV,EGEHID
19.4699,-70.71447,ARTICULOS DE PIEL LOS FAVORITOS,UNR,69 KV,EGEITABO
19.472363,-70.712739,HOSPITAL GENERAL LAS COLINAS,UNR,12.5,SPOT
19.472968,-70.695142,LA GALLERA T1,RETIRO,138 KV,EDENORTE
19.473059,-70.695107,LA GALLERA T2,RETIRO,138 KV,EDENORTE
19.476435,-70.732606,ZF SANTIAGO T2,RETIRO,138,EDENORTE
19.476466,-70.732517,ZF SANTIAGO T1,RETIRO,138,EDENORTE
19.4804,-71.33094,SANTIAGO RODRIGUEZ 138 KV,RETIRO,138 KV,EDENORTE
19.480476,-70.726683,CORPORACION ZF SANTIAGO T1,UNR,69,EDESUR
19.4845857,-70.7250718,ENVASES ANTILLANOS,UNR,69 KV,EGEITABO
19.4888611,-70.6574722,ZF DE GURABO,UNR,69 KV,AES ANDRES
19.4889739,-70.7136178,BALTIMORE DOMINICANA,RETIRO,69 KV,EDENORTE
19.49571,-69.953915,PARQUE FOTOVOLTAICO PAYITA 1,GENERACION,138,LCV ECOENER SOLARES DOMINICANA
19.5065556,-69.9427222,PAYITA,RETIRO,69 KV,EDENORTE
19.5113648,-70.7590943,ZF PISANO,UNR,69 KV,AES ANDRES
19.5167518,-71.6709778,DAJABON,RETIRO,138 KV,EDENORTE
19.51944,-69.993104,PARQUE FOTOVOLTAICO MATRISOL,GENERACION,138,MATRISOL, S.A.S.
19.5271818,-70.7740548,QUINIGUA,RETIRO,69 KV,EDENORTE
19.527209,-70.773881,ACUEDUCTO QUINIGUA,RETIRO,69 KV,EDENORTE
19.5599S,-70.8198E,FERRETERIA OCHOA - DIVISION LAS CHARCAS,UNR,12.5 KV,EGEITABO
19.5610653,-70.8786202,PORTELA PASTA LINDA,RETIRO,69 KV,EDENORTE
19.5625529,-70.821122,FERRETERIA OCHOA - DIVISION LAS LAVAS,UNR,69 KV,EGEITABO
19.5628579,-71.103096,VALVERDE MAO,RETIRO,138 KV,EDENORTE
19.5646325,-70.8853952,ARROZ BISONO AT T1,UNR,69 KV,EGEHAINA
19.5671714,-70.8728251,NAVARRETE PUEBLO,RETIRO,69 KV,EDENORTE
19.577991,-70.959815,PARQUE FOTOVOLTAICO ESPERANZA 2,GENERACION,138,EGEHAINA
19.578416,-70.959824,ESPERANZA,GENERACION,138,EGEHAINA
19.583609,-70.96278,PARQUE EÓLICO ESPERANZA,GENERACION,138,EGEHAINA
19.5896139,-70.6319167,PEDRO GARCIA,RETIRO,69 KV,EDENORTE
19.5918722,-70.9102083,BRAZO DERECHO,CENTRAL,69 KV,EGEHID
19.5965348,-70.9791015,ZF ESPERANZA,UNR,69 KV,AES ANDRES
19.6070824,-70.9782943,CRUCE ESPERANZA T1,RETIRO,69 KV,EDENORTE
19.6190833,-70.0861667,RIO SAN JUAN 138,RETIRO,138,EDENORTE
19.6552778,-70.5064444,ACUEDUCTO INAPA SOSUA,RETIRO,69 KV,EDENORTE
19.675459,-71.700417,MANZANILLO POWER LAND TG T01,GENERACION,345,ENERGíA 2000
19.676026,-71.700514,MANZANILLO POWER LAND TV T01,GENERACION,345,ENERGíA 2000
19.677577,-70.372856,SABANETA YASICA,RETIRO,69 KV,EDENORTE
19.6939792,-71.220996,PARQUE EOLICO AGUA CLARA,GENERACION,138,AGUA CLARA
19.710617,-71.380991,PARQUE FOTOVOLTAICO MONTECRISTI SOLAR T2,GENERACION,138,MONTECRISTI SOLAR
19.710669,-71.381143,PARQUE FOTOVOLTAICO MONTECRISTI SOLAR T1,GENERACION,138,MONTECRISTI SOLAR
19.7358639,-71.4195837,HISPANIOLA FRESH FRUIT COMPANY,UNR,12.5,SPOT
19.74738S,-70.84076E,IMBERT,RETIRO,69 KV,EDENORTE
19.7501111,-70.4152,CABARETE,RETIRO,69 KV,EDENORTE
19.75167,-70.56362,AERODOM PUERTO PLATA,UNR,12.5 KV,EGEHAINA
19.7516776,-70.5636221,AEREOPUERTO DE PUERTO PLATA,RETIRO,69 KV,EDENORTE
19.7638889,-70.5121667,SOSUA,RETIRO,69 KV,EDENORTE
19.7661389,-70.6519722,PLAYA DORADA,RETIRO,69 KV,EDENORTE
19.7677862,-70.6528398,PUERTO PLATA DE ELECTRICIDAD,RETIRO,69 KV,EDENORTE
19.795726,-71.315742,PARQUE EOLICO GUANILLO,GENERACION,138,PECASA
19.795767,-70.720118,PUERTO PLATA,RETIRO,69 KV,EDENORTE
19.795817,-70.719931,PUERTO PLATA 2 138,RETIRO,138,EDENORTE
19.825009,-70.7307207,OCEAN WORLD,UNR,12.5 KV,EGEITABO
19.842559,-71.628481,MONTECRISTI 138 kV,RETIRO,138 KV,EDENORTE
19.86776272,-70.81626657,PARQUE EOLICO LOS GUZMANCITOS II,GENERACION,138,POSEIDON
19.868048,-70.816554,LOS GUZMANCITOS,GENERACION,138,POSEIDON
19.885271,-70.961651,LUPERON,RETIRO,69 KV,EDENORTE