oc_punto,oc_tipo,oc_tension,oc_agente,lat,lon,matched_bus_id,matched_name,match_source,match_method,match_score
JUANCHO LOS COCOS,RETIRO,138 KV,EDESUR,17.8722019,-71.289374,WSLCOE,JUANCHO LOS COCOS 1,generator_name,fuzzy,1.0
PARQUE EOLICO JUANCHO-LOS COCOS T1,CENTRAL,138 KV,EGEHAINA,17.872531,-71.289259,WSLCOE,JUANCHO LOS COCOS 1,generator_name,fuzzy,1.0
PARQUE EOLICO JUANCHO-LOS COCOS T4,CENTRAL,138 KV,EGEHAINA,17.872698,-71.289177,WSLCOE,JUANCHO LOS COCOS 1,generator_name,fuzzy,1.0
PARQUE EOLICO JUANCHO-LOS COCOS T3,CENTRAL,138 KV,EGEHAINA,17.884759,-71.270144,WSLCOE,JUANCHO LOS COCOS 1,generator_name,fuzzy,1.0
PARQUE EÓLICO LARIMAR G10,CENTRAL,34.5 KV,EGEHAINA,17.899195,-71.254682,WSLCOE,PARQUE EOLICO LARIMAR,generator_name,fuzzy,1.0
PARQUE EÓLICO LARIMAR G20,CENTRAL,34.5 KV,EGEHAINA,17.899391,-71.254375,WSLCOE,PARQUE EOLICO LARIMAR,generator_name,fuzzy,1.0
PEDERNALES T01,RETIRO,138,EDESUR,18.028372,-71.712847,,,,unmatched,0.333
BARAHONA,RETIRO,69 KV,EDESUR,18.2178619,-71.0882774,WBARAF,BARAHONA,bus_name,exact,1.0
INGENIO BARAHONA,RETIRO,69 KV,EDESUR,18.2180523,-71.0874078,WIBARF,INGENIO BARAHONA,bus_name,exact,1.0
KHOURY INDUSTRIAL,UNR,69,EDESUR,18.220608,-71.241958,WKINDF,BARRA 69 KV KHOURY INDUSTRIAL,registry_load_name,fuzzy,0.5
KHOURY INDUSTRIAL 12.5,RETIRO,12.5,EDESUR,18.220666,-71.241845,,,,unmatched,0.4
BARAHONA CARBON,CENTRAL,138 KV,EGEHAINA,18.2207,-71.0865833,WBARCE,BARAHONA CARBON,generator_name,exact,1.0
ZF BARAHONA,RETIRO,69 KV,EDESUR,18.221142,-71.101447,WZFBAF,ZF BARAHONA,bus_name,exact,1.0
CENTRAL TERMOELECTRICA PUNTA CATALINA T2,GENERACION,345,EMPRESA DE GENERACIÓN ELÉCTRICA PUNTA CATALINA,18.23389,-70.237661,WCTP1D,PUNTA CATALINA 1,generator_name,fuzzy,1.0
SERVICIO DE ESTACION PUNTA CATALINA,GENERACION,138,EMPRESA DE GENERACIÓN ELÉCTRICA PUNTA CATALINA,18.23392,-70.237611,WCTP1D,PUNTA CATALINA 1,generator_name,fuzzy,0.5
CENTRAL TERMOELECTRICA PUNTA CATALINA T1,GENERACION,345,EMPRESA DE GENERACIÓN ELÉCTRICA PUNTA CATALINA,18.23393,-70.23761,WCTP1D,PUNTA CATALINA 1,generator_name,fuzzy,1.0
AEROPUERTO BARAHONA,RETIRO,69 KV,EDESUR,18.23893,-71.1332212,WAIBAF,AEROPUERTO INTERNACIONAL BARAHONA,bus_name,fuzzy,0.667
PARQUE FOTOVOLTAICO LUCILA,GENERACION,138,ETERRA GRUPO ECOENERGETICO DEL CARIBE,18.252185,-70.204897,WLUCIF,PARQUE FOTOVOLTAICO LUCILA,generator_name,exact,1.0
PARQUE EOLICO MATAFONGO,GENERACION,138,GRUPO EÓLICO DOMINICANO,18.259716,-70.494499,WMTFNE,PARQUE EÓLICO DE MATAFONGO,generator_name,fuzzy,1.0
BANI MATADERO T1,RETIRO,69 KV,EDESUR,18.2720393,-70.3398607,WBMATF,BANÍ MATADERO,bus_name,fuzzy,1.0
BANI MATADERO T2,RETIRO,69 KV,EDESUR,18.272072,-70.339878,WBMATF,BANÍ MATADERO,bus_name,fuzzy,1.0
PIZARRETE,RETIRO,69 KV,EDESUR,18.2723715,-70.2295514,WPDISF,PIZARRETE DISTRIBUCIÓN,bus_name,fuzzy,1.0
DOMICEM C03,UNR,4.6,EGEHAINA,18.2728381,-70.1442076,,,,unmatched,0.0
DOMICEM C01,UNR,4.6,EGEHAINA,18.272838,-70.144207,,,,unmatched,0.0
PALENQUE G1,CENTRAL,4.6,DOMICEM GENERACIÓN,18.273449,-70.140312,WPALBE,PALENQUE,generator_name,fuzzy,1.0
SERVICIO DE ESTACION PALENQUE,RETIRO,4.6,DOMICEM GENERACIÓN,18.27349,-70.1402,,,,unmatched,0.333
PALENQUE G2,CENTRAL,4.6,DOMICEM GENERACIÓN,18.273497,-70.140236,WPALBE,PALENQUE,generator_name,fuzzy,1.0
PALENQUE G3,CENTRAL,4.6,DOMICEM GENERACIÓN,18.27354,-70.140165,WPALBE,PALENQUE,generator_name,fuzzy,1.0
PALENQUE G4,CENTRAL,4.6,DOMICEM GENERACIÓN,18.273568,-70.140101,WPALBE,PALENQUE,generator_name,fuzzy,1.0
DOMICEM T1,UNR,138 KV,EGEHAINA,18.273632,-70.140344,,,,unmatched,0.0
DOMICEM T2,UNR,138 KV,EGEHAINA,18.273671,-70.140236,,,,unmatched,0.0
DOMICEM SOLAR,GENERACION,4.6,EGEHAINA,18.273727,-70.140438,,,,unmatched,0.0
LOS ANONES,CENTRAL,12.5 KV,EGEHID,18.275921,-70.214029,WPDISF,LOS ANONES,generator_name,exact,1.0
LA FAMOSA,RETIRO,69 KV,EGEHAINA,18.277627,-70.326802,WXLFAF,TAP LA FAMOSA,bus_name,fuzzy,0.5
BANI T2,RETIRO,69 KV,EDESUR,18.2788808,-70.3243539,WBANIF,BANÍ,bus_name,fuzzy,1.0
BANI PER,RETIRO,69 KV,EDESUR,18.2794091,-70.3467486,WBAPEF,BANÍ PER,bus_name,exact,1.0
PARQUE SOLAR SANTANASOL,GENERACION,138,"AES DOMINICANA RENEWABLE ENERGY, S.R.L.",18.281708,-70.230039,WSANTE,PARQUE FOTOVOLTAICO SANTANASOL,generator_name,fuzzy,1.0
SALINAS,RETIRO,69 KV,EDESUR,18.283052,-71.3081315,WSALIF,SALINAS 69 KV,bus_name,fuzzy,0.5
INGENIO CAEI,RETIRO,69 KV,EDESUR,18.320997,-70.180804,WICAEF,INGENIO CAEI,bus_name,exact,1.0
PARQUE FOTOVOLTAICO PERAVIA I,GENERACION,138,I.E. DR PROJECTS I,18.321027,-70.392528,WPERAE,PARQUE FOTOVOLTAICO PERAVIA I,generator_name,exact,1.0
PARQUE FOTOVOLTAICO CALABAZA,GENERACION,138,ENREN,18.3230409,-70.3977799,WCALAE,PARQUE FOTOVOLTAICO CALABAZA,generator_name,exact,1.0
YAGUATE,RETIRO,69 KV,EDESUR,18.3264108,-70.1805648,WYAGUF,YAGUATE,bus_name,exact,1.0
PARQUE SOLAR GIRASOL T2,GENERACION,138,EGEHAINA,18.328639,-70.19781,WGIRAE,PARQUE SOLAR GIRASOL,generator_name,fuzzy,1.0
PARQUE SOLAR GIRASOL T1,GENERACION,138,EGEHAINA,18.32873,-70.19806,WGIRAE,PARQUE SOLAR GIRASOL,generator_name,fuzzy,1.0
PARQUE FOTOVOLTAICO BAYASOL,GENERACION,138,"AES DOMINICANA RENEWABLE ENERGY, S.R.L.",18.330427,-70.441212,WBAYAE,PARQUE FOTOVOLTAICO BAYAHONDA (BAYASOL),generator_name,fuzzy,0.5
PARQUE SOLAR CANOA,GENERACION,69,EMERALD,18.345047,-71.133256,WSCANF,PARQUE SOLAR CANOA,generator_name,exact,1.0
POWERSHIP AZUA KPS26 T1,GENERACION,138,"KARPOWERSHIP DOMINICAN REPUBLIC, S.A.S.",18.346058,-70.838212,WAZUAF,AZUA,bus_name,fuzzy,0.5
POWERSHIP AZUA KPS60,GENERACION,138,"KARPOWERSHIP DOMINICAN REPUBLIC, S.A.S.",18.346158,-70.838097,WAZUAF,AZUA,bus_name,fuzzy,0.5
POWERSHIP AZUA KPS26 T2,GENERACION,138,"KARPOWERSHIP DOMINICAN REPUBLIC, S.A.S.",18.346278,-70.837997,WAZUAF,AZUA,bus_name,fuzzy,0.5
NIZAO NAJAYO,CENTRAL,12.5 KV,EGEHID,18.3464349,-70.2370693,WPDISF,NIZAO NAJAYO,generator_name,exact,1.0
POWERSHIP AZUA KPS01 T01,GENERACION,138,"KARPOWERSHIP DOMINICAN REPUBLIC, S.A.S.",18.3466,-70.8387,WAZUAF,AZUA,bus_name,fuzzy,0.5
MONTE RIO T1,GENERACION,138,LEAR,18.351004,-70.833004,WMRI2E,MONTE RÍO,bus_name,fuzzy,1.0
MONTE RIO T2,GENERACION,138,PHINIE & CO DEVELOPMENT S.R.L.,18.351079,-70.833069,WMRI2E,MONTE RÍO,bus_name,fuzzy,1.0
MONTE RIO T3,GENERACION,138,LEAR,18.351146,-70.833097,WMRI2E,MONTE RÍO,bus_name,fuzzy,1.0
ARGOS DOMINICANA (CEMENTOS COLON),UNR,69 KV,EGEHAINA,18.35287,-70.07932,WADMIF,ARGOS DOMINICANA (CEMENTO COLÓN),bus_name,fuzzy,0.6
CRUCE DE OCOA,RETIRO,69 KV,EDESUR,18.35425,-70.4688611,WCOCOF,CRUCE DE OCOA,bus_name,exact,1.0
LAS DAMAS,CENTRAL,69 KV,EGEHID,18.35861,-71.53438,WLDAMF,LAS DAMAS,bus_name,exact,1.0
CIRCUITO LAS DAMAS,RETIRO,12.5 KV,EDESUR,18.358611,-71.534389,WLDAMF,LAS DAMAS,bus_name,fuzzy,0.5
LAS BARIAS,CENTRAL,12.5 KV,EGEHID,18.3608017,-70.2632176,WLBARF,LAS BARIAS,bus_name,exact,1.0
ALAMBRES DOMINICANOS,UNR,69 KV,SPOT,18.3863891,-70.0496245,,,,unmatched,0.25
VALDESIA 1,CENTRAL,138 KV,EGEHID,18.391272,-70.281598,WVALDE,VALDESIA 1,generator_name,exact,1.0
VALDESIA 2,CENTRAL,138 KV,EGEHID,18.39133,-70.281548,WVALDE,VALDESIA 2,generator_name,exact,1.0
VALDESIA,RETIRO,12.5 KV,EDESUR,18.391411,-70.281497,WVALDE,VALDESIA,bus_name,exact,1.0
ZF NIGUA,RETIRO,69 KV,EDESUR,18.3917222,-70.0453889,WXZFNF,TAP ZF NIGUA,bus_name,fuzzy,0.667
LAFZID,UNR,69 KV,AES ANDRES,18.3925278,-70.0406389,,,,unmatched,0.0
TERMO ENVASES,UNR,12.5 KV,DPP,18.39865,-70.0344,,,,unmatched,0.333
VICENTE NOBLE,RETIRO,69 KV,EDESUR,18.4003333,-71.1791667,WVNOBF,VICENTE NOBLE,bus_name,exact,1.0
PANIFICADORA HAINA C1,UNR,12.5,EGEHAINA,18.40069,-70.034871,WTHAGK,TER HAINA TG VIRTUAL,bus_name,fuzzy,0.5
ACUEDUCTO INAPA SAN CRISTOBAL,RETIRO,69 KV,EDESUR,18.40202,-70.136347,WAISCF,ACUEDUCTO INAPA SAN CRISTOBAL,bus_name,exact,1.0
REFIDOMSA,UNR,69 KV,EGEITABO,18.403172,-70.0327109,WREFIF,REFIDOMSA,bus_name,exact,1.0
INTERCONEXION ITABO V SAN LORENZO,CENTRAL,138,EGEITABO,18.405097,-70.027548,WIGASE,SAN LORENZO 1,generator_name,fuzzy,0.5
ACUEDUCTO SUR - OESTE,RETIRO,69 KV,EDESUR,18.4063833,-71.1607623,WASOEF,ACUEDUCTO SUR-OESTE,bus_name,exact,1.0
SAN LORENZO 1,CENTRAL,138 KV,EGEITABO,18.40654,-70.027494,WIGASE,SAN LORENZO 1,generator_name,exact,1.0
AES ANDRES TV,GENERACION,138,AES ANDRES,18.40683,-69.629562,WAANDE,AES ANDRÉS,bus_name,fuzzy,1.0
AES ANDRES,CENTRAL,138 KV,AES ANDRES,18.4074272,-69.6356902,WAANDE,AES ANDRÉS,bus_name,exact,1.0
GRANITOS BOJOS,RETIRO,69 KV,EDESUR,18.4083889,-70.0308611,WGBOJF,GRANITOS BOJOS,bus_name,exact,1.0
MULTIPARQUES,UNR,69 KV,AES ANDRES,18.40891,-70.0385,WMLTPF,MULTIPARQUES,bus_name,exact,1.0
ENADOM,UNR,138,AES ANDRES,18.410055,-69.631517,WENADE,138 kV ENADOM,registry_load_name,fuzzy,0.5
SODOCAL,RETIRO,69 KV,EDESUR,18.4120278,-70.0966944,WSODOF,SODOCAL,bus_name,exact,1.0
MADRE VIEJA T1,RETIRO,69 KV,EDESUR,18.4153611,-70.0972222,WMVIEF,MADRE VIEJA,bus_name,fuzzy,1.0
MADRE VIEJA T2,RETIRO,69 KV,EDESUR,18.41548,-70.09707,WMVIEF,MADRE VIEJA,bus_name,fuzzy,1.0
CORPA HAINA C1,UNR,12.5,EGEHAINA,18.416011,-70.023989,WTHAGK,TER HAINA TG VIRTUAL,bus_name,fuzzy,0.5
ZF ROMANA 1,UNR,12.5 KV,SEABOARD,18.417198,-68.948876,,,,unmatched,0.333
OJIVA,RETIRO,12.5,EDESUR,18.4175109,-70.0228472,WOJIVF,OJIVA,registry_load_name,exact,1.0
ZF ROMANA BUENA VISTA,RETIRO,69 KV,EDEESTE,18.4217299,-68.950922,WXZFBF,TAP ZF BUENA VISTA,bus_name,fuzzy,0.6
GOYA,UNR,69 KV,SEABOARD,18.422405,-70.130743,WGOYAF,GOYA,bus_name,exact,1.0
PUERTO DE HAINA,UNR,69 KV,EDESUR,18.423046,-70.011844,WPHAIF,PUERTO DE HAINA,bus_name,exact,1.0
HAINA TG,CENTRAL,138 KV,EGEHAINA,18.4231139,-70.0219291,WHAINE,HAINA TG,generator_name,exact,1.0
SAN CRISTOBAL NORTE T1,RETIRO,138 KV,EDESUR,18.426202,-70.1287249,WSCNOE,SAN CRISTOBAL NORTE,bus_name,fuzzy,1.0
ZF MULTIMODAL CAUCEDO,UNR,69 KV,AES ANDRES,18.426262,-69.635153,WZFMCF,ZF MULTINOD CAUCEDO,bus_name,fuzzy,0.5
CARIBETRANS,UNR,12.5 KV,SEABOARD,18.426521,-69.998355,,,,unmatched,0.0
INVERSIONES COSTA CARIBE,UNR,12.5 KV,EDEESTE,18.42681,-69.41238,,,,unmatched,0.25
QUALA DOMINICANA,UNR,12.5,EDESUR,18.42766748,-70.04742466,,,,unmatched,0.2
ROMANA PUEBLO T03,RETIRO,69,EDEESTE,18.4285804,-68.987578,WLRPUF,LA ROMANA PUEBLO,bus_name,fuzzy,1.0
AERODOM LAS AMERICAS,UNR,69 KV,EGEHAINA,18.4303919,-69.6764747,,,,unmatched,0.333
CENTRO DE OPERACIONES,RETIRO,69 KV,EDESUR,18.4321944,-69.9897222,WCOHEF,CENTRO OPERACIONES HERRERA,bus_name,fuzzy,0.667
GRUPO RAMOS SIRENA ROMANA,UNR,12.5,EGEHAINA,18.4345429,-68.9943921,,,,unmatched,0.25
SANTO DOMINGO COUNTRY CLUB C1,UNR,12.5,EGEHAINA,18.436284,-69.986617,,,,unmatched,0.2
AGUACATE 1,CENTRAL,138 KV,EGEHID,18.4379219,-70.2575492,WAGUAE,AGUACATE 1,generator_name,exact,1.0
AZUA,RETIRO,69 KV,EDESUR,18.4379722,-70.7423056,WAZUAF,AZUA,bus_name,exact,1.0
OLEODUCTO FALCON,RETIRO,69 KV,EDESUR,18.4400744,-70.0092373,WXOFAF,TAP OLEODUCTO FALCON,bus_name,fuzzy,0.667
EDITORA CORRIPIO,UNR,12.5,EDESUR,18.440296,-69.981162,,,,unmatched,0.0
METALDOM,CENTRAL,138 KV,METALDOM,18.4403124,-69.9459197,WMETAK,METALDOM,bus_name,exact,1.0
MATADERO,RETIRO,138 KV,EDESUR,18.4410751,-69.9436609,WMATBE,MATADERO B,bus_name,fuzzy,1.0
CERVECERÍA NACIONAL DOMINICANA 30 DE MAYO,UNR,12.5 KV,"MATRISOL, S.A.S.",18.4413,-69.94077,,,,unmatched,0.167
JUAN DOLIO,RETIRO,138 KV,EDEESTE,18.4421801,-69.4261687,WJDOLE,JUAN DOLIO,bus_name,exact,1.0
RIO CHAVON,RETIRO,69 KV,EDEESTE,18.4433,-68.8871,WRCHAF,RÍO CHAVÓN,bus_name,exact,1.0
COASTAL PETROLEUM,UNR,12.5,EGEHAINA,18.4433586,-69.2544385,WCOAPE,PARQUE FOTOVOLTAICO COASTAL,generator_name,fuzzy,0.5
ZF ROMANA 2,UNR,12.5 KV,SEABOARD,18.443567,-68.978704,,,,unmatched,0.333
BENEDICTO,RETIRO,69 KV,EDEESTE,18.4441207,-68.8304035,WBENEF,BENEDICTO,bus_name,exact,1.0
LA ROMANA 138,RETIRO,138 KV,EDEESTE,18.445263,-68.98382,WLROME,LA ROMANA 138,bus_name,exact,1.0
LA ROMANA T1,RETIRO,69 KV,EDEESTE,18.445416,-68.983686,WLROME,LA ROMANA 138,bus_name,fuzzy,0.5
LA ROMANA T2,RETIRO,69 KV,EDEESTE,18.445416,-68.98384,WLROME,LA ROMANA 138,bus_name,fuzzy,0.5
LA ROMANA 138 T02,RETIRO,138,EDEESTE,18.44578,-68.98366,WLROME,LA ROMANA 138,bus_name,fuzzy,1.0
TORGINOL,UNR,69 KV,EDESUR,18.445863,-69.980122,WTORGF,TORGINOL,bus_name,exact,1.0
BEPENSA,UNR,12.5,AES ANDRES,18.4475707,-69.9302023,,,,unmatched,0.0
HOTEL HAMACA,UNR,12.5 KV,EGEHAINA,18.4481714,-69.6046777,,,,unmatched,0.0
NESPLAS C1,UNR,12.5,EGEHAINA,18.44821,-69.978168,,,,unmatched,0.0
PARQUE FOTOVOLTAICO COASTAL T01,GENERACION,138,COASTAL PETROLEUM DOMINICANA,18.44835682,-69.25208556,WCOAPE,PARQUE FOTOVOLTAICO COASTAL,generator_name,fuzzy,1.0
PARQUE FOTOVOLTAICO COASTAL T02,GENERACION,138,COASTAL PETROLEUM DOMINICANA,18.448617,-69.253226,WCOAPE,PARQUE FOTOVOLTAICO COASTAL,generator_name,fuzzy,1.0
HERRERA NUEVA T2,RETIRO,69 KV,EDESUR,18.4495685,-69.9801671,WHENUF,HERRERA NUEVA,bus_name,fuzzy,1.0
HERRERA 138 kV,RETIRO,138 KV,EDESUR,18.4497572,-69.9804165,WHERRE,HERRERA 138,bus_name,fuzzy,1.0
SULTANA DEL ESTE,CENTRAL,138 KV,EGEHAINA,18.449802,-69.318019,WSESTE,SULTANA DEL ESTE,bus_name,exact,1.0
PARQUE CIBERNÉTICO C1,UNR,12.5,EGEITABO,18.449809,-69.661796,WPCIBF,PARQUE CIBERNÉTICO,bus_name,fuzzy,1.0
PARQUE CIBERNETICO,RETIRO,69 KV,EDEESTE,18.449857,-69.661829,WPCIBF,PARQUE CIBERNÉTICO,bus_name,exact,1.0
DOWNTOWN CENTER C1,UNR,12.5,EGEHAINA,18.45091,-69.95287,,,,unmatched,0.2
ABCO,UNR,69 KV,EDESUR,18.4511834,-69.9705487,WABCOF,ABCO,bus_name,exact,1.0
ALUMINIOS DOMINICANOS,RETIRO,69 KV,EDESUR,18.4512031,-69.9815566,WXALDF,TAP ALUMINIOS DOMINICANOS,bus_name,fuzzy,0.667
SERVICIO ESTACION SULTANA DEL ESTE,RETIRO,138,EGEHAINA,18.45212,-69.317376,WSESTE,SULTANA DEL ESTE,bus_name,fuzzy,0.5
ZF SAN PEDRO DE MACORIS,UNR,69 KV,AES ANDRES,18.45314,-69.28846,WSPM2E,SAN PEDRO DE MACORIS 2,bus_name,fuzzy,0.75
EMBAJADOR T1,RETIRO,138 KV,EDESUR,18.454175,-69.947133,WEMBAE,EMBAJADOR,bus_name,fuzzy,1.0
EMBAJADOR T2,RETIRO,138 KV,EDESUR,18.454216,-69.947033,WEMBAE,EMBAJADOR,bus_name,fuzzy,1.0
LA CALETA T03,RETIRO,69,EDEESTE,18.45484,-69.686663,WLCALF,LA CALETA,bus_name,fuzzy,1.0
LA CALETA,RETIRO,69 KV,EDEESTE,18.4548607,-69.686615,WLCALF,LA CALETA,bus_name,exact,1.0
PRODUCTOS LINDA,RETIRO,69 KV,EDESUR,18.4553889,-70.7621389,WPLINF,PRODUCTOS LINDA,bus_name,exact,1.0
BOCA CHICA,RETIRO,138 KV,EDEESTE,18.4554444,-69.6201111,WBCHIE,BOCA CHICA 138,bus_name,fuzzy,0.667
ALMACENES UNIDOS SARASOTA,UNR,12.5,EGEHAINA,18.45586,-69.93839,,,,unmatched,0.0
UASD 138 KV T3,RETIRO,138 KV,EDESUR,18.45732,-69.924139,WUASDE,UASD 138,bus_name,fuzzy,1.0
UASD 138 KV T2,RETIRO,138 KV,EDESUR,18.457362,-69.924043,WUASDE,UASD 138,bus_name,fuzzy,1.0
UASD 138 KV T1,RETIRO,138 KV,EDESUR,18.457468,-69.923834,WUASDE,UASD 138,bus_name,fuzzy,1.0
ZF SAN PEDRO AES,RETIRO,69 KV,EDEESTE,18.457632,-69.289406,WZFS2F,ZF SAN PEDRO 2 69KV,bus_name,fuzzy,0.6
CARTONERA DEL CARIBE,UNR,12.5 KV,LEAR,18.457788,-69.713079,,,,unmatched,0.333
ZF SAN PEDRO CHENTEC,RETIRO,69 KV,EDEESTE,18.4579167,-69.288,WZFS2F,ZF SAN PEDRO 2 69KV,bus_name,fuzzy,0.6
SIBA 138,GENERACION,138,SIBA,18.4585981,-69.6196248,,,,unmatched,0.333
UNIVERSIDAD CENTRAL ESTE (UCE),UNR,12.5,EGEHAINA,18.459888,-69.293475,,,,unmatched,0.25
ZF LAS AMERICAS,UNR,69 KV,EGEHAINA,18.4607091,-69.7104301,WZFAMF,ZF LAS AMERICAS,bus_name,exact,1.0
SPM 138 T01,RETIRO,138,EDEESTE,18.461792,-69.314454,WSPMAE,SPM 138 KV,bus_name,fuzzy,1.0
HOTEL JARAGUA,UNR,12.5 KV,EDEESTE,18.4619464,-69.9005114,,,,unmatched,0.0
SPM 69,RETIRO,69 KV,EDEESTE,18.461998,-69.314451,WSPMAF,SPM 69 KV,bus_name,fuzzy,1.0
CCN LUPERON,UNR,12.5,EGEHAINA,18.4625535,-69.9685864,WLUPEF,LUPERÓN,bus_name,fuzzy,0.5
CESAR IGLESIAS,UNR,69 KV,EGEHAINA,18.4626944,-69.3161111,WXCIGF,TAP CÉSAR IGLESIAS,bus_name,fuzzy,0.667
BANCO MULTIPLE BHD LEON,UNR,12.5,EGEITABO,18.462916,-69.937932,,,,unmatched,0.2
DESTILERIA BRUGAL,UNR,69 KV,GRUPO EÓLICO DOMINICANO,18.4630556,-69.3162222,WXDBRF,TAP DESTILERÍA BRUGAL,bus_name,fuzzy,0.667
BRAVO CENTRO DISTRIBUCIÓN ESTE,UNR,12.5,EDEESTE,18.46337,-69.66582,,,,unmatched,0.25
INVERPLATA,UNR,12.5 KV,EGEHAINA,18.463512,-69.896198,,,,unmatched,0.0
PARQUE FOTOVOLTAICO CUMAYASA 1,GENERACION,138,"EFD ECOENER FOTOVOLTAICA DOMINICANA, S.R.L.",18.463537,-69.05832,WCUMAE,PARQUE FOTOVOLTAICO CUMAYASA 1,generator_name,exact,1.0
PARQUE FOTOVOLTAICO CUMAYASA 4,GENERACION,138,RENEWABLE ENERGY WORLD DOMINICUS,18.46367,-69.0585,WCUMBE,PARQUE FOTOVOLTAICO CUMAYASA 4,generator_name,exact,1.0
PARQUE FOTOVOLTAICO CUMAYASA 2,GENERACION,138,"EFD ECOENER FOTOVOLTAICA DOMINICANA, S.R.L.",18.463768,-69.058314,WCUMBE,PARQUE FOTOVOLTAICO CUMAYASA 2,generator_name,exact,1.0
CAASD 2,RETIRO,69 KV,EDESUR,18.4645787,-70.0205662,,,,unmatched,0.333
CAASD 1,RETIRO,69 KV,EDESUR,18.464855,-70.020994,,,,unmatched,0.333
CCN 27 DE FEBRERO,UNR,12.5,EGEHAINA,18.4648921,-69.9297762,,,,unmatched,0.2
KM 15 DE AZUA,RETIRO,69 KV,EDESUR,18.4654722,-70.86875,WKQAZE,KILOMETRO 15 DE AZUA,bus_name,fuzzy,0.5
MULTICENTRO LA SIRENA AV. LUPERON C2,UNR,12.5,EGEHAINA,18.465808,-69.968845,,,,unmatched,0.25
QUITA CORAZA,RETIRO,69,EDESUR,18.4659024,-71.0724169,WQCORF,QUITA CORAZA,registry_load_name,exact,1.0
HARINA DEL HIGUAMO,RETIRO,69 KV,EDEESTE,18.4663147,-69.3168777,WHGMOE,HIGUAMO,bus_name,fuzzy,0.5
SAN PEDRO BIO-ENERGY,CENTRAL,138 KV,SAN PEDRO BIO-ENERGY,18.4665057,-69.3318597,WSPBEE,SAN PEDRO BIO-ENERGY,bus_name,exact,1.0
CERVECERIA BOHEMIA,RETIRO,69 KV,EDESUR,18.4669389,-69.9945622,WCBOHF,CERVECERÍA BOHEMIA,bus_name,exact,1.0
FERSAN,UNR,12.5,EGEHID,18.4672977,-69.99466,,,,unmatched,0.0
LOS ORIGENES POWER PLANT,CENTRAL,138 KV,LOS ORIGENES,18.467577,-69.3189948,WLORIE,LOS ORÍGENES,bus_name,fuzzy,0.5
LOS PRADOS T1,RETIRO,138,EDESUR,18.469139,-69.953413,WLPRAE,LOS PRADOS,bus_name,fuzzy,1.0
LOS PRADOS T2,RETIRO,138,EDESUR,18.469314,-69.953307,WLPRAE,LOS PRADOS,bus_name,fuzzy,1.0
LOS PRADOS T3,RETIRO,138,EDESUR,18.469504,-69.953247,WLPRAE,LOS PRADOS,bus_name,fuzzy,1.0
BAYONA T1,RETIRO,69 KV,EDESUR,18.4695278,-70.0219722,WBAYOF,BAYONA,bus_name,fuzzy,1.0
GUAVAVERRY,RETIRO,69 KV,EDEESTE,18.470166,-69.4507,,,,unmatched,0.0
INGENIO CRISTOBAL COLON,UNR,12.5 KV,SAN PEDRO BIO-ENERGY,18.47043,-69.32894,,,,unmatched,0.25
CESAR NICOLAS PENSON  138 KV T2,RETIRO,138 KV,EDEESTE,18.472301,-69.901057,WCNPEE,CÉSAR NICOLÁS PÉNSON,bus_name,fuzzy,0.75
CESAR NICOLAS PENSON  138 KV T1,RETIRO,138 KV,EDEESTE,18.4723407,-69.9010996,WCNPEE,CÉSAR NICOLÁS PÉNSON,bus_name,fuzzy,0.75
GRUPO RAMOS CHURCHILL,UNR,12.5 KV,EGEHAINA,18.472387,-69.9419302,,,,unmatched,0.333
CODETEL 30 DE MARZO,UNR,12.5 KV,EDEESTE,18.472684,-69.893495,,,,unmatched,0.25
BLUE MALL,UNR,12.5,EDESUR,18.473322,-69.941794,,,,unmatched,0.0
INDUVECA MIRADOR ESTE,UNR,12.5,EDESUR,18.474613,-69.873977,,,,unmatched,0.25
UNIVERSIDAD IBEROAMERICANA (UNIBE),UNR,12.5,EGEHAINA,18.4748501,-69.9098474,,,,unmatched,0.0
MOLINOS DEL OZAMA,UNR,69 KV,EGEITABO,18.475288,-69.879525,WMOZAF,MOLINOS DEL OZAMA,bus_name,exact,1.0
EL BRISAL T2,RETIRO,138,EDEESTE,18.476063,-69.788212,WEBRIE,EL BRISAL,bus_name,fuzzy,1.0
EL BRISAL,RETIRO,69 KV,EDEESTE,18.476236,-69.788204,WEBRIE,EL BRISAL,bus_name,exact,1.0
GRUPO RAMOS SIRENA MELLA,UNR,12.5,EGEHAINA,18.4773716,-69.8876475,WXGRMF,GRUPO RAMOS MELLA,bus_name,fuzzy,0.667
METROPOLITANO T1,RETIRO,69 KV,EDESUR,18.4788517,-69.920291,WMETBF,METROPOLITANO B,bus_name,fuzzy,1.0
METROPOLITANO T2,RETIRO,69 KV,EDESUR,18.47886,-69.920368,WMETBF,METROPOLITANO B,bus_name,fuzzy,1.0
LISTIN DIARIO,UNR,69 KV,AES ANDRES,18.4789694,-69.9115362,WLDIAF,LISTÍN DIARIO,bus_name,exact,1.0
CODETEL,UNR,69 KV,EDESUR,18.479243,-69.9203335,WXCODF,TAP CODETEL,bus_name,fuzzy,0.5
BANCO POPULAR,UNR,69 KV,AES ANDRES,18.4799304,-69.9120238,WBPOPF,BANCO POPULAR,bus_name,exact,1.0
PARAISO 138,RETIRO,138 KV,EDESUR,18.480114,-69.944388,WPARAE,PARAISO,bus_name,fuzzy,0.5
PARAISO 138 T3,RETIRO,138,EDESUR,18.480171,-69.944469,WPARAE,PARAISO,bus_name,fuzzy,0.5
PARAISO 138 T2,RETIRO,138,EDESUR,18.480211,-69.944408,WPARAE,PARAISO,bus_name,fuzzy,0.5
NEYBA,RETIRO,69 KV,EDESUR,18.4805556,-71.4254444,WNEYBF,NEYBA,bus_name,exact,1.0
PASTEURIZADORA RICA,UNR,12.5,EGEHAINA,18.48066,-69.95336,,,,unmatched,0.0
BANCO NACIONAL DE LA VIVIENDA,RETIRO,69 KV,EDEESTE,18.481132,-69.928592,WBNVFF,BANCO NACIONAL DE LA VIVIENDA FACIL,bus_name,fuzzy,0.75
HATO NUEVO,RETIRO,69 KV,EDESUR,18.481172,-70.027268,WHNUEF,HATO NUEVO,bus_name,exact,1.0
GRUPO HACHE,RETIRO,69 KV,EDESUR,18.48147,-69.9257773,WGHACF,GRUPO HACHE,bus_name,exact,1.0
DESPACHO T1,RETIRO,69 KV,EDEESTE,18.4817778,-69.8840278,WDESPF,DESPACHO,bus_name,fuzzy,1.0
DESPACHO T2,RETIRO,69 KV,EDEESTE,18.48181,-69.884014,WDESPF,DESPACHO,bus_name,fuzzy,1.0
DESPACHO T3,RETIRO,69 KV,EDEESTE,18.481828,-69.884062,WDESPF,DESPACHO,bus_name,fuzzy,1.0
JIMANÍ T01,RETIRO,69,EDESUR,18.482023,-71.840948,,,,unmatched,0.333
VILLA DUARTE,RETIRO,138 KV,EDEESTE,18.4822,-69.8569722,WVDU1E,VILLA DUARTE 138,bus_name,fuzzy,0.667
CAYACOA,RETIRO,69 KV,EDEESTE,18.4825833,-69.4871111,WCAYAF,CAYACOA,bus_name,exact,1.0
PUBLICACIONES AHORA,UNR,12.5,AES ANDRES,18.483136,-69.920054,,,,unmatched,0.0
ESTRELLA DEL MAR 3 T1,GENERACION,69,SEABOARD,18.483596,-69.883192,WEMA2F,ESTRELLA DEL MAR 2,bus_name,fuzzy,1.0
EDITORA PADILLA,UNR,12.5 KV,EGEHAINA,18.4840612,-69.9973612,,,,unmatched,0.0
ESTRELLA DEL MAR 2,GENERACION,138,SEABOARD,18.4843602,-69.8832345,WEMA2F,ESTRELLA DEL MAR 2,bus_name,exact,1.0
ESTRELLA DEL MAR 3 T2,GENERACION,69,SEABOARD,18.484443,-69.88396,WEMA2F,ESTRELLA DEL MAR 2,bus_name,fuzzy,1.0
GRUPO RAMOS SIRENA SAN ISIDRO,UNR,12.5,EGEHAINA,18.48470322,-69.84026381,,,,unmatched,0.333
ANTARES DEL CARIBE,UNR,12.5,EGEHAINA,18.485226,-69.935861,,,,unmatched,0.333
TIMBEQUE 2,RETIRO,138 KV,EDEESTE,18.4854066,-69.8845827,WTIM2E,TIMBEQUE 2,bus_name,exact,1.0
GRUPO ALASKA,UNR,69 KV,EGEHAINA,18.4873856,-69.828132,WGALAF,69 kV GRUPO ALASKA,registry_load_name,fuzzy,0.5
KILOMETRO DIEZ Y MEDIO T1,RETIRO,69 KV,EDESUR,18.487667,-69.980552,WKDMBF,KILOMETRO DIEZ Y MEDIO B,bus_name,fuzzy,1.0
KILOMETRO DIEZ Y MEDIO T2,RETIRO,69 KV,EDESUR,18.487694,-69.980484,WKDMBF,KILOMETRO DIEZ Y MEDIO B,bus_name,fuzzy,1.0
KILOMETRO DIEZ Y MEDIO T3,RETIRO,69 KV,EDESUR,18.487862,-69.980492,WKDMBF,KILOMETRO DIEZ Y MEDIO B,bus_name,fuzzy,1.0
PATRONATO HOSPITAL PLAZA DE LA SALUD,UNR,12.5,EGEHAINA,18.489234,-69.921888,,,,unmatched,0.167
CEDIMAT,UNR,12.5,EDESUR,18.4894907,-69.9234988,,,,unmatched,0.0
TEXTILES TITAN,UNR,69,SEABOARD,18.4894,-69.89,WTTITF,TEXTILES TITÁN,bus_name,exact,1.0
CARREFOUR,UNR,69 KV,EGEHAINA,18.4904167,-69.9781389,WXCARF,TAP CARREFOUR,bus_name,fuzzy,0.5
MARANATHA,GENERACION,69,MARANATHA,18.492177,-69.755294,WMARAF,PARQUE FOTOVOLTAICO MARANATHA FASE I,generator_name,fuzzy,0.5
GRUPO MALLA,UNR,69 KV,EGEITABO,18.4922194,-69.9168975,WGMALF,GRUPO MALLA,bus_name,exact,1.0
PROMOTORA PRADERA VERDE,UNR,12.5,EGEITABO,18.49238764,-69.99940658,,,,unmatched,0.0
QUISQUEYA 2 T3,CENTRAL,230 KV,EGEHAINA,18.492807,-69.349666,WBON3D,QUISQUEYA 1,generator_name,fuzzy,1.0
LA REINA,UNR,12.5,SPOT,18.492914,-69.920235,,,,unmatched,0.0
QUISQUEYA 2 T2,CENTRAL,230 KV,EGEHAINA,18.49295,-69.349729,WBON3D,QUISQUEYA 1,generator_name,fuzzy,1.0
QUISQUEYA 2 T1,CENTRAL,230 KV,EGEHAINA,18.493102,-69.349799,WBON3D,QUISQUEYA 1,generator_name,fuzzy,1.0
ENERGAS 4 T01,GENERACION,138,CESPM,18.49316751,-69.34226512,,,,unmatched,0.25
MAPRICA,UNR,12.5 KV,SPOT,18.4932069,-69.9194493,,,,unmatched,0.0
SPM 2,RETIRO,138 KV,EDEESTE,18.4932377,-69.3433577,WSPM2E,SPM  2,bus_name,exact,1.0
QUISQUEYA 1 T3,CENTRAL,230 KV,PVDC,18.493582,-69.350051,WBON3D,QUISQUEYA 1,generator_name,fuzzy,1.0
QUISQUEYA 1 T2,CENTRAL,230 KV,PVDC,18.493717,-69.350114,WBON3D,QUISQUEYA 1,generator_name,fuzzy,1.0
QUISQUEYA 1 T1,CENTRAL,230 KV,PVDC,18.493853,-69.350203,WBON3D,QUISQUEYA 1,generator_name,fuzzy,1.0
SMURFIT KAPPA,UNR,69 KV,EGEITABO,18.4943965,-69.91245,WSKAPF,SMURFIT KAPPA,bus_name,exact,1.0
CABAYONA,RETIRO,69 KV,EDESUR,18.4947073,-70.0523406,WCBYNF,CABAYONA,bus_name,exact,1.0
CESPM 1,CENTRAL,138 KV,CESPM,18.49492,-69.342212,WCESPK,TER_CESPM 1,bus_name,fuzzy,1.0
CESPM 2,CENTRAL,138 KV,CESPM,18.495103,-69.34175,WCESPK,TER_CESPM 1,bus_name,fuzzy,1.0
CESPM 3,CENTRAL,138 KV,CESPM,18.495223,-69.341289,WCESPK,TER_CESPM 1,bus_name,fuzzy,1.0
DISDO,RETIRO,69,EDESUR,18.4955336,-70.0597436,WDISDF,69 kV DISDO,registry_load_name,fuzzy,0.5
PETROQUIMICA,UNR,12.5 KV,EGEHAINA,18.4964,-69.91024,WGPETF,GRUPO PETROQUÍMICA,bus_name,fuzzy,1.0
POLYPLAS,UNR,12.5 KV,EGEHAINA,18.4969,-69.9099,,,,unmatched,0.0
MERCASID,UNR,69 KV,EGEHAINA,18.4975879,-69.9171762,WMERCF,MERCASID,bus_name,exact,1.0
CODETEL ALAMEDA,UNR,12.5 KV,EDESUR,18.497644,-69.993201,,,,unmatched,0.333
GOMAS Y PLÁSTICOS,UNR,69 KV,EGEITABO,18.4980508,-69.824546,WGPLAF,GOMAS Y PLÁSTICOS,bus_name,exact,1.0
LOS MINA 69 KV,RETIRO,69 KV,EDEESTE,18.498628,-69.868876,WLMINF,LOS MINA 69,bus_name,fuzzy,1.0
COLCHONERIA LA NACIONAL,RETIRO,12.5 KV,EDEESTE,18.4987151,-69.8294387,,,,unmatched,0.2
CIP LA LUISA T1,UNR,138 KV,AES ANDRES,18.4993,-69.553259,WCLUIE,CIP LA LUISA,registry_load_name,fuzzy,1.0
CIP LA LUISA T2,UNR,138 KV,AES ANDRES,18.499303,-69.553122,WCLUIE,CIP LA LUISA,registry_load_name,fuzzy,1.0
ZF SAN ISIDRO,UNR,69 KV,EGEITABO,18.499428,-69.7897775,WZFSIF,ZF SAN ISIDRO 69 KV,bus_name,fuzzy,0.75
TERMOPAC,UNR,12.5 KV,EGEHAINA,18.4994741,-69.9177717,,,,unmatched,0.0
ECOACERO T04,UNR,138,EGEITABO,18.49961,-69.55315,,,,unmatched,0.0
RETIROS LOS MINA 5 y 6,GENERACION,138 KV,DPP,18.4997243,-69.8685432,WLMI5E,LOS MINA 5,bus_name,fuzzy,0.5
ECOACERO T03,UNR,138,EGEITABO,18.499746,-69.55315,,,,unmatched,0.0
LOS MINA 138 T1,RETIRO,138 KV,EDEESTE,18.499785,-69.867567,WLMINE,LOS MINA 138,bus_name,fuzzy,1.0
LOS MINA 5,CENTRAL,138 KV,DPP,18.50003,-69.867617,WLMI5E,LOS MINA 5,bus_name,exact,1.0
LOS MINA 138 T2,RETIRO,138 KV,EDEESTE,18.500039,-69.867996,WLMINE,LOS MINA 138,bus_name,fuzzy,1.0
LOS MINA 6,CENTRAL,138 KV,DPP,18.500298,-69.86817,WLMI6E,LOS MINA 6,bus_name,exact,1.0
LOS MINA 138 kV T03,RETIRO,138,EDEESTE,18.500331,-69.868066,WLMINE,LOS MINA 138,bus_name,fuzzy,1.0
LOS MINA 7,CENTRAL,138 KV,DPP,18.500356,-69.867919,WLMI7E,LOS MINA 7,bus_name,exact,1.0
CAPOTILLO T2,RETIRO,69 KV,EDEESTE,18.501237,-69.902121,WCAPOF,CAPOTILLO,bus_name,fuzzy,1.0
CAPOTILLO T1,RETIRO,69 KV,EDEESTE,18.501292,-69.902155,WCAPOF,CAPOTILLO,bus_name,fuzzy,1.0
ARROYO HONDO T1,RETIRO,69 KV,EDESUR,18.5013182,-69.9452668,WAHOBF,ARROYO HONDO B,bus_name,fuzzy,1.0
CENTRAL BERSAL-CEMEX,CENTRAL,12.5 KV,MONTE RIO LTD,18.502398,-69.339928,WBERSF,BERSAL,bus_name,fuzzy,0.5
CEMEX C01,UNR,12.5 KV,AES ANDRES,18.502455,-69.339922,WCEMEE,CEMEX 138,bus_name,fuzzy,0.5
CEMEX C02,UNR,12.5 KV,AES ANDRES,18.502505,-69.339847,WCEMEE,CEMEX 138,bus_name,fuzzy,0.5
CEMEX C03,UNR,12.5 KV,AES ANDRES,18.502543,-69.33979,WCEMEE,CEMEX 138,bus_name,fuzzy,0.5
BASE AEREA SAN ISIDRO,RETIRO,69 KV,EDEESTE,18.502824,-69.769871,WBASIF,BASE AÉREA SAN ISIDRO,bus_name,exact,1.0
CEMEX T2,UNR,138,AES ANDRES,18.502912,-69.340194,WCEMEE,CEMEX 138,bus_name,fuzzy,0.5
CEMEX,UNR,138 KV,AES ANDRES,18.50301,-69.340263,WCEMEE,CEMEX 138,bus_name,fuzzy,0.5
LA 40 T1,RETIRO,69 KV,EDESUR,18.5032681,-69.9254496,,,,unmatched,0.0
GRUPO RAMOS SIRENA VENEZUELA,UNR,12.5,EGEHAINA,18.5045767,-69.8725395,,,,unmatched,0.25
PLASTIFAR,UNR,69 KV,EGEITABO,18.5051895,-70.0047973,WPLASF,PLASTIFAR,bus_name,exact,1.0
LABORATORIOS ALFA T01,RETIRO,69,EDESUR,18.506095,-69.999153,WLALFF,69 kV LABORATORIOS ALFA,registry_load_name,fuzzy,0.667
LA ISABELA,RETIRO,138 KV,EDESUR,18.507993,-69.91889,WAISAF,ACUEDUCTO LA ISABELA,bus_name,fuzzy,0.5
TEMPLASTISA,RETIRO,69 KV,EDEESTE,18.508814,-69.851699,WTEMPF,TEMPLASTISA,bus_name,exact,1.0
MEGACENTRO,UNR,69 KV,EGEHAINA,18.5089979,-69.8561936,WMEGAF,MEGACENTRO,bus_name,exact,1.0
CATALINA,RETIRO,69 KV,EDEESTE,18.5094599,-69.6289382,WCATAF,CATALINA,bus_name,exact,1.0
JIGUEY 1,CENTRAL,138 KV,EGEHID,18.509997,-70.331067,WJIGBE,JIGUEY 1,generator_name,exact,1.0
JIGUEY 2,CENTRAL,138 KV,EGEHID,18.510006,-70.33087,WJIGUE,JIGUEY 2,generator_name,exact,1.0
INCA LA ISABELA,UNR,69 KV,EGEHAINA,18.5109265,-69.9086499,WIISAF,INCA ISABELA,bus_name,fuzzy,1.0
MULTIFORM RETIRO,RETIRO,12.5 KV,EDEESTE,18.5125833,-69.9068333,WMULTF,MULTIFORM,bus_name,fuzzy,1.0
MULTIFORM-UNR,UNR,69 KV,AES ANDRES,18.51277,-69.9064,WMULTF,MULTIFORM,bus_name,fuzzy,1.0
RAVI CARIBE,UNR,12.5,EGEITABO,18.51323025,-69.90384306,,,,unmatched,0.333
INVIVIENDA T1,RETIRO,69 KV,EDEESTE,18.513366,-69.827052,WINVBF,INVIVIENDA T1,bus_name,exact,1.0
INVIVIENDA T2,RETIRO,69 KV,EDEESTE,18.513423,-69.826901,WINVIF,INVIVIENDA T2,bus_name,exact,1.0
NOVOPLAST,UNR,69 KV,EGEITABO,18.5140779,-70.0087807,WNOVOF,NOVOPLAST,bus_name,exact,1.0
CERVECERÍA NACIONAL DOMINICANA HATO NUEVO,UNR,12.5,"MATRISOL, S.A.S.",18.51573767,-70.07093343,,,,unmatched,0.4
ZF ALCARRIZOS T1,RETIRO,69 KV,EDESUR,18.5175833,-70.0515556,WZFALF,ZF LOS ALCARRIZOS,bus_name,fuzzy,1.0
KM 24,RETIRO,69 KV,EDEESTE,18.518439,-69.732733,,,,unmatched,0.333
LOS TOROS 1,CENTRAL,69 KV,EGEHID,18.5188056,-70.898,WLTORF,LOS TOROS 1,generator_name,exact,1.0
TEMPLASTISA HAINAMOSA,RETIRO,69,EDEESTE,18.52070645,-69.81734641,WTHAIF,69 kV TEMPLASTISA HAINAMOSA,registry_load_name,fuzzy,0.667
GRUPO RAMOS MELLA,UNR,69 KV,EGEHAINA,18.52448,-69.74185,WXGRMF,GRUPO RAMOS MELLA,bus_name,exact,1.0
TINFLEX HATO NUEVO C1,UNR,12.5,EGEHAINA,18.525604,-70.077207,WHNUEF,HATO NUEVO,bus_name,fuzzy,0.667
PARQUE SOLAR EL SOCO,GENERACION,138,"KOROR BUSINESS, S.R.L.",18.526729,-69.289144,WESOCE,PARQUE SOLAR EL SOCO,generator_name,exact,1.0
LABORATORIOS SUED,UNR,12.5,EGEHAINA,18.528215,-69.9964,,,,unmatched,0.25
ZF PERLAV,UNR,12.5,EGEHAINA,18.528559,-69.998296,,,,unmatched,0.333
GRUPO RAMOS CHARLES,UNR,69 KV,EGEHAINA,18.5289444,-69.8388056,WGRCHF,GRUPO RAMOS CHARLES,bus_name,exact,1.0
PARQUE FOTOVOLTAICO COTOPERÍ I,GENERACION,138,COTOPERÍ SOLAR FV,18.531042,-68.872218,WCOTAE,PARQUE FOTOVOLTAICO COTOPERÍ I,generator_name,exact,1.0
TAMARINDO,RETIRO,69 KV,EDEESTE,18.5324689,-69.8174455,WTAMAF,TAMARINDO,bus_name,exact,1.0
HAINAMOSA 138 T1,RETIRO,138 KV,EDEESTE,18.5337121,-69.8199735,WHNS1E,HAINAMOSA 138,bus_name,fuzzy,1.0
HAINAMOSA 138 T2,RETIRO,138 KV,EDEESTE,18.533996,-69.819479,WHNS1E,HAINAMOSA 138,bus_name,fuzzy,1.0
PARQUE FOTOVOLTAICO COTOPERÍ III,GENERACION,138,COTOPERÍ SOLAR FV,18.534423,-68.866124,WCOTBE,PARQUE FOTOVOLTAICO COTOPERÍ III,generator_name,exact,1.0
PARQUE FOTOVOLTAICO COTOPERÍ II,GENERACION,138,COTOPERÍ SOLAR FV,18.536588,-68.871369,WCOTAE,PARQUE FOTOVOLTAICO COTOPERÍ II,generator_name,exact,1.0
KINNOX,UNR,69 KV,EGEHAINA,18.53733,-70.02788,,,,unmatched,0.0
PRODUCTO DIVERSO MT,RETIRO,12.5,EDESUR,18.537507,-70.0277215,,,,unmatched,0.0
SAN JOSE DE OCOA,RETIRO,69 KV,EDESUR,18.5412917,-70.5075955,WSJOCF,SAN JOSÉ DE OCOA,bus_name,exact,1.0
VILLA MELLA T03,RETIRO,138,EDEESTE,18.5434282,-69.9347538,WVMELE,VILLA MELLA,bus_name,fuzzy,1.0
VILLA MELLA,RETIRO,69 KV,EDEESTE,18.5435398,-69.9347038,WVMELE,VILLA MELLA,bus_name,exact,1.0
GRUPO RAMOS VILLA MELLA,UNR,12.5,EGEHAINA,18.5447,-69.89946,WVMELE,VILLA MELLA,bus_name,fuzzy,0.667
SABANA PERDIDA,RETIRO,69 KV,EDEESTE,18.5447631,-69.8652704,WSPERF,SABANA PERDIDA,bus_name,exact,1.0
INVEMA DOMINICANA,UNR,34.5,EDEESTE,18.549778,-69.400417,,,,unmatched,0.2
ACUEDUCTO LA ISABELA,RETIRO,69 KV,EDEESTE,18.551989,-69.986446,WAISAF,ACUEDUCTO LA ISABELA,bus_name,exact,1.0
CORPORACION AVICOLA DEL CARIBE 12.5,UNR,12.5,EGEHAINA,18.5543972,-69.8732224,,,,unmatched,0.2
PARQUE INDUSTRIAL DUARTE,UNR,69,EGEHID,18.5552385,-70.0545906,WPIDUF,BARRA 69 KV PARQUE INDUSTRIAL DUARTE,registry_load_name,fuzzy,0.5
PALAMARA,CENTRAL,69 KV,GPLV,18.5564552,-70.0131061,WPALAF,PALAMARA,bus_name,exact,1.0
PALAMARA RETIRO,RETIRO,69 KV,EDESUR,18.5570656,-70.0137317,WPAL1E,PALAMARA 1,bus_name,fuzzy,1.0
CIUDAD SATELITE,RETIRO,69 KV,EDESUR,18.5572915,-70.0586413,WCSATF,CIUDAD SATÉLITE,bus_name,exact,1.0
INCA KM 22 MT,UNR,12.5 KV,EGEHAINA,18.559438,-70.055659,,,,unmatched,0.25
INCA KM 22,CENTRAL,12.5 KV,MONTE RIO LTD,18.559488,-70.055729,,,,unmatched,0.333
INCA KM 22 T2,UNR,69 KV,EGEHAINA,18.559534,-70.055593,,,,unmatched,0.333
INCA KM 22 T1,UNR,69 KV,EGEHAINA,18.559581,-70.05564,,,,unmatched,0.333
CONSUELO,RETIRO,69 KV,EDEESTE,18.560366,-69.2875804,WCNSLF,CONSUELO,bus_name,exact,1.0
PALMARITO,RETIRO,12.5 KV,EDEESTE,18.561659,-70.003852,,,,unmatched,0.0
CORVI PVC,UNR,69 KV,CESPM,18.56175,-70.0634167,WCPVCF,CORVI PVC,bus_name,exact,1.0
GUERRA,RETIRO,69 KV,EDEESTE,18.563649,-69.698653,WGUERF,GUERRA,bus_name,exact,1.0
BATEY LECHUGA,RETIRO,12.5 KV,EDEESTE,18.5687732,-69.059043,WBLECF,BATEY LECHUGA,bus_name,exact,1.0
PARQUE FOTOVOLTAICO MIRASOL,GENERACION,138,"AES DOMINICANA RENEWABLE ENERGY, S.R.L.",18.569676,-69.716713,WMIR1E,PARQUE FOTOVOLTAICO MIRASOL,generator_name,exact,1.0
LA CUABA,RETIRO,12.5 KV,EDEESTE,18.5705858,-70.0388359,,,,unmatched,0.0
CAMPAMENTO 16 DE AGOSTO,RETIRO,69 KV,EDESUR,18.571,-70.0819167,WCDAGF,CAMPAMENTO 16 DE AGO,bus_name,fuzzy,0.5
ACUEDUCTO ORIENTAL,RETIRO,69 KV,EDEESTE,18.5712776,-69.7851639,WAORIF,ACUEDUCTO ORIENTAL,bus_name,exact,1.0
PARQUE CARIBBEAN GLASS,UNR,69,LEAR,18.5715568,-70.0969177,WPCGLF,BARRA PARQUE CARIBBEAN GLASS,registry_load_name,fuzzy,0.667
AEROPUERTO HIGUERO,RETIRO,69 KV,EDEESTE,18.5744205,-69.9781267,WXAHGF,TAP AEROPUERTO HIGUERO,bus_name,fuzzy,0.667
CIRCUNVALACION,RETIRO,12.5 KV,EDEESTE,18.57676,-70.06207,,,,unmatched,0.0
DAJAO T1,RETIRO,69 KV,EDEESTE,18.579965,-69.854172,WDAJAF,DAJAO,bus_name,fuzzy,1.0
DAJAO T2,RETIRO,69 KV,EDEESTE,18.580236,-69.854357,WDAJAF,DAJAO,bus_name,fuzzy,1.0
DAJAO T03,RETIRO,138,EDEESTE,18.580316,-69.85449,WDAJAF,DAJAO,bus_name,fuzzy,1.0
GUAYMATE,RETIRO,4.6,EDEESTE,18.5869875,-68.9759584,WGUAYF,GUAYMATE,bus_name,exact,1.0
HIGUEY 69 KV,RETIRO,69 KV,EDEESTE,18.5882523,-68.7190345,WHIGUF,HIGUEY 69,bus_name,fuzzy,1.0
PARQUE LOGISTICO CCN,UNR,69,EGEHAINA,18.58946833,-70.02953701,WPLCCF,69 kV PARQUE LOGISTICO CCN,registry_load_name,fuzzy,0.667
EL BELICO,RETIRO,12.5 KV,EDEESTE,18.590188,-70.07972,,,,unmatched,0.0
MAGUEYAL 1,CENTRAL,69 KV,EGEHID,18.5917077,-70.9918574,WMAGUF,MAGUEYAL 1,generator_name,exact,1.0
ACUEDUCTO BRUJUELA,RETIRO,69 KV,EDEESTE,18.5949459,-69.6152725,WABRUF,ACUEDUCTO BRUJUELA,bus_name,exact,1.0
GRUPO RAMOS SIRENA HIGUEY,UNR,12.5,EGEHAINA,18.6013656,-68.7174094,,,,unmatched,0.25
PARQUE FOTOVOLTAICO LA VICTORIA,GENERACION,138,DESARROLLOS FOTOVOLTAICOS DSS,18.6109736,-69.853456,WLVICE,PARQUE FOTOVOLTAICO LA VICTORIA,generator_name,exact,1.0
ZF GILDAN,UNR,69 KV,AES ANDRES,18.6148171,-69.7103983,WZFGIF,ZF GILDAN,bus_name,exact,1.0
HIGUEY 138 KV,RETIRO,138 KV,EDEESTE,18.624796,-68.735631,WHGUEE,HIGUEY 138,bus_name,fuzzy,1.0
HIGUEY 138 KV T2,RETIRO,138 KV,EDEESTE,18.624858,-68.735574,WHGUEE,HIGUEY 138,bus_name,fuzzy,1.0
HIGUEY T03,RETIRO,138,EDEESTE,18.624948,-68.735818,WHGUEE,HIGUEY 138,bus_name,fuzzy,0.5
PARQUE FOTOVOLTAICO MARTÍ,GENERACION,69,TROPIGAS DOMINICANA,18.625744,-69.919736,WMARTF,PARQUE FOTOVOLTAICO MARTÍ,generator_name,exact,1.0
LAS PARRAS T01,RETIRO,69,EDEESTE,18.63233,-69.63341,WLPARF,69 kV LAS PARRAS,registry_load_name,fuzzy,0.5
SIERRA PRIETA,RETIRO,69,EDEESTE,18.6376951,-69.9344973,WSPRIF,BARRA SIERRA PRIETA,registry_load_name,fuzzy,0.667
RANCHO PELIGRO,RETIRO,12.5 KV,EDEESTE,18.6405323,-68.958692,WRPELF,RANCHO PELIGRO,bus_name,exact,1.0
PARQUE FOTOVOLTAICO MATA DE PALMA,GENERACION,69,WCG,18.648225,-69.589606,WMPALF,PARQUE FOTOVOLTAICO MATA DE PALMA,generator_name,exact,1.0
PARQUE FOTOVOLTAICO WASHINGTON CAPITAL 2,GENERACION,138,WCGF SOLAR II,18.648989,-69.596463,WMP2AE,PARQUE FOTOVOLTAICO WASHINGTON CAPITAL 2,generator_name,exact,1.0
VALLEJUELO,RETIRO,69,EDESUR,18.653573,-71.33237272,WVALLF,VALLEJUELO,registry_load_name,exact,1.0
PARQUE FOTOVOLTAICO WASHINGTON CAPITAL 3,GENERACION,138,ENERGIA RENOVABLE BAS,18.657299,-69.607539,WMP2BE,PARQUE FOTOVOLTAICO WASHINGTON CAPITAL 3,generator_name,exact,1.0
VILLARPANDO,RETIRO,69 KV,EDESUR,18.6634525,-71.0393689,WVILLF,VILLARPANDO,bus_name,exact,1.0
PARQUE FOTOVOLTAICO VILLARPANDO T02,GENERACION,138,NATURAL WORLD ENERGY CORPORATION,18.672763,-71.047599,WVILLF,VILLARPANDO,bus_name,fuzzy,1.0
PARQUE FOTOVOLTAICO VILLARPANDO T01,GENERACION,138,NATURAL WORLD ENERGY CORPORATION,18.672924,-71.047669,WVILLF,VILLARPANDO,bus_name,fuzzy,1.0
VILLA ALTAGRACIA,RETIRO,69 KV,EDESUR,18.6861338,-70.1787074,WVALTF,VILLA ALTAGRACIA,bus_name,exact,1.0
ZF VILLA ALTAGRACIA,RETIRO,69 KV,EDESUR,18.6886482,-70.1811974,WZFVAF,ZF VILLA ALTAGRACIA,bus_name,exact,1.0
SABANA YEGUA 1,CENTRAL,69 KV,EGEHID,18.7069294,-71.0505949,WSYEGF,SABANA YEGUA,bus_name,fuzzy,1.0
CITRICOS NACIONALES T1,UNR,69 KV,EGEHAINA,18.708985,-70.213533,WCNACF,CÍTRICOS NACIONALES,bus_name,fuzzy,1.0
CITRICOS NACIONALES T2,RETIRO,69 KV,EDESUR,18.70898,-70.21353,WCNACF,CÍTRICOS NACIONALES,bus_name,fuzzy,1.0
RANCHO ARRIBA T1,RETIRO,69,EDESUR,18.72439,-70.412846,WRARRF,69 kV RANCHO ARRIBA,registry_load_name,fuzzy,0.667
GUANITO 2,RETIRO,69 KV,EDESUR,18.725686,-71.0906458,WGUA2F,GUANITO 2,bus_name,exact,1.0
HATO MAYOR,RETIRO,69 KV,EDEESTE,18.760818,-69.250447,WHMAYF,HATO MAYOR,bus_name,exact,1.0
EL SEIBO,RETIRO,138 KV,EDEESTE,18.7671944,-69.0500556,WESEIE,EL SEIBO,bus_name,exact,1.0
YAMASA,RETIRO,69 KV,EDEESTE,18.7722829,-70.0107538,WYAMAF,YAMASA,bus_name,exact,1.0
LA CUMBRE,RETIRO,69 KV,EDESUR,18.78677,-70.263115,WLCBOF,LA CUMBRE BONAO,bus_name,fuzzy,0.5
ANIANA VARGAS 1,CENTRAL,12.5 KV,EGEHID,18.7944611,-70.35457,WTTA1K,ANIANA VARGAS 1,generator_name,exact,1.0
SAN JUAN PUEBLO,RETIRO,69 KV,EDESUR,18.7993333,-71.2210278,WSJU2F,SAN JUAN 2,bus_name,fuzzy,0.667
MONTE PLATA T1,RETIRO,69 KV,EDEESTE,18.8159708,-69.7905658,WMPLAF,MONTE PLATA,bus_name,fuzzy,1.0
MONTE PLATA T2,RETIRO,69 KV,EDEESTE,18.816057,-69.790491,WMPLAF,MONTE PLATA,bus_name,fuzzy,1.0
MONTE PLATA SOLAR,CENTRAL,69 KV,ELECTRONIC,18.81724,-69.79046,WMPSOE,MONTE PLATA SOLAR,bus_name,exact,1.0
LAS MATAS DE FARFAN,RETIRO,69 KV,EDESUR,18.8743752,-71.5125688,WLMFAF,LAS MATAS DE FARFÁN,bus_name,exact,1.0
ELIAS PIÑA,RETIRO,69 KV,EDESUR,18.8755923,-71.6785342,WEPINF,ELÍAS PIÑA,bus_name,exact,1.0
RIO BLANCO 2,CENTRAL,69 KV,EGEHID,18.880378,-70.495881,WRBL2K,RÍO BLANCO 2,bus_name,exact,1.0
RIO BLANCO 1,CENTRAL,69 KV,EGEHID,18.880432,-70.495948,WRBL1K,RÍO BLANCO 1,bus_name,exact,1.0
CORMIDOM T2,UNR,69,EGEHID,18.884135,-70.238314,WCORMF,CORMIDOM,bus_name,fuzzy,1.0
CORMIDOM,UNR,69 KV,EGEHID,18.884218,-70.238285,WCORMF,CORMIDOM,bus_name,exact,1.0
PINALITO 2,CENTRAL,69 KV,EGEHID,18.88473,-70.566732,WPINAF,PINALITO 2,generator_name,exact,1.0
PINALITO 1,CENTRAL,69 KV,EGEHID,18.884827,-70.566674,WPINAF,PINALITO 1,generator_name,exact,1.0
DOMINGO RODRIGUEZ 1,CENTRAL,69 KV,EGEHID,18.8965428,-71.3460617,WDRODF,DOMINGO RODRIGUEZ 1,generator_name,exact,1.0
EL SALTO,CENTRAL,4.16 KV,EGEHID,18.901098,-70.759404,WCONSF,EL SALTO,generator_name,exact,1.0
BONAO,RETIRO,69 KV,EDENORTE,18.9085301,-70.3701579,WBONAF,BONAO,bus_name,exact,1.0
BONAO PER,RETIRO,69 KV,EDENORTE,18.9086389,-70.3703056,WBOPEF,BONAO PER,bus_name,exact,1.0
MAIMON,RETIRO,69 KV,EDENORTE,18.909019,-70.276043,WMAIMF,MAIMÓN,bus_name,exact,1.0
BONAO 3 345,GENERACION,138,PVDC,18.9096946,-70.3657865,WBONAF,BONAO,bus_name,fuzzy,0.5
BONAO 3 138 kV,GENERACION,138,PVDC,18.9103651,-70.3663102,WBON2E,BONAO 2 138,bus_name,fuzzy,1.0
ZF DOS RIOS,UNR,69 KV,AES ANDRES,18.9106534,-70.3756156,WZFDRF,DOS RIOS,bus_name,fuzzy,0.667
CONSTANZA,RETIRO,69 KV,EDENORTE,18.9110556,-70.7159167,WCONSF,CONSTANZA,bus_name,exact,1.0
PALOMINO 1,CENTRAL,138 KV,EGEHID,18.922346,-71.009417,WPLM1E,PALOMINO 1,bus_name,exact,1.0
PALOMINO 2,CENTRAL,138 KV,EGEHID,18.922501,-71.009273,WPLM1E,PALOMINO 2,generator_name,exact,1.0
BONAO PER T02,RETIRO,69,EDENORTE,18.925901,-70.406045,WBOPEF,BONAO PER,bus_name,fuzzy,1.0
FALCON 1,UNR,69 KV,SPOT,18.928725,-70.357494,WTFA1K,TERMINAL FALCON 1,bus_name,fuzzy,1.0
FALCON 2,UNR,138 KV,SPOT,18.928818,-70.357368,WTFA1K,TERMINAL FALCON 1,bus_name,fuzzy,1.0
PVDC L2,RETIRO,230 KV,PVDC,18.934639,-70.171754,,,,unmatched,0.0
PVDC L1,RETIRO,230 KV,PVDC,18.9347865,-70.1717507,,,,unmatched,0.0
TIREO,RETIRO,69 KV,EDENORTE,18.9379167,-70.6874722,WTIREF,TIREO,bus_name,exact,1.0
SABANETA,CENTRAL,69 KV,EGEHID,18.9804444,-71.2908056,WSABAF,SABANETA,bus_name,exact,1.0
SABANETA RETIRO,RETIRO,69 KV,EDESUR,18.980491,-71.290819,WSABAF,SABANETA,bus_name,fuzzy,1.0
LOS RIOS,RETIRO,69 KV,EDENORTE,18.981562,-70.628188,WZFDRF,DOS RIOS,bus_name,fuzzy,0.5
CENTRAL HATILLO 2,GENERACION,69,EGEHID,19.036857,-70.192701,WHATIF,HATILLO,bus_name,fuzzy,1.0
HATILLO,CENTRAL,69 KV,EGEHID,19.0368889,-70.1926667,WHATIF,HATILLO,bus_name,exact,1.0
SABANA DE LA MAR,RETIRO,69 KV,EDEESTE,19.0459541,-69.3886027,WSMARF,SABANA DE LA MAR,bus_name,exact,1.0
COTUI,RETIRO,69 KV,EDENORTE,19.061249,-70.15719,WCOTUF,COTUÍ,bus_name,exact,1.0
PASO BAJITO,RETIRO,69 KV,EDENORTE,19.0661389,-70.6101389,WPBAJF,PASO BAJITO,bus_name,exact,1.0
JIMENOA,CENTRAL,69 KV,EGEHID,19.0985556,-70.5971944,WJIMEF,JIMENOA,bus_name,exact,1.0
JARABACOA,RETIRO,12.5 KV,EDENORTE,19.1033611,-70.5953611,WJARAF,JARABACOA,bus_name,exact,1.0
RINCON,CENTRAL,69 KV,EGEHID,19.1062532,-70.4063311,WRINCF,RINCÓN,bus_name,exact,1.0
RINCON 69 KV,RETIRO,69 KV,EDENORTE,19.10632,-70.40629,WRINCF,RINCÓN,bus_name,fuzzy,0.5
PASTAS ALIMENTICIAS,UNR,12.5,EGEHID,19.115558,-70.189776,,,,unmatched,0.333
TAVERAS,RETIRO,138 KV,EDENORTE,19.1246,-70.30844,,,,unmatched,0.0
FANTINO,RETIRO,69,EDENORTE,19.124603,-70.308447,WFANTF,FANTINO,bus_name,exact,1.0
HOSPITAL TRAUMATOLOGICO,RETIRO,69 KV,EDENORTE,19.141497,-70.467288,,,,unmatched,0.25
INDAL,UNR,69 KV,EGEHAINA,19.1527833,-70.4697087,WIDALF,69 kV INDAL,registry_load_name,fuzzy,0.5
PIMENTEL,RETIRO,69 KV,EDENORTE,19.1914005,-70.1085371,WPIMEE,PIMENTEL,bus_name,exact,1.0
ABANICO PER,RETIRO,69 KV,EDENORTE,19.1917636,-69.9446532,WAPERF,ABANICO PER,bus_name,exact,1.0
PIMENTEL T3,CENTRAL,69 KV,LAESA LTD,19.20341,-70.092381,WPIMEE,PIMENTEL,bus_name,fuzzy,1.0
PIMENTEL IV,GENERACION,138,LAESA LTD,19.203415,-70.092257,WPIMEE,PIMENTEL,bus_name,fuzzy,0.5
PIMENTEL T2,CENTRAL,69 KV,LAESA LTD,19.203422,-70.092495,WPIMEE,PIMENTEL,bus_name,fuzzy,1.0
PIMENTEL T1,CENTRAL,69 KV,LAESA LTD,19.203428,-70.092594,WPIMEE,PIMENTEL,bus_name,fuzzy,1.0
CENOVI,RETIRO,69 KV,EDENORTE,19.2057,-70.352,WCENOF,CENOVÍ,bus_name,exact,1.0
SAMANA,RETIRO,138 KV,EDENORTE,19.209522,-69.3243894,WSAMAE,SAMANA 138KV,bus_name,fuzzy,0.5
LA VEGA PER,RETIRO,69 KV,EDENORTE,19.2202309,-70.5144823,WLVPEF,LA VEGA PER,bus_name,exact,1.0
LA VEGA T2,RETIRO,69 KV,EDENORTE,19.2239633,-70.5351981,WLVEGF,LA VEGA,bus_name,fuzzy,1.0
FONT GAMUNDI,UNR,12.5,EDENORTE,19.226726,-70.509312,,,,unmatched,0.0
CERVECERIA VEGANA,RETIRO,69 KV,EDENORTE,19.2308333,-70.5408056,WCVEGF,CERVECERÍA VEGANA,bus_name,exact,1.0
SANCHEZ,RETIRO,138 KV,EDENORTE,19.234166,-69.618972,WSANCE,SÁNCHEZ 138,bus_name,fuzzy,0.5
INDUVECA,UNR,69 KV,EGEHAINA,19.2358804,-70.5348679,WXINDF,TAP INDUVECA,bus_name,fuzzy,0.5
AGREGADOS SANTA BARBARA,UNR,12.5,EGEHAINA,19.2444607,-69.6609763,,,,unmatched,0.0
ACUEDUCTO HERMANAS MIRABAL,RETIRO,69 KV,EDENORTE,19.244777,-70.4,WXAHMF,TAP ACUEDUCTO HERMANAS MIRABAL,bus_name,fuzzy,0.75
ZF LA VEGA,RETIRO,69 KV,EDENORTE,19.246554,-70.556536,WZFVEF,ZF LA VEGA 69 KV,bus_name,fuzzy,0.667
DIESEL LA VEGA T2,CENTRAL,69 KV,GPLV,19.24694,-70.550648,WLVEGF,LA VEGA,bus_name,fuzzy,0.5
DIESEL LA VEGA T1,CENTRAL,69 KV,GPLV,19.2469722,-70.5508056,WLVEGF,LA VEGA,bus_name,fuzzy,0.5
ZF INDUSTRIAL LA VEGA,UNR,12.5 KV,AES ANDRES,19.2488889,-70.5552222,WZFISF,ZF INDUSTRIAL SANTIAGO,bus_name,fuzzy,0.5
NESTLE,UNR,69,EGEITABO,19.2643847,-70.2138852,,,,unmatched,0.0
GRUPO RAMOS SFM,UNR,69 KV,EDENORTE,19.2768194,-70.2403851,WGRSFF,GRUPO RAMOS SFM,bus_name,exact,1.0
BAIGUAQUE 1,CENTRAL,12.5 KV,EGEHID,19.2818,-70.7771778,WTAVBE,BAIGUAQUE 1,generator_name,exact,1.0
EL CHIVO T2,RETIRO,69,EDENORTE,19.285246,-70.255853,WECHIF,EL CHIVO,bus_name,fuzzy,1.0
EL CHIVO,RETIRO,69 KV,EDENORTE,19.28531,-70.25585,WECHIF,EL CHIVO,bus_name,exact,1.0
LAS TERRENAS,RETIRO,34.5 KV,LFLT,19.2950707,-69.5500767,,,,unmatched,0.0
PROGRESO DEL LIMON,RETIRO,12.5,PROGRESO DEL LIMÓN,19.3179629,-69.4836017,,,,unmatched,0.0
TAVERA 2,CENTRAL,138 KV,EGEHID,19.324637,-70.736846,WTAVBE,TAVERA 2,generator_name,exact,1.0
TAVERA 1,CENTRAL,138 KV,EGEHID,19.324683,-70.736959,WTAVBE,TAVERA 1,generator_name,exact,1.0
LA PENDA 69,RETIRO,69,EDENORTE,19.3315092,-70.6040372,,,,unmatched,0.333
SAN JOSE DE LA MATAS,RETIRO,69 KV,EDENORTE,19.338775,-70.902192,WSJMAF,SAN JOSÉ DE LA MATAS,bus_name,exact,1.0
SALCEDO,RETIRO,69 KV,EDENORTE,19.3499553,-70.4227335,WSALCE,SALCEDO,bus_name,exact,1.0
NAGUA,RETIRO,69 KV,EDENORTE,19.363111,-69.851,WNAGUF,NAGUA,bus_name,exact,1.0
LOPEZ ANGOSTURA,CENTRAL,138 KV,EGEHID,19.3684989,-70.7146046,WLANGE,LÓPEZ ANGOSTURA,bus_name,exact,1.0
MOCA T1,RETIRO,69 KV,EDENORTE,19.3838611,-70.5367222,WMOCAF,MOCA,bus_name,fuzzy,1.0
MOCA NUEVA,RETIRO,138 KV,EDENORTE,19.3855278,-70.5320833,WMOCAF,MOCA,bus_name,fuzzy,0.5
CEMENTO CIBAO,UNR,69 KV,EGEITABO,19.388172,-70.681519,,,,unmatched,0.333
CARIBBEAN INDUSTRIAL PARK,UNR,69 KV,AES ANDRES,19.4074444,-70.664,WCINDF,CARIBBEAN INDUSTRIAL,bus_name,fuzzy,0.667
TROQUELADO DOMINICANO,UNR,69,EGEITABO,19.413252,-70.647859,,,,unmatched,0.333
LA FABRIL,UNR,12.5 KV,EGEITABO,19.414059,-70.649145,,,,unmatched,0.0
CANABACOA,RETIRO,138 KV,EDENORTE,19.415749,-70.643924,WCANAE,CANABACOA 138,bus_name,fuzzy,0.5
MONCION 2,CENTRAL,138 KV,EGEHID,19.426396,-71.090163,WMONCE,MONCION 2,generator_name,exact,1.0
MONCION 1,CENTRAL,12.5 KV,EDENORTE,19.4264701,-71.090096,WMONCE,MONCION 1,generator_name,exact,1.0
ROSA JULIA DE LA CRUZ,CENTRAL,12.5 KV,EGEHID,19.434888,-70.085881,WNAGUF,ROSA JULIA DE LA CRUZ,generator_name,exact,1.0
HOSPITAL METRO SANTIAGO,UNR,69 KV,EGEITABO,19.4357976,-70.6601478,WHMSAF,HOSPITAL METROPOLITANO SANTIAGO,bus_name,fuzzy,0.5
PUCMM-SANTIAGO C2,UNR,12.5 KV,EGEITABO,19.439244,-70.682828,,,,unmatched,0.333
PUCMM-SANTIAGO C1,UNR,12.5 KV,EGEITABO,19.439397,-70.682783,,,,unmatched,0.333
PARQUE FOTOVOLTAICO SAJOMA,GENERACION,138,EGEHAINA,19.440988,-70.879534,WSAJ1E,PARQUE FOTOVOLTAICO SAJOMA,generator_name,exact,1.0
PIMCO,RETIRO,69 KV,EDENORTE,19.442719,-70.737082,WPIMCF,PIMCO,bus_name,exact,1.0
NIBAJE T2,RETIRO,138 KV,EDENORTE,19.443272,-70.703078,WNIBAE,NIBAJE 138,bus_name,fuzzy,0.5
NIBAJE T1,RETIRO,138 KV,EDENORTE,19.44328,-70.703174,WNIBAE,NIBAJE 138,bus_name,fuzzy,0.5
MOLINOS VALLE DEL CIBAO,UNR,69 KV,EGEITABO,19.4455833,-70.6385278,WMVCIF,MOLINOS VALLE CIBAO,bus_name,fuzzy,1.0
ZF INDUSTRIAL SANTIAGO BT,UNR,138,EDESUR,19.446426,-70.640623,WZFISF,ZF INDUSTRIAL SANTIAGO,bus_name,fuzzy,0.75
ACERO CIBAO,RETIRO,69 KV,EDENORTE,19.4509,-70.7442,WACIBF,ACERO CIBAO,bus_name,exact,1.0
PASTA PRINCESA,RETIRO,69 KV,EDENORTE,19.453239,-70.658352,,,,unmatched,0.333
VILLA OLGA,RETIRO,69 KV,EDENORTE,19.4542778,-70.6792,WVOLGF,VILLA OLGA,bus_name,exact,1.0
PLAZA SANTIAGO CENTER,UNR,69,EGEITABO,19.45608251,-70.68604809,WPSCEF,69 kV PLAZA SANTIAGO CENTER,registry_load_name,fuzzy,0.75
FERRETERIA OCHOA,RETIRO,69 KV,EDENORTE,19.4584444,-70.71113,WFOCHF,FERRETERÍA OCHOA,bus_name,exact,1.0
UNION MEDICA,RETIRO,69 KV,EDENORTE,19.4590556,-70.6796389,WUMEDF,UNION MEDICA,bus_name,exact,1.0
E LEON JIMENEZ,RETIRO,69 KV,EDENORTE,19.4623889,-70.67,WELJIF,E LEÓN JIMÉNEZ,bus_name,exact,1.0
DON PEDRO,RETIRO,69 KV,EDENORTE,19.4649167,-70.6193056,WDPEDF,DON PEDRO,bus_name,exact,1.0
CONTRA EMBALSE MONCION 1,CENTRAL,12.5 KV,EGEHID,19.4675953,-71.0821521,WTCEMK,CONTRA EMBALSE MONCION 1,generator_name,exact,1.0
ARTICULOS DE PIEL LOS FAVORITOS,UNR,69 KV,EGEITABO,19.4699,-70.71447,WAPFAF,ARTÍCULOS PIEL FAVORITOS,bus_name,fuzzy,1.0
HOSPITAL GENERAL LAS COLINAS,UNR,12.5,SPOT,19.472363,-70.712739,,,,unmatched,0.2
LA GALLERA T1,RETIRO,138 KV,EDENORTE,19.472968,-70.695142,WLGALE,LA GALLERA,bus_name,fuzzy,1.0
LA GALLERA T2,RETIRO,138 KV,EDENORTE,19.473059,-70.695107,WLGALE,LA GALLERA,bus_name,fuzzy,1.0
ZF SANTIAGO T2,RETIRO,138,EDENORTE,19.476435,-70.732606,WZFISF,ZF INDUSTRIAL SANTIAGO,bus_name,fuzzy,0.667
ZF SANTIAGO T1,RETIRO,138,EDENORTE,19.476466,-70.732517,WZFISF,ZF INDUSTRIAL SANTIAGO,bus_name,fuzzy,0.667
SANTIAGO RODRIGUEZ 138 KV,RETIRO,138 KV,EDENORTE,19.4804,-71.33094,WSRODE,SANTIAGO RODRÍGUEZ,bus_name,fuzzy,0.667
CORPORACION ZF SANTIAGO T1,UNR,69,EDESUR,19.480476,-70.726683,WZFISF,ZF INDUSTRIAL SANTIAGO,bus_name,fuzzy,0.5
ENVASES ANTILLANOS,UNR,69 KV,EGEITABO,19.4845857,-70.7250718,WXEANF,ENVASES ANTILLANOS,bus_name,exact,1.0
ZF DE GURABO,UNR,69 KV,AES ANDRES,19.4888611,-70.6574722,WZFGUF,ZF GURABO,bus_name,fuzzy,1.0
BALTIMORE DOMINICANA,RETIRO,69 KV,EDENORTE,19.4889739,-70.7136178,,,,unmatched,0.2
PARQUE FOTOVOLTAICO PAYITA 1,GENERACION,138,LCV ECOENER SOLARES DOMINICANA,19.49571,-69.953915,WPAYBE,PARQUE FOTOVOLTAICO PAYITA 1,generator_name,exact,1.0
PAYITA,RETIRO,69 KV,EDENORTE,19.5065556,-69.9427222,WPAYIF,PAYITA,bus_name,exact,1.0
ZF PISANO,UNR,69 KV,AES ANDRES,19.5113648,-70.7590943,WTZFPF,TER ZF PISANO VIRTUAL,bus_name,fuzzy,1.0
DAJABON,RETIRO,138 KV,EDENORTE,19.5167518,-71.6709778,WTDAJK,TERMINAL DAJABÓN,bus_name,fuzzy,1.0
PARQUE FOTOVOLTAICO MATRISOL,GENERACION,138,"MATRISOL, S.A.S.",19.51944,-69.993104,WMAT1E,PARQUE FOTOVOLTAICO MATRISOL,generator_name,exact,1.0
QUINIGUA,RETIRO,69 KV,EDENORTE,19.5271818,-70.7740548,WQUINF,QUINIGUA,bus_name,exact,1.0
ACUEDUCTO QUINIGUA,RETIRO,69 KV,EDENORTE,19.527209,-70.773881,WAQUIF,ACUEDUCTO QUINIGUA,bus_name,exact,1.0
FERRETERIA OCHOA - DIVISION LAS CHARCAS,UNR,12.5 KV,EGEITABO,19.5599,-70.8198,WFOCHF,FERRETERÍA OCHOA,bus_name,fuzzy,0.5
PORTELA PASTA LINDA,RETIRO,69 KV,EDENORTE,19.5610653,-70.8786202,WPPLIF,PORTELA PASTA LINDA,bus_name,exact,1.0
FERRETERIA OCHOA - DIVISION LAS LAVAS,UNR,69 KV,EGEITABO,19.5625529,-70.821122,WFOLAF,FERRETERÍA OCHOA LAS LAVAS,bus_name,fuzzy,0.75
VALVERDE MAO,RETIRO,138 KV,EDENORTE,19.5628579,-71.103096,WVMAOE,VALVERDE MAO,bus_name,exact,1.0
ARROZ BISONO AT T1,UNR,69 KV,EGEHAINA,19.5646325,-70.8853952,WABISF,ARROZ BISONO,bus_name,fuzzy,1.0
NAVARRETE PUEBLO,RETIRO,69 KV,EDENORTE,19.5671714,-70.8728251,WNAV2E,NAVARRETE 2,bus_name,fuzzy,0.5
PARQUE FOTOVOLTAICO ESPERANZA 2,GENERACION,138,EGEHAINA,19.577991,-70.959815,WESP1E,PARQUE EÓLICO ESPERANZA,generator_name,fuzzy,1.0
ESPERANZA,GENERACION,138,EGEHAINA,19.578416,-70.959824,WESP1E,PARQUE EÓLICO ESPERANZA,generator_name,fuzzy,1.0
PARQUE EÓLICO ESPERANZA,GENERACION,138,EGEHAINA,19.583609,-70.96278,WESP1E,PARQUE EÓLICO ESPERANZA,generator_name,exact,1.0
PEDRO GARCIA,RETIRO,69 KV,EDENORTE,19.5896139,-70.6319167,WPGARF,PEDRO GARCIA,bus_name,exact,1.0
BRAZO DERECHO,CENTRAL,69 KV,EGEHID,19.5918722,-70.9102083,WBDERF,BRAZO DERECHO,bus_name,exact,1.0
ZF ESPERANZA,UNR,69 KV,AES ANDRES,19.5965348,-70.9791015,WZFESF,ZF ESPERANZA,bus_name,exact,1.0
CRUCE ESPERANZA T1,RETIRO,69 KV,EDENORTE,19.6070824,-70.9782943,WCESPF,CRUCE DE ESPERANZA,bus_name,fuzzy,1.0
RIO SAN JUAN 138,RETIRO,138,EDENORTE,19.6190833,-70.0861667,WRSJUE,RIO SAN JUAN 138 kV,registry_load_name,fuzzy,1.0
ACUEDUCTO INAPA SOSUA,RETIRO,69 KV,EDENORTE,19.6552778,-70.5064444,WAISOF,ACUEDUCTO INAPA SOSUA,bus_name,exact,1.0
MANZANILLO POWER LAND TG T01,GENERACION,345,ENERGíA 2000,19.675459,-71.700417,WMPL1D,MANZANILLO POWER LAND CICLO SIMPLE,generator_name,fuzzy,0.5
MANZANILLO POWER LAND TV T01,GENERACION,345,ENERGíA 2000,19.676026,-71.700514,WMPL1D,MANZANILLO POWER LAND CICLO SIMPLE,generator_name,fuzzy,0.5
SABANETA YASICA,RETIRO,69 KV,EDENORTE,19.677577,-70.372856,WSYASF,SABANETA DE YASICA,bus_name,fuzzy,1.0
PARQUE EOLICO AGUA CLARA,GENERACION,138,AGUA CLARA,19.6939792,-71.220996,WACLAE,PARQUE EÓLICO AGUA CLARA,generator_name,exact,1.0
PARQUE FOTOVOLTAICO MONTECRISTI SOLAR T2,GENERACION,138,MONTECRISTI SOLAR,19.710617,-71.380991,WMONTE,MONTECRISTI,bus_name,fuzzy,1.0
PARQUE FOTOVOLTAICO MONTECRISTI SOLAR T1,GENERACION,138,MONTECRISTI SOLAR,19.710669,-71.381143,WMONTE,MONTECRISTI,bus_name,fuzzy,1.0
HISPANIOLA FRESH FRUIT COMPANY,UNR,12.5,SPOT,19.7358639,-71.4195837,,,,unmatched,0.0
IMBERT,RETIRO,69 KV,EDENORTE,19.74738,-70.84076,WIMBEF,IMBERT,bus_name,exact,1.0
CABARETE,RETIRO,69 KV,EDENORTE,19.7501111,-70.4152,WCABAF,CABARETE,bus_name,exact,1.0
AERODOM PUERTO PLATA,UNR,12.5 KV,EGEHAINA,19.75167,-70.56362,WPP22E,PUERTO PLATA 2 138,bus_name,fuzzy,0.5
AEREOPUERTO DE PUERTO PLATA,RETIRO,69 KV,EDENORTE,19.7516776,-70.5636221,WPP22E,PUERTO PLATA 2 138,bus_name,fuzzy,0.5
SOSUA,RETIRO,69 KV,EDENORTE,19.7638889,-70.5121667,WSOSUF,SOSUA,bus_name,exact,1.0
PLAYA DORADA,RETIRO,69 KV,EDENORTE,19.7661389,-70.6519722,WPDORF,PLAYA DORADA,bus_name,exact,1.0
PUERTO PLATA DE ELECTRICIDAD,RETIRO,69 KV,EDENORTE,19.7677862,-70.6528398,WXPPEF,TAP PUERTO PLATA ELECTRICIDAD,bus_name,fuzzy,0.75
PARQUE EOLICO GUANILLO,GENERACION,138,PECASA,19.795726,-71.315742,WGNLLE,PARQUE EÓLICO GUANILLO,generator_name,exact,1.0
PUERTO PLATA,RETIRO,69 KV,EDENORTE,19.795767,-70.720118,WPP22E,PUERTO PLATA 2 138,bus_name,fuzzy,0.667
PUERTO PLATA 2 138,RETIRO,138,EDENORTE,19.795817,-70.719931,WPP22E,PUERTO PLATA 2 138,bus_name,exact,1.0
OCEAN WORLD,UNR,12.5 KV,EGEITABO,19.825009,-70.7307207,,,,unmatched,0.0
MONTECRISTI 138 kV,RETIRO,138 KV,EDENORTE,19.842559,-71.628481,WMONTE,MONTECRISTI,bus_name,fuzzy,0.5
PARQUE EOLICO LOS GUZMANCITOS II,GENERACION,138,POSEIDON,19.86776272,-70.81626657,WLGUZE,PARQUE EÓLICO LOS GUZMANCITOS 2,generator_name,fuzzy,0.5
LOS GUZMANCITOS,GENERACION,138,POSEIDON,19.868048,-70.816554,WLGUZE,PARQUE EÓLICO LOS GUZMANCITOS 2,generator_name,fuzzy,1.0
LUPERON,RETIRO,69 KV,EDENORTE,19.885271,-70.961651,WLUPEF,LUPERÓN,bus_name,exact,1.0
